ImageId,EncodedPixels
0114f484a16c152baa2d82fdd43740880a762c93f436c8988ac461c5c9dbe7d5,45618 5 45872 9 46127 10 46383 9 46639 8 46896 5
0114f484a16c152baa2d82fdd43740880a762c93f436c8988ac461c5c9dbe7d5,50793 5 51047 9 51302 10 51556 13 51812 13 52067 13 52323 13 52578 14 52835 12 53091 11 53348 9 53605 6
0114f484a16c152baa2d82fdd43740880a762c93f436c8988ac461c5c9dbe7d5,11407 1 11660 6 11915 7 12169 9 12424 10 12680 9 12935 10 13191 9 13447 8 13703 7 13960 5
0114f484a16c152baa2d82fdd43740880a762c93f436c8988ac461c5c9dbe7d5,32145 5 32398 10 32652 13 32907 14 33162 14 33418 14 33673 15 33929 14 34185 13 34441 11 34698 9 34954 8 35213 2
0114f484a16c152baa2d82fdd43740880a762c93f436c8988ac461c5c9dbe7d5,51610 4 51864 6 52119 7 52374 8 52629 8 52884 8 53140 7 53395 8 53651 6 53907 5 54163 4
0114f484a16c152baa2d82fdd43740880a762c93f436c8988ac461c5c9dbe7d5,39078 1 39333 4 39587 6 39841 8 40096 9 40351 9 40608 8 40864 7 41120 7 41377 5 41633 4
0999dab07b11bc85fb8464fc36c947fbd8b5d6ec49817361cb780659ca805eac,50864 1 51383 1 51902 1 52421 2 52940 3 53459 3 53978 4 54497 5 55016 3 55535 2
0999dab07b11bc85fb8464fc36c947fbd8b5d6ec49817361cb780659ca805eac,123005 1 123524 1 124043 1 124562 1 125081 2 125600 2 126119 2 126638 2 127157 2 127676 2 128195 2 128714 2 129233 1
0999dab07b11bc85fb8464fc36c947fbd8b5d6ec49817361cb780659ca805eac,27015 5 27531 9 28048 12 28566 14 29083 16 29600 18 30117 20 30636 20 31154 20 31673 20 32192 19 32711 19 33230 17 33750 15 34269 13 34788 11 35308 9 35828 6
0999dab07b11bc85fb8464fc36c947fbd8b5d6ec49817361cb780659ca805eac,55036 3 55554 5 56072 7 56589 9 57107 11 57627 11 58147 10 58666 10 59186 9 59706 8 60225 9 60745 8 61265 7 61784 6 62303 6 62823 5 63343 4 63862 4 64382 2 64902 1 65421 1
0999dab07b11bc85fb8464fc36c947fbd8b5d6ec49817361cb780659ca805eac,121999 4 122517 7 123036 8 123555 8 124073 10 124592 10 125111 10 125629 11 126148 11 126667 10 127187 9 127706 9 128225 9 128744 9 129263 9 129783 7 130302 7
0999dab07b11bc85fb8464fc36c947fbd8b5d6ec49817361cb780659ca805eac,9393 5 9911 8 10430 9 10949 10 11467 12 11986 13 12505 13 13023 15 13542 15 14061 15 14580 15 15099 14 15618 14 16137 14 16656 13 17175 12 17694 12 18213 11 18732 10 19251 10 19770 9 20290 7 20809 7 21329 5 21849 2
0999dab07b11bc85fb8464fc36c947fbd8b5d6ec49817361cb780659ca805eac,30167 2 30683 9 31200 12 31718 14 32236 15 32755 14 33273 15 33791 15 34310 14 34828 14 35347 13 35865 13 36384 12 36903 11 37421 11 37941 9 38460 7 38981 3
0999dab07b11bc85fb8464fc36c947fbd8b5d6ec49817361cb780659ca805eac,77908 1 78427 3 78946 4 79465 4 79984 5 80503 5 81022 5 81541 6 82060 6 82579 6 83097 7 83616 7 84135 7 84655 6 85174 5 85693 5 86212 5 86732 3 87251 3 87771 2 88290 2
0999dab07b11bc85fb8464fc36c947fbd8b5d6ec49817361cb780659ca805eac,11494 3 12012 5 12531 6 13049 7 13569 7 14089 6 14608 6 15128 6 15647 6 16167 6 16686 6 17206 5 17725 6 18244 6 18764 5 19283 6 19802 6 20321 6 20841 5 21360 5 21880 3
0999dab07b11bc85fb8464fc36c947fbd8b5d6ec49817361cb780659ca805eac,48863 8 49380 12 49898 14 50417 15 50935 15 51454 15 51973 13 52493 10 53016 3
0999dab07b11bc85fb8464fc36c947fbd8b5d6ec49817361cb780659ca805eac,66006 5 66523 9 67041 10 67560 11 68079 11 68597 13 69116 13 69634 14 70153 14 70672 14 71191 14 71710 14 72229 14 72748 14 73268 13 73787 12 74306 12 74826 11 75345 10 75864 10 76383 9 76903 7 77423 5 77943 3
0999dab07b11bc85fb8464fc36c947fbd8b5d6ec49817361cb780659ca805eac,24025 3 24543 6 25061 9 25579 11 26097 13 26600 1 26616 14 27117 5 27134 15 27636 7 27652 16 28154 10 28170 17 28673 34 29192 34 29711 35 30231 34 30750 34 31269 34 31789 33 32308 32 32828 30 33347 14 33370 5 33866 13 34386 11 34906 10 35426 8 35947 5
0999dab07b11bc85fb8464fc36c947fbd8b5d6ec49817361cb780659ca805eac,52558 3 53075 6 53592 9 54110 11 54628 12 55146 12 55664 13 56183 12 56701 13 57220 12 57738 12 58257 12 58776 11 59294 11 59813 11 60332 10 60851 10 61370 9 61888 10 62408 8 62927 7 63447 5 63967 3
0999dab07b11bc85fb8464fc36c947fbd8b5d6ec49817361cb780659ca805eac,95626 3 96143 7 96662 8 97180 10 97700 10 98219 10 98739 10 99258 10 99777 11 100296 12 100816 11 101335 12 101855 11 102375 10 102895 8 103415 7 103937 3
0999dab07b11bc85fb8464fc36c947fbd8b5d6ec49817361cb780659ca805eac,651 18 1170 18 1690 17 2209 16 2729 15 3249 14 3768 14 4288 12 4808 11 5328 9 5848 7 6369 3
0999dab07b11bc85fb8464fc36c947fbd8b5d6ec49817361cb780659ca805eac,114849 2 115364 11 115881 16 116399 19 116918 20 117436 21 117954 22 118473 22 118993 20 119513 17 120036 10
0999dab07b11bc85fb8464fc36c947fbd8b5d6ec49817361cb780659ca805eac,83743 5 84261 8 84779 10 85298 10 85816 11 86335 12 86854 12 87373 12 87892 13 88411 13 88929 14 89448 14 89966 14 90484 14 91002 13 91520 12 92034 15 92549 17 93065 19 93582 20 94099 22 94617 23 95135 23 95654 23 96174 22 96693 22 97212 22 97732 20 98252 19 98771 18 99292 15 99812 12 100334 7
0999dab07b11bc85fb8464fc36c947fbd8b5d6ec49817361cb780659ca805eac,688 13 1208 12 1727 12 2247 11 2766 11 3285 12 3805 11 4325 10 4844 10 5364 10 5883 10 6403 10 6923 9 7443 9 7962 9 8482 8 9002 6 9523 4
0999dab07b11bc85fb8464fc36c947fbd8b5d6ec49817361cb780659ca805eac,60388 7 60906 10 61423 13 61942 13 62460 15 62979 15 63497 15 64016 14 64536 11 65055 9 65576 2
0999dab07b11bc85fb8464fc36c947fbd8b5d6ec49817361cb780659ca805eac,92073 6 92590 9 93108 12 93627 13 94146 14 94666 14 95185 14 95704 15 96223 16 96743 16 97262 16 97782 16 98301 16 98821 15 99341 14 99860 14 100380 13 100900 12 101419 11 101939 10 102460 7 102981 3
0999dab07b11bc85fb8464fc36c947fbd8b5d6ec49817361cb780659ca805eac,37593 1 38109 7 38627 10 39145 11 39664 12 40182 13 40701 13 41219 13 41738 13 42257 12 42775 12 43293 13 43812 12 44331 10 44851 8 45372 3
0999dab07b11bc85fb8464fc36c947fbd8b5d6ec49817361cb780659ca805eac,65615 1 66132 5 66650 8 67168 9 67687 9 68205 11 68724 11 69243 12 69763 11 70282 11 70801 11 71320 11 71839 11 72358 11 72877 11 73396 11 73915 11 74434 11 74953 11 75472 11 75991 11 76510 10 77029 10 77548 10 78067 9 78586 9 79106 8 79625 7 80144 7 80663 6 81184 2
0999dab07b11bc85fb8464fc36c947fbd8b5d6ec49817361cb780659ca805eac,750 21 1269 21 1787 22 2306 22 2826 21 3346 19 3865 19 4384 19 4904 18 5423 18 5943 17 6462 17 6981 16 7501 15 8020 15 8539 14 9059 13 9578 12 10097 11 10617 10 11136 9 11656 6
0999dab07b11bc85fb8464fc36c947fbd8b5d6ec49817361cb780659ca805eac,116513 1 117029 6 117547 7 118064 9 118582 11 119101 11 119619 12 120137 13 120655 14 121173 15 121691 16 122209 17 122727 18 123245 19 123763 20 124282 21 124801 22 125319 24 125838 26 126357 30 126877 33 127396 35 127916 36 128435 37 128980 12 129500 11 130020 10 130539 11
0999dab07b11bc85fb8464fc36c947fbd8b5d6ec49817361cb780659ca805eac,31905 6 32423 10 32942 12 33461 13 33980 14 34499 15 35019 15 35538 15 36057 15 36576 16 37096 14 37615 14 38135 12 38654 10 39176 5
0999dab07b11bc85fb8464fc36c947fbd8b5d6ec49817361cb780659ca805eac,87444 8 87962 11 88480 14 88999 16 89518 17 90037 17 90556 17 91076 16 91596 14 92116 13 92636 11 93157 8
0999dab07b11bc85fb8464fc36c947fbd8b5d6ec49817361cb780659ca805eac,55801 7 56318 12 56835 16 57352 19 57871 21 58389 22 58908 23 59427 24 59947 23 60466 23 60986 22 61505 22 62025 21 62546 18 63067 15 63588 11 64110 5
0999dab07b11bc85fb8464fc36c947fbd8b5d6ec49817361cb780659ca805eac,26764 8 27281 12 27798 15 28316 16 28834 18 29352 19 29870 20 30389 20 30907 20 31426 20 31945 20 32463 20 32983 19 33502 18 34021 17 34541 16 35060 14 35580 12 36101 7
0999dab07b11bc85fb8464fc36c947fbd8b5d6ec49817361cb780659ca805eac,82296 4 82813 9 83331 12 83850 14 84369 15 84888 16 85407 18 85927 17 86446 18 86966 16 87487 14 88008 10
0999dab07b11bc85fb8464fc36c947fbd8b5d6ec49817361cb780659ca805eac,116048 4 116565 8 117083 11 117602 12 118120 14 118639 14 119158 15 119676 17 120196 16 120715 17 121234 18 121754 17 122274 16 122795 14 123316 12 123837 10 124357 8 124877 6 125397 3 125917 1
0999dab07b11bc85fb8464fc36c947fbd8b5d6ec49817361cb780659ca805eac,848 12 1367 12 1886 13 2404 15 2922 17 3440 18 3959 18 4478 19 4996 20 5515 20 6034 20 6554 19 7073 18 7593 16 8113 14 8633 12 9153 11 9672 10 10191 10 10710 10 11229 10 11748 10 12267 10 12786 10 13304 12 13823 12 14341 14 14859 16 15378 17 15897 18 16415 19 16934 20 17453 20 17972 20 18491 19 19010 19 19529 19 20049 17 20568 17 21088 15 21607 15 22127 13 22648 9 23169 4
0999dab07b11bc85fb8464fc36c947fbd8b5d6ec49817361cb780659ca805eac,73521 2 74038 7 74555 11 75072 14 75590 15 76107 17 76625 19 77144 19 77662 20 78180 20 78698 21 79217 21 79735 21 80253 22 80772 21 81291 20 81809 20 82328 18 82847 17 83366 15 83885 13 84405 10 84927 3
0999dab07b11bc85fb8464fc36c947fbd8b5d6ec49817361cb780659ca805eac,103106 3 103622 9 104140 12 104659 13 105178 13 105696 15 106215 15 106734 15 107253 15 107772 15 108290 15 108809 15 109328 14 109847 14 110366 13 110885 12 111404 11 111925 7 112446 1
0999dab07b11bc85fb8464fc36c947fbd8b5d6ec49817361cb780659ca805eac,43423 8 43940 13 44458 16 44976 18 45495 19 46013 20 46532 20 47051 19 47569 20 48089 18 48608 16 49129 10
0999dab07b11bc85fb8464fc36c947fbd8b5d6ec49817361cb780659ca805eac,128559 5 129078 6 129596 7 130115 7 130633 8
0999dab07b11bc85fb8464fc36c947fbd8b5d6ec49817361cb780659ca805eac,12839 5 13355 9 13873 11 14391 12 14909 13 15427 14 15945 15 16463 16 16982 16 17500 16 18019 16 18537 16 19056 16 19575 15 20094 14 20613 14 21131 14 21651 12 22170 10 22691 6
0999dab07b11bc85fb8464fc36c947fbd8b5d6ec49817361cb780659ca805eac,92778 5 93295 9 93814 11 94333 11 94852 12 95371 12 95890 13 96409 13 96928 13 97447 12 97966 12 98484 13 99003 13 99522 12 100040 13 100558 13 101076 11 101589 8 102104 10 102621 11 103139 11 103657 11 104176 11 104694 11 105213 11 105731 11 106250 10 106769 10 107288 9 107806 10 108325 9 108843 10 109362 10 109881 9 110400 9 110919 8 111437 9 111956 9 112476 6 112995 4
0999dab07b11bc85fb8464fc36c947fbd8b5d6ec49817361cb780659ca805eac,920 18 1440 16 1959 16 2478 16 2997 15 3517 14 4037 13 4557 11 5078 8 5599 3
0999dab07b11bc85fb8464fc36c947fbd8b5d6ec49817361cb780659ca805eac,116675 1 117192 5 117709 7 118227 8 118746 7 119264 8 119783 8 120301 9 120819 9 121338 9 121857 9 122375 9 122894 9 123413 9 123931 10 124450 9 124968 10 125487 9 126006 9 126525 8 127043 8 127562 8 128081 7 128600 7 129118 8 129637 7 130157 5 130676 5
0999dab07b11bc85fb8464fc36c947fbd8b5d6ec49817361cb780659ca805eac,49720 6 50236 11 50754 13 51271 16 51789 18 52308 19 52827 19 53346 19 53865 18 54385 15 54906 11
0999dab07b11bc85fb8464fc36c947fbd8b5d6ec49817361cb780659ca805eac,22739 2 23255 7 23772 10 24290 12 24808 13 25327 14 25846 14 26364 15 26883 15 27402 14 27920 15 28439 14 28958 14 29476 15 29995 15 30514 14 31033 13 31552 13 32071 12 32590 10 33109 8 33631 2
0999dab07b11bc85fb8464fc36c947fbd8b5d6ec49817361cb780659ca805eac,69471 8 69985 16 70502 21 71022 21 71541 21 72062 18 72583 14 73108 5
0999dab07b11bc85fb8464fc36c947fbd8b5d6ec49817361cb780659ca805eac,112036 1 112552 7 113070 10 113587 14 114106 14 114625 15 115145 15 115664 15 116184 15 116704 14 117224 13 117745 12 118265 11 118786 9 119306 8 119827 6 120348 4 120869 2
0999dab07b11bc85fb8464fc36c947fbd8b5d6ec49817361cb780659ca805eac,973 14 1492 13 2010 14 2529 14 3049 13 3568 12 4088 11 4607 10 5127 9 5647 6 6168 2
0999dab07b11bc85fb8464fc36c947fbd8b5d6ec49817361cb780659ca805eac,84033 4 84550 10 85068 13 85587 15 86106 16 86625 17 87144 19 87664 19 88184 20 88703 21 89223 22 89743 22 90262 23 90781 22 91300 19 91819 16 92338 15 92857 14 93376 13 93895 12 94414 12 94932 13 95450 13 95968 14 96486 15 97003 17 97519 19 98034 23 98550 24 99071 21 99592 17 100114 11
0999dab07b11bc85fb8464fc36c947fbd8b5d6ec49817361cb780659ca805eac,28501 2 29017 8 29534 12 30052 14 30080 3 30570 16 30596 8 31088 36 31607 12 31625 18 32125 12 32145 18 32643 12 32665 17 33162 12 33185 16 33681 12 33704 16 34200 12 34223 16 34718 13 34742 16 35237 13 35261 16 35755 15 35779 17 36274 16 36297 18 36793 17 36815 19 37312 41 37831 10 37849 23 38353 3 38369 21 38889 19 39410 15 39931 10 40454 1
0a849e0eb15faa8a6d7329c3dd66aabe9a294cccb52ed30a90c8ca99092ae732,13058 1 13314 1 13570 2 13826 3 14082 4 14338 5 14594 5 14850 5 15106 6 15362 6 15618 6 15874 6 16130 6 16386 6 16642 6 16898 6 17154 5 17410 4 17666 3 17922 3 18178 3 18434 4 18690 5 18946 6 19202 4 19458 2
0a849e0eb15faa8a6d7329c3dd66aabe9a294cccb52ed30a90c8ca99092ae732,33794 2 34050 3 34306 3 34562 3 34818 4 35074 4 35330 4 35586 4 35842 4 36098 4 36354 4 36610 3 36866 3 37122 2 37378 1
0a849e0eb15faa8a6d7329c3dd66aabe9a294cccb52ed30a90c8ca99092ae732,52772 2 53025 7 53280 8 53535 10 53791 10 54046 11 54302 11 54558 11 54813 7 54824 2 55069 6 55081 2 55325 5 55338 2 55594 4 55851 5 56107 8 56363 8 56618 9 56873 10 57127 12 57383 12 57640 11 57896 11 58152 11 58411 8 58672 4 58929 4 59186 3 59442 3 59698 3 59954 4 60210 4 60466 5 60722 4 60978 3 61234 3 61490 3 61746 2
0a849e0eb15faa8a6d7329c3dd66aabe9a294cccb52ed30a90c8ca99092ae732,2086 3 2339 8 2595 8 2856 4 3114 2 3371 2 3628 2 3884 3 4141 3 4397 3 4653 4 4909 4 5165 4 5420 5 5676 4 5931 5 6186 5 6440 5 6694 4
0a849e0eb15faa8a6d7329c3dd66aabe9a294cccb52ed30a90c8ca99092ae732,29477 2 29732 4 29987 6 30243 6 30499 6 30755 7 31012 6 31268 7 31524 7 31780 7 32036 7 32295 1
0a849e0eb15faa8a6d7329c3dd66aabe9a294cccb52ed30a90c8ca99092ae732,13871 1 14126 2 14381 2 14636 3 14892 3 15147 3 15402 2 15653 5 15909 4
0a849e0eb15faa8a6d7329c3dd66aabe9a294cccb52ed30a90c8ca99092ae732,37674 3 37930 4 38185 5 38441 5 38696 6 38952 6 39209 4 39466 3 39722 2 39978 1 40234 1
0a849e0eb15faa8a6d7329c3dd66aabe9a294cccb52ed30a90c8ca99092ae732,21554 3 21808 5 22065 4 22321 4 22577 4 22834 3
0a849e0eb15faa8a6d7329c3dd66aabe9a294cccb52ed30a90c8ca99092ae732,50738 8 50995 7 51252 6 51510 4 51767 2
0a849e0eb15faa8a6d7329c3dd66aabe9a294cccb52ed30a90c8ca99092ae732,38720 4 38976 5 39232 5 39488 5 39745 5 40002 4 40258 4 40514 5 40770 4 41026 4 41281 5 41537 4 41792 5 42048 4 42303 4 42558 4 42813 4 43069 2
0a849e0eb15faa8a6d7329c3dd66aabe9a294cccb52ed30a90c8ca99092ae732,26693 2 26947 6 27203 7 27459 8 27715 8 27971 8 28227 8 28483 9 28738 10 28994 8
0a849e0eb15faa8a6d7329c3dd66aabe9a294cccb52ed30a90c8ca99092ae732,27767 6 28022 10 28277 13 28532 16 28788 16 29044 16 29300 15 29556 15 29812 14 30068 13 30325 11 30582 9 30840 6 31098 1
0a849e0eb15faa8a6d7329c3dd66aabe9a294cccb52ed30a90c8ca99092ae732,5753 3 6008 5 6263 9 6519 11 6775 12 7031 11 7287 11 7543 11 7799 11 8055 11 8311 11 8568 10 8825 9 9082 7 9340 4
0a849e0eb15faa8a6d7329c3dd66aabe9a294cccb52ed30a90c8ca99092ae732,20876 7 21130 10 21385 12 21641 13 21896 14 22151 16 22407 16 22663 15 22919 15 23175 14 23431 13 23688 11 23945 8
0a849e0eb15faa8a6d7329c3dd66aabe9a294cccb52ed30a90c8ca99092ae732,3216 4 3471 6 3727 6 3983 7 4239 8 4496 9 4752 10 5009 10 5265 11 5522 11 5778 12 6035 12 6292 12 6549 12 6808 9 7067 6 7324 5 7582 2
0a849e0eb15faa8a6d7329c3dd66aabe9a294cccb52ed30a90c8ca99092ae732,14233 5 14488 5 14743 6 14998 7
0a849e0eb15faa8a6d7329c3dd66aabe9a294cccb52ed30a90c8ca99092ae732,412 11 670 8 929 3
0a849e0eb15faa8a6d7329c3dd66aabe9a294cccb52ed30a90c8ca99092ae732,10407 5 10658 11 10913 13 11168 14 11425 13 11682 13 11939 12 12195 11 12452 10 12708 10 12968 4
0a849e0eb15faa8a6d7329c3dd66aabe9a294cccb52ed30a90c8ca99092ae732,30380 3 30635 6 30890 8 31146 9 31401 10 31657 11 31913 11 32169 12 32425 12 32681 13 32937 13 33193 13 33449 13 33705 14 33962 12 34219 9 34476 6 34735 1
0a849e0eb15faa8a6d7329c3dd66aabe9a294cccb52ed30a90c8ca99092ae732,22701 5 22956 10 23212 13 23468 15 23724 15 23980 15 24236 16 24492 16 24748 17 25005 15 25261 15 25517 13 25774 10 26031 7 26288 4
0a849e0eb15faa8a6d7329c3dd66aabe9a294cccb52ed30a90c8ca99092ae732,16566 4 16820 6 17074 9 17329 11 17583 14 17839 14 18095 14 18351 14 18607 14 18866 10 19123 8 19381 4
0a849e0eb15faa8a6d7329c3dd66aabe9a294cccb52ed30a90c8ca99092ae732,6072 4 6327 6 6582 8 6838 9 7094 14 7112 1 7351 17 7608 15 7865 13 8122 11 8378 4 8635 1
0a849e0eb15faa8a6d7329c3dd66aabe9a294cccb52ed30a90c8ca99092ae732,452 13 707 14 963 13 1219 12 1476 10 1735 6 1994 1
0a849e0eb15faa8a6d7329c3dd66aabe9a294cccb52ed30a90c8ca99092ae732,26324 5 26579 7 26833 11 27087 14 27344 15 27600 15 27857 14 28113 14 28369 14 28626 13 28882 12 29139 11 29396 9 29653 7
0a849e0eb15faa8a6d7329c3dd66aabe9a294cccb52ed30a90c8ca99092ae732,40664 4 40916 11 41171 14 41427 15 41682 17 41938 17 42194 17 42450 16 42706 16 42962 16 43218 16 43474 16 43730 16 43987 15 44244 14 44501 12 44757 11 45015 7 45273 3
0a849e0eb15faa8a6d7329c3dd66aabe9a294cccb52ed30a90c8ca99092ae732,8152 8 8407 10 8663 11 8919 13 9175 14 9430 15 9686 15 9941 16 10197 16 10454 16 10710 16 10966 16 11223 14 11479 14 11736 12 11992 12 12249 9 12505 8 12761 7 13017 7 13273 7 13528 8 13783 9 14042 6 14301 4 14559 3 14817 2 15074 2 15331 2 15588 4 15844 6 16101 6 16358 6 16614 6 16870 6 17126 6 17382 6 17638 6 17875 2 17893 7 18132 3 18148 8 18391 4 18403 8 18651 16 18908 15 19165 13 19422 12 19679 11 19935 11 20191 1 20200 2 20457 2 20714 2 20970 3 20979 3 21226 12 21482 13 21738 13 21994 13 22250 14 22506 14 22762 14 23018 14 23274 14 23530 14 23786 13 24043 12 24299 10 24556 8 24814 5 25072 1
0a849e0eb15faa8a6d7329c3dd66aabe9a294cccb52ed30a90c8ca99092ae732,2786 5 3041 8 3296 10 3551 11 3807 12 4062 13 4318 13 4573 15 4830 14 5087 13 5345 10 5603 6
0a849e0eb15faa8a6d7329c3dd66aabe9a294cccb52ed30a90c8ca99092ae732,32497 3 32746 10 33000 11 33253 14 33507 15 33762 16 34018 16 34274 16 34530 15 34787 14 35044 13 35300 13 35556 12 35816 6
0a849e0eb15faa8a6d7329c3dd66aabe9a294cccb52ed30a90c8ca99092ae732,61410 6 61667 7 61924 6 62180 7 62436 7 62693 7 62950 3
0a849e0eb15faa8a6d7329c3dd66aabe9a294cccb52ed30a90c8ca99092ae732,48618 1 48872 8 49126 11 49381 13 49637 14 49893 15 50149 15 50405 16 50661 16 50917 16 51173 16 51430 12 51686 11 51943 9 52200 7 52457 5
0a849e0eb15faa8a6d7329c3dd66aabe9a294cccb52ed30a90c8ca99092ae732,38896 4 39149 11 39403 14 39658 17 39914 18 40170 18 40425 19 40681 19 40937 20 41194 19 41451 18 41708 2 41713 12 41971 10 42230 6 42488 3
0a849e0eb15faa8a6d7329c3dd66aabe9a294cccb52ed30a90c8ca99092ae732,8440 1 8694 5 8948 8 9204 9 9459 12 9715 13 9971 13 10227 13 10483 13 10739 13 10995 13 11251 13 11507 13 11764 12 12020 12 12277 11 12535 9 12792 8 13050 5
0e132f71c8b4875c3c2dd7a22997468a3e842b46aa9bd47cf7b0e8b7d63f0925,28681 5 28936 8 29191 10 29448 10 29705 10 29962 8 30220 6 30477 4 30734 3
0e132f71c8b4875c3c2dd7a22997468a3e842b46aa9bd47cf7b0e8b7d63f0925,48138 5 48393 7 48648 9 48903 10 49159 10 49415 9 49671 9 49928 7 50185 5 50442 3
0e132f71c8b4875c3c2dd7a22997468a3e842b46aa9bd47cf7b0e8b7d63f0925,10028 6 10279 13 10534 15 10789 17 11046 17 11303 17 11562 14 11821 10 12080 6 12339 1
0e132f71c8b4875c3c2dd7a22997468a3e842b46aa9bd47cf7b0e8b7d63f0925,35636 5 35891 7 36147 8 36402 10 36658 10 36914 10 37171 9 37427 8 37684 6 37941 3
0e132f71c8b4875c3c2dd7a22997468a3e842b46aa9bd47cf7b0e8b7d63f0925,46141 3 46395 6 46651 7 46906 9 47162 9 47418 10 47674 10 47930 10 48188 8 48447 4 48705 1
0e132f71c8b4875c3c2dd7a22997468a3e842b46aa9bd47cf7b0e8b7d63f0925,20288 3 20544 6 20800 8 21056 9 21312 10 21568 10 21824 11 22081 10 22337 9 22594 8 22851 6 23108 4
0ed3555a4bd48046d3b63d8baf03a5aa97e523aa483aaa07459e7afa39fb96c6,34820 3 35074 6 35330 7 35586 7 35842 7 36098 6 36354 2 36611 1
0ed3555a4bd48046d3b63d8baf03a5aa97e523aa483aaa07459e7afa39fb96c6,58383 1 58637 5 58891 8 59147 8 59402 9 59658 8 59914 8 60171 7 60428 6 60685 4
0ed3555a4bd48046d3b63d8baf03a5aa97e523aa483aaa07459e7afa39fb96c6,28787 3 29042 5 29297 6 29554 5 29811 3
0ed3555a4bd48046d3b63d8baf03a5aa97e523aa483aaa07459e7afa39fb96c6,31867 4 32122 6 32378 6 32634 5 32891 3
0ed3555a4bd48046d3b63d8baf03a5aa97e523aa483aaa07459e7afa39fb96c6,39865 3 40120 4 40375 5 40631 5 40887 4 41145 2
0ed3555a4bd48046d3b63d8baf03a5aa97e523aa483aaa07459e7afa39fb96c6,38337 1 38591 4 38846 6 39102 6 39358 5
0ed3555a4bd48046d3b63d8baf03a5aa97e523aa483aaa07459e7afa39fb96c6,41429 4 41684 5 41938 7 42195 8 42451 7 42708 4
0ed3555a4bd48046d3b63d8baf03a5aa97e523aa483aaa07459e7afa39fb96c6,44757 4 45011 6 45266 7 45522 7 45778 7 46035 7 46291 8 46548 6 46805 4
0ed3555a4bd48046d3b63d8baf03a5aa97e523aa483aaa07459e7afa39fb96c6,44011 2 44265 5 44515 11 44770 12 45026 14 45281 15 45537 15 45794 2 45802 6 46059 5 46316 4 46572 4 46829 1
0ed3555a4bd48046d3b63d8baf03a5aa97e523aa483aaa07459e7afa39fb96c6,40167 3 40422 4 40678 4 40933 5 41189 4 41446 2
0ed3555a4bd48046d3b63d8baf03a5aa97e523aa483aaa07459e7afa39fb96c6,37358 4 37612 6 37868 6 38125 6 38382 5
0ed3555a4bd48046d3b63d8baf03a5aa97e523aa483aaa07459e7afa39fb96c6,35316 1 35571 3 35827 4 36083 4 36339 4 36595 4 36851 5 37109 3 37366 2
0f1f896d9ae5a04752d3239c690402c022db4d72c0d2c087d73380896f72c466,51723 1 52235 1 52747 2 53258 5 53770 7 54281 11 54794 16 55306 17 55818 18 56331 18 56843 18 57355 18 57868 17 58380 16 58892 16 59404 16 59916 17 60428 17 60940 17 61453 17 61965 17 62478 17 62992 16 63507 15 64022 15 64536 20 65050 19 65563 18 66077 17 66591 15 67104 15 67617 14 68130 13 68643 13 69156 12 69669 12 70182 11 70697 8
0f1f896d9ae5a04752d3239c690402c022db4d72c0d2c087d73380896f72c466,248371 2 248879 6 249389 7 249898 10 250407 12 250917 14 251428 11 251939 9 252450 7 252961 6 253472 6 253984 5 254496 3
0f1f896d9ae5a04752d3239c690402c022db4d72c0d2c087d73380896f72c466,180337 8 180846 12 181304 2 181356 15 181816 2 181866 18 182327 4 182376 21 182839 4 182886 24 183350 5 183396 27 183863 5 183905 31 184376 4 184415 34 184889 4 184924 38 185401 5 185433 42 185914 5 185941 47 186427 6 186447 53 186940 8 186953 58 187453 70 187966 68 188478 68 188991 40 189039 18 189503 37 189554 15 190015 35 190069 12 190528 32 190583 9 191040 30 191096 8 191552 29 191609 5 192064 28 192123 2 192576 27 193088 26 193600 25 194112 24 194624 23 195136 22 195647 22 196159 21 196671 19 197182 19 197694 18 198206 17 198718 16 199232 14 199748 9 200263 6 200777 3 201291 1
0f1f896d9ae5a04752d3239c690402c022db4d72c0d2c087d73380896f72c466,25707 2 26217 4 26727 5 27238 6 27749 6 28260 7 28771 8 29282 8 29793 9 30304 10 30815 11 31326 12 31837 13 32348 14 32859 14 33370 15 33882 15 34393 16 34905 16 35416 17 35928 17 36439 18 36951 18 37462 19 37973 19 38484 20 38994 20 39505 19 40016 18 40528 17 41042 14 41563 3
0f1f896d9ae5a04752d3239c690402c022db4d72c0d2c087d73380896f72c466,254104 1 254616 2 255128 3 255640 4 256152 4 256665 4 257177 4 257689 4 258201 4 258713 4 259226 3 259738 2 260251 1
0f1f896d9ae5a04752d3239c690402c022db4d72c0d2c087d73380896f72c466,204961 8 205471 13 205982 15 206494 15 207006 16 207518 17 208030 18 208542 18 209054 19 209566 19 210078 19 210590 19 211102 19 211614 19 212126 18 212638 18 213150 18 213663 17 214175 17 214687 17 215200 16 215712 16 216224 16 216735 17 217247 17 217759 17 218271 16 218783 16 219295 16 219807 15 220319 15 220831 15 221344 13 221856 13 222368 12 222881 10 223394 8 223907 5 224420 3
0f1f896d9ae5a04752d3239c690402c022db4d72c0d2c087d73380896f72c466,14540 1 15052 1 15563 3 16075 3 16586 4 17096 6 17606 9 18116 11 18626 13 19137 15 19648 16 20160 17 20671 18 21182 13 21693 11 22205 9 22716 9 23228 8 23740 8 24258 1
0f1f896d9ae5a04752d3239c690402c022db4d72c0d2c087d73380896f72c466,62691 1 63202 2 63714 2 64225 3 64735 4 65246 4 65757 4 66268 4 66780 3 67291 3 67802 3 68314 3 68825 3 69337 2 69848 1
0f1f896d9ae5a04752d3239c690402c022db4d72c0d2c087d73380896f72c466,199402 2 199913 9 200425 10 200936 12 201448 13 201959 15 202471 16 202983 16 203495 17 204007 17 204519 18 205031 18 205076 1 205543 18 205589 1 206055 19 206101 1 206567 19 206613 2 207080 18 207125 2 207592 19 207637 3 208104 19 208149 3 208616 20 208661 4 209128 21 209173 4 209640 21 209684 6 210153 21 210196 7 210665 22 210708 7 211178 22 211219 8 211690 23 211731 6 212203 23 212242 4 212716 24 212752 4 213230 25 213261 6 213743 35 214256 33 214768 33 215281 31 215793 31 216305 30 216818 29 217330 29 217842 28 218354 28 218866 28 219377 29 219889 29 220401 29 220912 29 221424 28 221935 28 222445 29 222947 1 222954 17 222974 11 223457 23 223489 6 223968 22 224003 1 224479 22 224990 22 225501 23 226013 22 226524 23 227036 23 227547 23 228059 23 228570 24 229081 25 229593 25 230107 23 230620 22 231132 23 231645 22 232158 21 232675 16 233190 13 233706 10 234221 7 234736 4
0f1f896d9ae5a04752d3239c690402c022db4d72c0d2c087d73380896f72c466,790 15 1302 13 1813 11 2327 7
0f1f896d9ae5a04752d3239c690402c022db4d72c0d2c087d73380896f72c466,130383 1 130895 2 131408 2 131920 3 132432 5 132944 6 133456 8 133968 10 134480 11 134992 12 135504 13 136016 14 136528 14 137040 15 137552 15 138064 16 138576 16 139088 17 139571 2 139600 17 140084 2 140112 18 140596 3 140624 18 141108 4 141136 19 141620 5 141647 21 142132 6 142159 21 142644 7 142671 22 143156 8 143182 23 143668 9 143694 24 144179 11 144205 26 144691 13 144715 28 145203 16 145224 32 145715 54 146228 54 146740 54 147252 55 147765 54 148278 54 148790 55 149303 54 149816 54 150329 53 150842 53 151354 54 151867 53 152379 54 152892 53 153404 54 153916 55 154429 54 154941 55 155453 56 155965 57 156477 58 156988 60 157500 61 158012 61 158523 63 159035 39 159080 19 159546 37 159595 17 160057 36 160109 16 160568 36 160622 16 161078 37 161135 16 161588 39 161647 17 162097 41 162160 17 162607 43 162672 18 163100 2 163117 45 163185 18 163613 4 163626 47 163697 19 164125 55 164210 18 164637 52 164722 19 165150 49 165234 19 165662 47 165754 11 166174 46 166269 8 166687 45 166783 6 167199 44 167296 5 167711 44 167810 3 168224 43 168736 42 169249 41 169761 41 170273 40 170786 39 171298 39 171811 39 172323 39 172836 38 173348 39 173861 38 174374 37 174887 37 175399 37 175912 37 176424 37 176937 37 177449 38 177962 38 178474 39 178987 39 179499 39 180011 40 180524 40 181036 40 181548 41 182060 41 182571 43 183083 44 183595 45 184088 1 184106 47 184601 1 184618 48 185113 2 185129 49 185625 4 185639 52 186138 6 186148 55 186651 65 187163 65 187676 65 188188 65 188701 65 189214 64 189726 65 190239 64 190751 65 191264 64 191776 65 192289 63 192801 61 193314 59 193826 58 194339 48 194851 45 195363 43 195876 41 196388 40 196900 40 197413 38 197925 38 198438 37 198951 35 199464 34 199977 33 200490 33 201003 32 201516 31 202030 29 202543 28 203056 28 203570 26 204083 25 204596 25 205109 24 205622 24 206135 23 206648 23 207161 23 207674 23 208187 23 208701 21 209215 20 209729 19 210243 18 210757 17 211270 16 211783 16 212295 16 212808 16 213321 15 213834 14 214347 13 214860 12 215373 12 215886 11 216399 9 216912 8 217425 6 217939 4 218452 3 218965 1
0f1f896d9ae5a04752d3239c690402c022db4d72c0d2c087d73380896f72c466,34103 1 34615 2 35126 4 35637 5 36148 7 36659 10 37169 13 37679 16 38189 20 38698 24 39207 28 39720 28 40232 28 40745 27 41259 26 41774 23 42289 20 42803 19 43317 16 43832 12 44346 9 44859 7 45372 5 45885 4 46398 2
0f1f896d9ae5a04752d3239c690402c022db4d72c0d2c087d73380896f72c466,53134 3 53645 5 54156 6 54667 8 55178 10 55690 10 56201 10 56712 11 57223 12 57734 12 58246 12 58757 13 59269 13 59781 13 60293 13 60805 13 61317 13 61829 13 62314 1 62341 13 62825 2 62852 14 63337 2 63364 15 63849 3 63876 15 64360 4 64387 16 64872 5 64899 16 65383 6 65411 16 65895 7 65922 18 66406 8 66434 18 66918 9 66945 18 67430 10 67456 19 67941 13 67966 21 68453 16 68475 23 68965 45 69477 45 69989 44 70501 44 71013 44 71525 19 71549 19 72036 17 72064 16 72548 15 72578 14 73060 14 73091 13 73572 13 73604 12 74084 13 74116 12 74596 12 74629 11 75107 13 75141 12 75619 12 75654 11 76131 12 76166 11 76643 12 76679 11 77155 11 77191 11 77667 11 77703 11 78180 10 78216 10 78692 10 78728 10 79205 9 79241 9 79717 9 79753 9 80229 10 80265 8 80742 9 80778 7 81254 9 81290 7 81766 9 81803 6 82279 8 82315 5 82791 8 82828 4 83303 8 83340 4 83816 6 83853 3 84328 6 84365 3 84840 5 84878 3 85352 5 85390 3 85865 4 85902 3 86377 3 86415 2 86889 3 86927 3 87402 2 87439 3 87915 1 87951 3 88463 4 88975 4 89487 5 89999 5 90510 7 91022 8 91534 10 92045 13 92557 16 93068 17 93579 18 94090 19 94602 19 95113 20 95624 21 96135 21 96646 22 97138 2 97156 24 97651 3 97666 26 98163 6 98175 29 98675 41 99187 41 99699 41 100212 40 100724 40 101236 40 101748 40 102260 40 102772 40 103285 39 103797 39 104309 38 104821 37 105333 36 105845 36 106358 34 106870 33 107382 33 107894 32 108406 32 108918 32 109430 31 109943 30 110455 30 110967 30 111480 29 111992 29 112505 28 113017 28 113529 28 114042 26 114554 25 115067 23 115579 22 116092 21 116605 19 117118 18 117631 17 118144 15 118657 14 119170 13 119683 12 120196 10 120709 9 121222 8 121736 6 122249 5 122763 3 123277 2 123790 1
0f1f896d9ae5a04752d3239c690402c022db4d72c0d2c087d73380896f72c466,1023 1 1535 1 2046 2 2558 2 3070 2 3581 3 4093 3 4605 3 5117 3 5630 2 6142 2 6654 2 7166 2 7677 3 8189 3 8658 2 8701 3 9170 3 9212 4 9681 5 9724 4 10193 6 10235 5 10706 6 10747 5 11218 6 11259 5 11730 6 11770 6 12243 6 12282 6 12755 6 12793 7 13268 5 13305 7 13780 5 13816 8 14293 4 14328 8 14806 4 14840 8 15318 4 15351 9 15831 3 15863 9 16343 4 16374 10 16855 4 16886 10 17368 4 17397 11 17880 4 17908 12 18393 4 18418 14 18905 5 18928 16 19418 6 19437 19 19930 9 19942 26 20443 15 20464 16 20957 10 20979 13 21470 7 21493 11 21983 5 22006 10 22496 3 22520 8 23009 2 23033 7 23546 6 24059 5 24572 4 25085 3 25597 3 26110 2 26622 2 27134 2 27647 1 28159 1 28671 1 29183 1 29695 1 30207 1 30718 2 31230 2 31742 2 32253 3 32765 3 33276 4 33770 2 33786 6 34283 4 34296 8 34764 1 34795 7 34805 11 35276 2 35307 21 35788 4 35818 22 36300 5 36330 22 36812 6 36842 22 37323 8 37353 23 37835 9 37865 23 38347 11 38376 24 38858 14 38886 26 39370 17 39395 29 39881 55 40392 56 40903 57 41414 58 41924 60 42425 2 42433 63 42936 72 43448 72 43960 72 44471 73 44983 73 45494 74 46006 74 46517 75 47029 75 47541 75 48054 74 48566 74 49078 74 49590 74 50103 73 50615 47 50668 20 51128 43 51183 17 51640 41 51697 15 52153 39 52210 14 52666 37 52723 13 53178 35 53236 12 53691 33 53749 11 54203 32 54262 10 54715 31 54775 9 55228 30 55288 8 55740 29 55801 7 56252 29 56313 7 56765 28 56826 6 57277 27 57338 6 57789 27 57850 6 58301 27 58363 5 58813 27 58875 5 59325 27 59387 5 59837 27 59900 4 60349 27 60412 4 60861 27 60924 4 61373 27 61436 4 61885 27 61948 4 62397 28 62461 3 62909 28 62973 3 63421 28 63486 1 63934 25 64446 23 64959 21 65472 19 65984 17 66497 15 67009 14 67522 12 68034 9 68547 4
1747f62148a919c8feb6d607faeebdf504b5e2ad42b6b1710b1189c37ebcdb2c,186890 2 187400 6 187910 9 188418 14 188930 15 189442 16 189954 18 190466 19 190978 21 191490 21 192002 22 192514 23 193026 24 193538 24 194050 25 194562 26 195074 27 195586 27 196098 28 196610 28 197122 27 197634 27 198146 27 198658 27 199170 27 199682 27 200194 27 200706 27 201218 27 201730 27 202242 27 202754 27 203266 28 203778 28 204290 28 204802 28 205314 28 205826 28 206338 28 206850 27 207362 27 207874 27 208386 26 208898 26 209414 22 209928 20 210442 18 210965 6
1747f62148a919c8feb6d607faeebdf504b5e2ad42b6b1710b1189c37ebcdb2c,144434 6 144944 10 145452 17 145961 22 146473 23 146984 25 147496 27 148008 27 148520 28 149031 29 149543 30 150055 31 150567 31 151079 32 151591 33 152104 33 152616 33 153128 33 153640 32 154152 31 154664 31 155176 30 155689 29 156201 29 156714 28 157227 27 157740 25 158252 23 158767 19 159281 16 159795 13 160308 8
1747f62148a919c8feb6d607faeebdf504b5e2ad42b6b1710b1189c37ebcdb2c,185549 8 186059 11 186568 15 187078 17 187590 18 188102 18 188613 19 189125 19 189636 20 190148 20 190659 21 191171 21 191683 21 192195 22 192706 23 193219 22 193733 21 194247 19 194761 17 195274 17 195787 16 196300 16 196813 15 197326 15 197839 15 197874 7 198351 16 198384 10 198864 16 198894 13 199376 18 199404 16 199889 44 200402 44 200915 44 201428 43 201948 36 202467 29 202981 28 203494 27 204007 25 204520 24 205033 23 205546 22 206058 21 206571 20 207083 19 207595 17 208107 15 208619 13 209131 4 209643 2 210154 2 210666 1 211177 1 211688 1 212199 2 212710 2 213220 4 213730 6 214242 6 214754 6 215266 6 215779 5 216291 5 216805 2
1747f62148a919c8feb6d607faeebdf504b5e2ad42b6b1710b1189c37ebcdb2c,10979 3 11490 9 12001 13 12513 15 13024 17 13535 20 14046 23 14558 24 15069 26 15581 26 16094 25 16607 24 17120 24 17633 23 18146 22 18658 23 19171 22 19687 17 20201 15 20714 10
1747f62148a919c8feb6d607faeebdf504b5e2ad42b6b1710b1189c37ebcdb2c,95484 5 95995 18 96505 22 97016 26 97527 28 98037 32 98548 34 99058 38 99569 40 100081 41 100592 44 101104 45 101615 48 102127 49 102638 50 103150 50 103662 51 104174 51 104686 52 105198 52 105711 51 106223 52 106736 51 107248 51 107760 51 108273 51 108785 51 109298 50 109810 51 110323 50 110835 51 111348 51 111860 52 112372 53 112885 54 113397 58 113909 64 114423 64 114937 63 115451 25 115487 27 115966 18 116001 26 116480 14 116515 25 116994 10 117028 25 117541 25 118054 24 118567 23 119080 23 119592 23 120105 22 120618 22 121130 22 121643 22 122156 20 122669 19 123182 18 123697 14 124211 12 124726 8 125241 2
1747f62148a919c8feb6d607faeebdf504b5e2ad42b6b1710b1189c37ebcdb2c,226615 2 227125 5 227634 9 228143 13 228653 17 229165 19 229676 21 230187 23 230699 23 231210 24 231721 26 232232 27 232743 29 233254 31 233765 32 234256 3 234276 32 234767 6 234786 34 235278 54 235788 56 236299 57 236809 56 237320 53 237831 50 238342 49 238854 48 239366 47 239878 46 240390 46 240901 46 241413 46 241925 46 242437 46 242949 46 243460 47 243977 42 244491 40 245005 38 245519 36 246033 34 246546 33 247059 32 247572 32 248085 31 248598 30 249111 29 249623 30 250136 29 250648 29 251161 28 251673 28 252186 26 252698 26 253211 24 253723 23 254236 22 254749 20 255262 19 255775 17 256289 14 256804 10 257320 4
1747f62148a919c8feb6d607faeebdf504b5e2ad42b6b1710b1189c37ebcdb2c,18713 4 19224 10 19735 13 20247 14 20759 16 21270 21 21782 23 22295 24 22809 26 23322 29 23835 28 24349 27 24863 26 25377 24 25891 22 26405 20 26919 17 27432 16 27952 7 28466 3
1747f62148a919c8feb6d607faeebdf504b5e2ad42b6b1710b1189c37ebcdb2c,56125 3 56636 6 57147 8 57658 10 58168 13 58679 14 59189 17 59699 20 60210 21 60721 23 61233 24 61744 25 62255 27 62766 29 63277 30 63788 31 64300 31 64812 31 65324 31 65836 31 66347 32 66859 32 67370 34 67882 34 68393 36 68905 36 69416 38 69927 39 70438 41 70949 43 71460 44 71971 45 72483 45 72995 45 73506 46 74018 46 74530 46 75041 47 75553 47 76064 48 76576 48 77088 48 77600 48 78112 48 78625 47 79137 47 79650 46 80162 46 80674 46 81187 45 81699 44 82212 43 82724 43 83237 42 83750 40 84263 39 84775 38 85288 37 85800 36 86313 35 86825 35 87338 34 87852 31 88366 28 88879 26 89393 24 89906 22 90420 20 90934 17 91448 15 91963 11 92477 6 92991 1
1747f62148a919c8feb6d607faeebdf504b5e2ad42b6b1710b1189c37ebcdb2c,258411 1 258923 2 259434 5 259946 6 260458 7 260970 8 261482 10 261994 11 262506 12 263018 13 263529 15 264041 16 264553 17 265066 16 265578 17 266090 16 266602 16 267114 15 267626 15 268139 13 268651 13 269164 12 269677 10 270189 10 270702 8
1747f62148a919c8feb6d607faeebdf504b5e2ad42b6b1710b1189c37ebcdb2c,97170 8 97682 10 98193 13 98705 16 99217 18 99729 19 100240 20 100752 20 101264 20 101775 22 102287 22 102798 23 103311 23 103823 23 104336 22 104848 23 105361 22 105873 22 106386 20 106898 19 107411 18 107923 17 108436 16 108948 15 109461 14 109973 13 110486 11 110998 10 111510 9 112022 8 112534 6 113046 4 113559 1
1747f62148a919c8feb6d607faeebdf504b5e2ad42b6b1710b1189c37ebcdb2c,200095 3 200603 11 201114 17 201625 22 202136 36 202648 37 203160 37 203672 38 204184 38 204695 40 205207 41 205719 41 206230 43 206742 44 207254 45 207766 47 208278 48 208789 50 209301 51 209813 52 210326 52 210839 52 211352 52 211866 51 212379 50 212892 50 213407 47 213921 45 214437 41 214952 39 215466 37 215979 36 216492 35 217005 34 217519 33 218032 32 218546 30 219059 28 219573 26 220086 25 220601 22 221118 16 221641 5 222155 2
1747f62148a919c8feb6d607faeebdf504b5e2ad42b6b1710b1189c37ebcdb2c,150959 17 151470 20 151981 23 152493 24 153004 26 153516 26 154028 27 154539 29 155051 29 155562 31 156074 31 156586 30 157098 30 157610 29 158123 28 158635 27 159148 26 159660 26 160174 24 160688 21 161201 20 161715 17 162230 13 162744 10 163257 8 163771 5
1747f62148a919c8feb6d607faeebdf504b5e2ad42b6b1710b1189c37ebcdb2c,184767 9 185277 19 185788 22 186299 25 186811 26 187322 28 187835 28 188347 29 188860 29 189372 29 189884 29 190397 28 190909 27 191422 26 191934 26 192447 25 192960 23 193473 22 193986 2 193997 9
17b9bf4356db24967c4677b8376ac38f826de73a88b93a8d73a8b452e399cdff,3586 1 3607 1 4098 2 4118 3 4610 3 4629 5 5122 6 5138 11 5636 27 6151 25 6664 25 7177 25 7690 25 8203 24 8716 22 9228 22 9740 22 10253 20 10765 20 11277 20 11789 20 12301 20 12813 20 13325 20 13837 20 14348 22 14860 22 15372 22 15883 24 16394 26 16905 28 17416 30 17927 31 18436 35 18946 37 19458 37 19970 38 20482 38 20994 38 21506 39 22018 39 22530 39 23042 40 23554 40 24066 41 24578 41 25090 41 25602 42 26114 42 26626 43 27138 44 27650 44 28162 45 28674 45 29186 46 29698 46 30210 47 30722 45 31234 42 31746 40 32258 39 32770 38 33282 37 33794 37 34306 37 34818 34 35332 30 35847 26 36360 24 36873 22 37386 20 37898 19 38411 16 38931 7
17b9bf4356db24967c4677b8376ac38f826de73a88b93a8d73a8b452e399cdff,53762 1 54274 2 54786 3 55298 4 55810 5 56322 6 56834 8 57346 10 57858 13 58370 16 58882 18 59394 18 59906 18 60418 18 60930 17 61442 17 61956 14 62471 10 62984 8 63497 5 64010 1
17b9bf4356db24967c4677b8376ac38f826de73a88b93a8d73a8b452e399cdff,4670 2 5181 5 5693 7 6204 9 6716 11 7228 13 7739 15 8250 17 8761 19 9272 21 9783 23 10295 25 10808 25 11321 26 11834 26 12348 26 12861 26 13374 26 13887 26 14400 25 14913 25 15426 25 15939 25 16451 27 16964 27 17477 29 17990 30 18503 31 19015 32 19528 32 20041 31 20554 30 21067 29 21580 29 22093 28 22606 27 23119 27 23632 26 24145 26 24658 25 25170 25 25683 25 26196 24 26708 24 27221 23 27734 22 28247 22 28759 21 29272 20 29785 19 30297 19 30810 18 31323 17 31836 16 32349 16 32863 14 33376 13 33889 13 34402 12 34915 12 35429 11 35943 10 36457 9 36970 9 37484 8 37997 7 38510 6 39024 3
17b9bf4356db24967c4677b8376ac38f826de73a88b93a8d73a8b452e399cdff,619 7 1131 7 1643 7 2154 9 2666 9 3178 9 3691 9 4205 7 4718 7 5231 6 5744 6 6257 5 6769 6 7282 5 7795 4 8308 4 8823 2
17b9bf4356db24967c4677b8376ac38f826de73a88b93a8d73a8b452e399cdff,315274 1 315786 2 316298 3 316811 3 317324 5 317837 6 318349 6 318862 5 319374 6 319887 5 320401 3
17b9bf4356db24967c4677b8376ac38f826de73a88b93a8d73a8b452e399cdff,265172 1 265682 4 266193 7 266704 11 267215 16 267726 22 268237 26 268748 31 269258 36 269770 37 270281 40 270793 42 271304 44 271815 46 272326 49 272837 53 273348 57 273859 61 274371 61 274883 61 275395 61 275907 61 276419 61 276932 60 277444 60 277956 60 278469 59 278981 59 279495 57 280008 56 280522 54 281036 52 281550 50 282064 48 282585 39 283100 36 283614 34 284127 4 284140 20 284655 17 285169 15 285682 14 286195 13 286708 12 287220 12 287732 12 288245 11 288757 11 289269 11 289781 11 290293 11 290805 11 291317 11 291829 11 292341 11 292852 12 293364 12 293876 12 294387 13 294899 13 295411 13 295922 14 296434 14 296945 15 297457 15 297968 16 298479 17 298990 18 299501 19 300012 20 300521 21 301038 13 301558 4
17b9bf4356db24967c4677b8376ac38f826de73a88b93a8d73a8b452e399cdff,314864 13 315374 18 315883 21 316389 27 316898 30 317405 35 317917 35 318428 36 318940 36 319452 36 319963 37 320475 37 320987 37 321499 37 322010 38 322522 38 323034 38 323545 39 324056 40 324567 41 325078 42 325587 45 326094 50 326605 51 327117 51 327629 51 328141 51 328652 52 329164 52 329676 52 330188 52 330699 53 331211 53 331723 53 332234 54 332745 55 333257 55 333769 55 334281 55 334793 55 335305 55 335817 55 336329 53 336841 50 337353 48 337866 46 338379 37 338892 33 339405 30 339917 29 340429 28 340942 26 341454 25 341966 24 342478 23 342990 22 343502 21 344014 20 344527 18 345039 18 345551 17 346064 16 346576 16 347088 15 347600 15
17b9bf4356db24967c4677b8376ac38f826de73a88b93a8d73a8b452e399cdff,234978 4 234989 1 235487 17 235997 21 236507 25 237017 29 237527 34 238039 37 238551 41 239062 42 239574 42 240086 42 240597 43 241109 43 241620 44 242132 44 242644 42 243156 39 243668 38 244181 36 244693 35 245205 35 245717 35 246230 33 246742 33 247254 33 247766 33 248279 32 248791 32 249303 32 249816 31 250328 32 250840 32 251353 31 251865 32 252377 33 252890 33 253402 36 253923 27 254438 21 254952 18 255471 10 255986 6 256500 3 257013 2
17b9bf4356db24967c4677b8376ac38f826de73a88b93a8d73a8b452e399cdff,195032 2 195544 2 196056 2 196568 3 197079 4 197591 4 198103 5 198614 7 199126 8 199640 7 200155 7 200173 2 200668 18 201181 15 201694 11 202207 9 202720 7 203233 5 203745 4 204258 3 204770 2 205282 2 205795 1
17b9bf4356db24967c4677b8376ac38f826de73a88b93a8d73a8b452e399cdff,301024 7 301532 8 302044 6
1879f4f4f05e2bada0ffeb46c128b8df7a79b14c84f38c3e216a69653495153b,35593 7 36093 24 36606 26 37119 27 37632 28 38145 29 38657 31 39170 32 39682 34 40206 24 40721 23 41243 15 41758 14 42272 13 42785 13 43298 13 43811 13 44324 13 44837 13 45350 14 45862 15 46380 11 46895 11 47409 12 47922 12 48435 11 48948 10 49461 8 49973 8 50486 6 50998 6 51510 5 52023 3 52535 3 53047 2 53559 2 54071 2 54583 1 55095 1 55607 1 56119 1 56631 1 57143 1 57655 1 58167 1 58678 2 59190 2 59702 2 60213 2 60725 1 61236 2 61747 2 62258 3 62769 4 63280 4 63791 5 64301 7 64811 9 65320 12 65831 13 66342 14 66853 15 67364 16 67874 18 68383 21 68888 28 69400 28 69911 29 70423 28 70935 27 71446 28 71958 27 72470 27 72982 27 73494 26 74006 26 74518 25 75030 25 75542 25 76054 24 76566 24 77078 24 77591 22 78103 22 78615 21 79127 21 79639 20 80151 20 80663 19 81175 19 81687 18 82199 17 82711 16 83223 15 83735 15 84246 15 84758 14 85270 13 85781 13 86293 13 86804 13 87316 13 87827 13 88338 12 88849 12 89360 11 89871 10 90381 9
1879f4f4f05e2bada0ffeb46c128b8df7a79b14c84f38c3e216a69653495153b,157009 3 157520 8 158030 12 158541 16 159053 18 159564 22 160075 28 160586 32 160641 6 161098 36 161145 16 161610 63 162122 64 162635 64 163147 64 163659 65 164171 65 164683 66 165195 67 165707 67 166219 67 166731 67 167243 67 167755 67 168267 68 168778 69 169290 69 169802 70 170314 70 170825 71 171337 72 171849 72 172360 74 172872 75 173383 77 173895 77 174407 77 174918 78 175430 78 175942 78 176454 78 176966 78 177478 78 177990 78 178502 78 179014 78 179526 78 180038 78 180550 78 181062 78 181574 78 182086 78 182598 78 183110 78 183623 77 184135 77 184647 77 185160 76 185672 76 186185 74 186697 74 187209 74 187722 72 188234 72 188747 71 189259 70 189771 70 190284 69 190796 68 191308 68 191820 67 192334 65 192848 63 193362 60 193875 59 194389 57 194903 55 195416 53 195930 51 196443 50 196956 48 197469 47 197982 45 198495 44 199008 43 199521 41 200034 38 200547 36 201060 30 201573 22 202086 18 202599 13 203112 9 203625 2
1879f4f4f05e2bada0ffeb46c128b8df7a79b14c84f38c3e216a69653495153b,105885 1 106397 1 106909 1 107420 2 107932 2 108443 3 108954 3 109465 4 109976 5 110466 1 110487 5 110978 3 110997 7 111489 7 111506 9 112001 26 112512 27 113024 26 113535 27 114046 28 114558 28 115070 27 115582 27 116095 26 116608 25 117120 25 117633 24 118145 24 118658 23 119170 23 119683 22 120196 21 120709 20 121222 19 121734 19 122247 18 122760 17 123272 17 123785 16 124298 15 124810 12 125325 6
1879f4f4f05e2bada0ffeb46c128b8df7a79b14c84f38c3e216a69653495153b,52617 1 53122 9 53634 10 54145 11 54657 12 55168 14 55680 15 56192 16 56705 17 57218 17 57731 17 58244 16 58758 13 59276 5
191b2b2205f2f5cc9da04702c5d422bc249faf8bca1107af792da63cccfba829,37918 4 38172 7 38428 8 38683 9 38938 10 39194 11 39450 11 39706 11 39962 11 40218 10 40474 10 40731 9 40987 9 41244 7 41500 7 41757 5 42014 3
191b2b2205f2f5cc9da04702c5d422bc249faf8bca1107af792da63cccfba829,55379 1 55632 6 55887 8 56141 11 56396 12 56651 13 56906 14 57162 14 57417 14 57673 14 57929 14 58184 14 58440 14 58697 12 58953 11 59210 8 59467 6
191b2b2205f2f5cc9da04702c5d422bc249faf8bca1107af792da63cccfba829,40532 5 40787 7 41042 8 41297 10 41553 10 41809 10 42064 11 42320 11 42576 10 42832 10 43088 9 43345 8 43601 7 43859 3
191b2b2205f2f5cc9da04702c5d422bc249faf8bca1107af792da63cccfba829,21614 1 21868 4 22124 5 22379 6 22635 6 22890 7 23146 7 23402 6 23658 6 23914 6 24170 5 24426 5 24682 4 24939 2
191b2b2205f2f5cc9da04702c5d422bc249faf8bca1107af792da63cccfba829,49300 3 49553 7 49808 9 50064 9 50319 11 50575 10 50831 10 51086 11 51343 9 51599 8 51855 8 52112 6 52368 5 52625 3
191b2b2205f2f5cc9da04702c5d422bc249faf8bca1107af792da63cccfba829,13764 4 14018 7 14273 8 14529 9 14785 9 15041 9 15297 9 15553 9 15809 9 16065 9 16321 8 16578 7 16835 5
191b2b2205f2f5cc9da04702c5d422bc249faf8bca1107af792da63cccfba829,45027 2 45280 6 45534 9 45788 11 46043 13 46299 13 46554 13 46809 14 47065 14 47321 13 47577 13 47833 12 48090 10 48346 8 48603 5
191b2b2205f2f5cc9da04702c5d422bc249faf8bca1107af792da63cccfba829,29427 4 29682 6 29937 8 30192 9 30448 10 30704 10 30960 10 31216 9 31472 9 31729 8 31985 8 32241 7 32498 6 32755 3
1962d0c5faf3e85cda80e0578e0cb7aca50826d781620e5c1c4cc586bc69f81a,521 6 1040 6 1559 7 2078 7 2597 8 3116 8 3635 9 4154 9 4673 9 5192 9 5711 8 6234 2
1962d0c5faf3e85cda80e0578e0cb7aca50826d781620e5c1c4cc586bc69f81a,78379 4 78898 6 79417 7 79936 9 80455 10 80974 10 81493 10 82012 11 82531 11 83050 11
1962d0c5faf3e85cda80e0578e0cb7aca50826d781620e5c1c4cc586bc69f81a,33751 4 34270 6 34788 9 35312 5 35833 4
1962d0c5faf3e85cda80e0578e0cb7aca50826d781620e5c1c4cc586bc69f81a,57115 2 57633 5 58151 8 58669 12 59188 14 59706 16 60226 15 60745 15 61264 16 61783 16 62302 16 62820 17 63339 17 63860 15 64381 13 64901 12 65421 10 65941 9 66460 8 66980 7 67500 5 68019 4 68538 4
1962d0c5faf3e85cda80e0578e0cb7aca50826d781620e5c1c4cc586bc69f81a,565 9 1085 8 1604 8 2123 8 2642 8 3161 8 3680 8 4199 8 4717 10 5236 11 5742 1 5754 12 6261 2 6272 13 6780 4 6790 14 7299 24 7818 24 8337 25 8856 25 9375 12 9894 11 10413 10 10934 7
1962d0c5faf3e85cda80e0578e0cb7aca50826d781620e5c1c4cc586bc69f81a,43639 2 44158 2 44677 2 45196 3 45714 4 46232 5 46751 5 47270 5 47790 5 48309 5 48829 4 49349 3 49870 2 50390 2 50910 1
1962d0c5faf3e85cda80e0578e0cb7aca50826d781620e5c1c4cc586bc69f81a,76863 2 77379 7 77898 8 78417 10 78936 11 79455 12 79973 14 80491 16 81009 17 81529 16 82049 16 82569 15 83088 15
1962d0c5faf3e85cda80e0578e0cb7aca50826d781620e5c1c4cc586bc69f81a,64420 4 64942 4 65463 4 65983 5 66504 4 67024 4 67544 3
1962d0c5faf3e85cda80e0578e0cb7aca50826d781620e5c1c4cc586bc69f81a,57185 4 57700 7 58218 8 58737 7 59255 8 59774 7 60293 6 60812 5 61332 3 61852 2
1962d0c5faf3e85cda80e0578e0cb7aca50826d781620e5c1c4cc586bc69f81a,67567 5 68086 7 68605 8 69123 9 69642 10 70160 12 70678 14 71196 16 71714 18 72230 22 72749 3 72758 18 73268 2 73278 16 73787 1 73798 14 74318 12 74838 11 75358 10 75877 10 76396 10 76915 10 77434 11 77953 11 78472 12 78990 14 79508 16 80026 7 80038 7 80539 12 80558 9 81059 10 81078 8 81578 9 81598 7 82097 9 82117 7 82616 9 82636 7 83135 9 83155 7
1962d0c5faf3e85cda80e0578e0cb7aca50826d781620e5c1c4cc586bc69f81a,12073 9 12592 10 13111 10 13629 12 14147 14 14665 16 15183 18 15701 20 16218 21 16736 21 17255 20 17774 20 18293 11 18311 2 18813 8 19332 5 19852 3 20371 2 20890 1
1962d0c5faf3e85cda80e0578e0cb7aca50826d781620e5c1c4cc586bc69f81a,19364 3 19882 5 20400 7 20918 8 21438 7 21957 7 22477 7 22996 7 23516 6 24035 6 24554 7 25073 7 25592 7 26111 7 26630 7 27148 8 27667 8 28185 9 28681 1 28703 10 29200 2 29221 11 29719 4 29738 13 30239 5 30255 14 30759 5 30772 16 31278 28 31797 28 32316 28 32835 28 33354 27 33873 27 34392 26 34910 27 35429 26 35948 25 36467 25 36986 24 37505 24 38024 24 38543 24 39062 24 39580 25 40099 25 40618 25 41137 26 41657 25 42177 24 42696 24 43216 24 43736 23 44256 22 44776 21 45297 19 45817 19 46337 18 46857 18 47377 18 47897 18 48417 19 48937 17 49457 15 49976 13 50496 11 51016 6 51535 3 52054 1
1962d0c5faf3e85cda80e0578e0cb7aca50826d781620e5c1c4cc586bc69f81a,65039 2 65555 7 66073 8 66592 8 67110 9 67628 10 68147 10 68666 10 69185 10 69704 9 70223 9 70742 9 71261 9 71780 9 72299 8 72818 7 73337 6 73856 6 74375 6 74894 5 75413 5 75932 5 76451 5 76970 5 77489 5
1962d0c5faf3e85cda80e0578e0cb7aca50826d781620e5c1c4cc586bc69f81a,26666 1 27185 2 27704 3 28223 4 28742 4 29261 5 29780 6 30299 6 30817 8 31335 10 31853 12 32371 14 32888 16 33407 17 33925 19 34444 19 34962 20 35481 13 35500 1 36000 12 36519 11 37038 10 37557 10 38076 10 38595 5
1962d0c5faf3e85cda80e0578e0cb7aca50826d781620e5c1c4cc586bc69f81a,69225 2 69742 5 70259 8 70777 10 71294 13 71812 14 72330 11 72849 10 73368 9 73888 7 74407 6 74926 5 75445 2 75964 1
1962d0c5faf3e85cda80e0578e0cb7aca50826d781620e5c1c4cc586bc69f81a,40690 2 41205 7 41724 11 42243 13 42762 15 43281 16 43800 17 44320 16 44839 16 45358 16 45877 17 46396 18 46916 17 47435 17 47954 17 48473 17 48992 18 49511 19 50029 20 50547 21 51065 23 51583 25 52096 31 52613 33 53131 33 53649 33 54168 32 54686 32 55205 31 55724 30 56243 30 56762 30 57281 30 57800 30 58319 30 58838 30 59357 29 59876 29 60395 28 60915 27 61434 27 61953 27 62474 25 62994 15 63514 7 64035 3 64555 1
1962d0c5faf3e85cda80e0578e0cb7aca50826d781620e5c1c4cc586bc69f81a,3837 1 4355 2 4874 2 5393 2 5912 3 6431 3 6949 4 7468 3 7987 2 8505 2 9023 2
1962d0c5faf3e85cda80e0578e0cb7aca50826d781620e5c1c4cc586bc69f81a,79102 1 79620 1 80138 1 80656 1 81174 1 81690 4 82207 5 82724 6 83240 9
1962d0c5faf3e85cda80e0578e0cb7aca50826d781620e5c1c4cc586bc69f81a,11149 3 11666 6 12183 8 12701 9 13203 1 13218 11 13720 28 14239 29 14757 30 15276 31 15795 31 16313 30 16831 29 17349 29 17867 29 18387 27 18907 25 19427 22 19947 19 20467 15 20987 10 21507 8 22027 6 22547 4 23067 2 23586 1
1962d0c5faf3e85cda80e0578e0cb7aca50826d781620e5c1c4cc586bc69f81a,66141 6 66659 6 67178 6 67697 5 68216 5 68735 5 69254 5 69773 5 70292 5 70811 5 71330 5 71849 5 72368 4 72887 3 73406 2 73924 3 74442 4 74960 5 75479 5 75999 4 76519 3 77039 2
1962d0c5faf3e85cda80e0578e0cb7aca50826d781620e5c1c4cc586bc69f81a,40218 3 40733 9 41251 10 41770 11 42289 12 42808 13 43327 14 43846 14 44365 14 44884 14 45403 14 45922 14 46441 14 46960 14 47479 14 47998 14 48517 14 49037 13 49556 13 50075 13 50594 13 51113 13 51632 14 52151 14 52670 14 53189 14 53709 13 54230 12 54751 11 55271 11 55791 12 56311 17 56830 20 57349 21 57868 22 58387 23 58906 23 59425 23 59944 24 60463 24 60982 24 61501 25 62020 25 62538 26 63057 26 63576 26 64095 26 64614 26 65133 26 65652 25 66171 25 66691 23 67210 23 67729 22 68249 20 68768 19 69288 17 69807 16 70326 15 70845 15 71364 15 71883 15 72402 15 72921 15 73439 16 73957 16 74475 15 74994 13 75512 13 76032 11 76551 10 77070 1
1962d0c5faf3e85cda80e0578e0cb7aca50826d781620e5c1c4cc586bc69f81a,23655 1 24175 2 24695 2 25214 3 25733 4 26252 4 26771 5 27290 6 27809 6 28328 7 28847 8 29366 8 29886 7 30405 8 30925 8 31444 8 31963 8 32483 8 33002 8 33521 9 34040 9 34559 9 35077 10 35595 11 36113 12 36631 13 37149 14 37658 25 38178 24 38698 15 39218 11 39739 6
1962d0c5faf3e85cda80e0578e0cb7aca50826d781620e5c1c4cc586bc69f81a,72980 1 73498 3 74016 4 74534 6 75052 7 75571 8 76089 9 76607 10 77126 9 77645 9 78164 9 78683 9 79202 9 79720 10 80239 9 80757 10 81276 10 81795 10 82314 10 82833 10 83352 10
1962d0c5faf3e85cda80e0578e0cb7aca50826d781620e5c1c4cc586bc69f81a,65213 2 65732 4 66251 5 66771 6 67290 6 67810 5 68329 6 68849 6 69368 6 69888 6 70408 6 70928 5 71448 5 71968 5 72488 4 73008 4 73528 4 74048 4 74568 4 75088 3 75608 3 76128 3 76648 2 77168 2 77689 1 78209 1 78729 1 79249 1 79769 2 80289 2 80809 2 81329 2 81849 1 82368 2 82888 1 83407 2
1962d0c5faf3e85cda80e0578e0cb7aca50826d781620e5c1c4cc586bc69f81a,17467 1 17986 2 18505 3 19024 3 19543 4 20062 5 20581 5 21100 6 21619 7 22139 7 22658 8 23177 9 23697 9 24216 9 24735 9 25255 9 25774 9 26294 8 26813 8 27333 7 27852 8 28371 8 28890 8 29409 8 29929 8 30448 8 30967 9 31487 8 32006 8 32525 8 33044 9 33564 8 34084 8 34603 8 35123 7 35642 7 36162 6 36682 6 37203 4
1962d0c5faf3e85cda80e0578e0cb7aca50826d781620e5c1c4cc586bc69f81a,880 11 1400 9 1920 8 2439 8 2958 7 3478 6 3997 6 4516 5 5036 4 5555 4 6074 4 6593 4 7113 3 7632 3 8152 2 8671 1
1962d0c5faf3e85cda80e0578e0cb7aca50826d781620e5c1c4cc586bc69f81a,44478 3 44997 4 45517 3 46036 4 46556 4 47075 4 47594 5 48114 5 48634 4 49153 4 49673 4 50193 3 50712 4 51231 4 51750 5 52270 5 52790 4 53309 4 53829 4 54349 4 54868 4 55388 4 55908 3 56427 4 56946 4 57466 3 57987 2
1962d0c5faf3e85cda80e0578e0cb7aca50826d781620e5c1c4cc586bc69f81a,17513 1 18033 1 18552 2 19071 2 19590 3 20110 3 20629 4 21149 3 21668 4 22188 3 22707 3 23227 3 23746 4 24265 4 24785 4 25305 4 25824 4 26343 4 26862 5 27382 5 27901 5 28421 4 28940 4 29459 5 29979 4 30499 3 31018 4 31537 4 32057 4 32577 3 33096 3 33615 3 34135 3 34655 2 35174 2 35693 2 36213 1 36732 1
1962d0c5faf3e85cda80e0578e0cb7aca50826d781620e5c1c4cc586bc69f81a,74607 1 75126 2 75646 3 76165 3 76684 4 77203 5 77722 4 78242 3 78762 1
1962d0c5faf3e85cda80e0578e0cb7aca50826d781620e5c1c4cc586bc69f81a,57001 1 57517 3 58034 4 58551 5 59070 5 59589 5 60108 5 60628 4 61147 4 61667 3 62186 3 62680 2 62706 2 63200 3 63225 2 63719 5 63744 2 64239 4 64263 3 64759 3 64782 3 65278 4 65301 3 65797 5 65820 4 66317 4 66338 6 66837 4 66857 6 67356 5 67376 7 67876 5 67894 8 68396 5 68412 9 68916 5 68930 9 69436 6 69447 11 69956 21 70477 19 70997 18 71517 17 72037 16 72557 15 73077 15 73597 14 74116 14 74643 6 75163 5 75683 4 76203 2 76722 2 77241 2 77760 2 78279 2
1962d0c5faf3e85cda80e0578e0cb7aca50826d781620e5c1c4cc586bc69f81a,49743 2 50262 3 50782 3 51301 3 51820 4 52339 4 52858 5 53377 5 53896 5 54414 7 54932 9 55450 11 55968 13 56490 11 57010 9 57530 8 58050 7 58570 6 59090 5 59610 4 60130 3 60650 3 61170 2 61690 2 62210 2 62730 1 63250 1 63769 2 64289 1 64808 1
1962d0c5faf3e85cda80e0578e0cb7aca50826d781620e5c1c4cc586bc69f81a,67925 1 68444 2 68451 1 68963 8 69482 8 70001 9 70520 9 71039 9 71557 10 72076 10 72595 10 73114 9 73634 8 74154 6 74673 5 75193 3 75712 2 76231 2 76750 2 77269 2 77787 3 78307 2 78827 1 79346 2 79866 1
1962d0c5faf3e85cda80e0578e0cb7aca50826d781620e5c1c4cc586bc69f81a,50284 1 50803 3 51322 4 51841 4 52360 4 52879 5 53398 6 53917 6 54436 7 54955 7 55473 9 55993 8 56513 7 57033 7 57553 6 58073 5 58593 5 59113 5 59632 5 60152 5 60671 6 61191 6 61710 7 62229 8 62749 8 63269 12 63788 11 64307 6 64827 3
1962d0c5faf3e85cda80e0578e0cb7aca50826d781620e5c1c4cc586bc69f81a,16038 1 16556 3 17074 5 17592 7 18110 10 18628 11 19146 11 19665 10 20184 2 20193 1 20703 1
1962d0c5faf3e85cda80e0578e0cb7aca50826d781620e5c1c4cc586bc69f81a,989 4 1508 4 2028 4 2548 3 3067 4 3586 4 4105 5 4624 6 5143 7 5663 7 6182 7 6701 7 7220 7 7739 8 8257 9 8775 10 9293 11 9805 1 9811 12 10325 17 10845 15 11365 8 11885 4 12405 2
1962d0c5faf3e85cda80e0578e0cb7aca50826d781620e5c1c4cc586bc69f81a,26936 4 27455 5 27975 5 28494 6 29014 7 29029 1 29534 15 30054 11 30575 5
1962d0c5faf3e85cda80e0578e0cb7aca50826d781620e5c1c4cc586bc69f81a,53943 1 54462 1 54981 2 55500 3 56019 3 56538 4 57057 4 57576 5 58095 5 58614 6 59133 7 59652 7 60171 8 60690 9 61209 9 61734 4 62254 4 62774 4 63294 3 63813 4 64332 4 64851 5 65370 6 65889 6 66407 8 66925 10 67443 11 67961 13 68475 19 68994 20 69513 21 70034 18 70554 16 71074 14 71594 12 72113 12 72633 11 73152 11 73671 11 74191 10 74710 10 75229 10 75749 9 76268 9 76788 9 77307 9 77827 9 78346 9 78866 8 79385 8 79905 7 80424 7 80944 6 81463 6 81983 5 82503 4 83023 2 83542 2
1962d0c5faf3e85cda80e0578e0cb7aca50826d781620e5c1c4cc586bc69f81a,20224 1 20743 3 21262 4 21781 5 22301 5 22316 1 22820 6 22834 2 23340 6 23352 3 23859 15 24379 14 24899 13 25418 13 25938 12 26458 11 26978 10 27497 10 28016 10 28535 10 29054 10 29573 10 30092 10 30611 10 31130 10 31649 10 32168 10 32688 9 33208 8 33729 6 34249 5 34770 3
1cdbfee1951356e7b0a215073828695fe1ead5f8b1add119b6645d2fdc8d844e,79362 1 79874 2 80386 3 80898 3 81410 4 81922 5 82434 6 82946 7 83458 7 83970 8 84482 9 84994 10 85506 11 86018 13 86530 14 87042 15 87554 16 88066 16 88578 17 89090 17 89602 16 90119 10
1cdbfee1951356e7b0a215073828695fe1ead5f8b1add119b6645d2fdc8d844e,559 41 1071 41 1583 41 2095 41 2607 41 3118 42 3630 43 4142 43 4653 45 5165 46 5677 47 6190 47 6703 47 7215 48 7728 48 8241 49 8754 50 9267 50 9780 50 10293 50 10805 50 11318 50 11831 49 12345 48 12859 46 13374 43 13888 41 14401 40 14915 37 15428 35 15945 29 16462 23 16975 22 17489 19 18003 17 18516 15 19029 14 19542 12 20055 10 20574 1
1cdbfee1951356e7b0a215073828695fe1ead5f8b1add119b6645d2fdc8d844e,33941 2 34451 6 34961 10 35472 12 35983 14 36495 15 37006 17 37518 17 38029 18 38541 19 39053 19 39565 20 40077 20 40589 21 41101 21 41614 19 42126 19 42639 18 43151 18 43663 17 44176 15 44689 14 45201 13 45713 11 46226 7 46739 5
1cdbfee1951356e7b0a215073828695fe1ead5f8b1add119b6645d2fdc8d844e,124136 1 124635 19 125146 22 125658 24 126169 26 126681 27 127193 28 127705 29 128217 30 128728 32 129240 33 129752 34 130263 36 130775 38 131287 39 131799 39 132311 40 132823 40 133335 40 133847 40 134360 39 134873 37 135385 37 135897 37 136410 35 136923 34 137435 34 137948 32 138461 31 138974 29 139487 27 140000 25 140513 24 141026 22 141539 20 142051 20 142563 20 143076 18 143589 15 144102 13 144615 10 145128 8 145642 4
1cdbfee1951356e7b0a215073828695fe1ead5f8b1add119b6645d2fdc8d844e,6931 3 7443 5 7954 8 8466 10 8977 13 9489 20 10001 22 10513 22 11025 23 11537 24 12050 24 12563 24 13075 24 13588 22 14101 20 14613 20 15126 19 15640 15 16156 10
1cdbfee1951356e7b0a215073828695fe1ead5f8b1add119b6645d2fdc8d844e,96542 15 97053 18 97562 21 98073 23 98584 25 99096 26 99607 28 100119 29 100630 31 101141 33 101653 36 102165 36 102677 36 103189 37 103700 38 104212 38 104724 39 105237 38 105749 38 106264 35 106779 32 107293 30 107806 28 108319 27 108832 25 109345 23 109858 17 110371 13 110886 9 111403 2
1cdbfee1951356e7b0a215073828695fe1ead5f8b1add119b6645d2fdc8d844e,118098 1 118608 4 119118 7 119628 9 120139 11 120649 13 121160 14 121671 16 122181 18 122692 19 123203 20 123714 21 124225 22 124736 23 125247 24 125759 24 126270 25 126782 25 127293 26 127805 26 128317 26 128830 25 129342 25 129855 24 130367 24 130879 24 131392 24 131904 24 132417 24 132929 24 133441 24 133953 24 134465 25 134977 25 135489 25 136001 26 136513 26 137025 26 137537 26 138049 25 138560 26 139071 27 139582 27 140093 28 140604 29 141115 30 141626 31 142137 31 142647 33 143158 34 143669 34 144179 36 144690 37 145202 37 145714 36 146226 36 146738 35 147250 35 147761 35 148273 35 148785 33 149297 32 149810 29 150323 27 150837 24 151351 20 151865 12 152379 7 152893 4
1cdbfee1951356e7b0a215073828695fe1ead5f8b1add119b6645d2fdc8d844e,278363 4 278873 8 279383 12 279894 14 280405 16 280916 19 281428 19 281939 21 282450 22 282962 23 283473 25 283985 26 284497 26 285009 27 285521 28 286033 29 286544 31 287056 31 287568 32 288080 32 288592 32 289104 32 289617 32 290129 32 290641 32 291154 31 291667 30 292180 29 292693 28 293206 27 293718 26 294231 25 294744 23 295256 23 295769 21 296282 19 296795 18 297308 16 297822 13
1cdbfee1951356e7b0a215073828695fe1ead5f8b1add119b6645d2fdc8d844e,224099 1 224610 4 225122 6 225633 11 226145 14 226657 15 227169 16 227681 17 228193 17 228705 18 229217 19 229729 20 230241 21 230753 22 231266 22 231779 22 232291 23 232803 24 233316 25 233828 33 234341 34 234853 36 235366 37 235879 37 236392 37 236905 37 237418 37 237932 36 238445 36 238958 36 239471 35 239984 35 240497 34 241010 34 241523 33 242036 31 242549 30 243061 30 243574 28 244086 27 244598 27 245111 25 245623 24 246136 22 246650 19 247163 18 247677 15 248192 11
1cdbfee1951356e7b0a215073828695fe1ead5f8b1add119b6645d2fdc8d844e,317862 5 318371 10 318882 14 319391 20 319902 22 320412 25 320923 27 321435 28 321946 30 322458 31 322970 32 323481 34 323993 35 324505 38 325017 38 325529 38 326041 38 326553 38 327065 39
1cdbfee1951356e7b0a215073828695fe1ead5f8b1add119b6645d2fdc8d844e,22469 4 22981 6 23493 9 24006 10 24518 11 25031 12 25543 13 26055 16 26567 19 27079 20 27591 22 28103 23 28615 24 29127 25 29639 26 30151 26 30663 26 31175 27 31686 28 32198 28 32709 29 33221 28 33733 28 34246 27 34758 27 35270 27 35783 26 36295 26 36807 26 37320 25 37832 25 38345 24 38857 24 39370 22 39884 19 40397 18 40911 16 41425 14 41938 12 42451 10 42964 7
1cdbfee1951356e7b0a215073828695fe1ead5f8b1add119b6645d2fdc8d844e,136686 2 137196 6 137703 13 138214 15 138724 18 139234 22 139746 23 140257 26 140769 27 141281 31 141793 31 142305 31 142817 31 143329 31 143841 31 144352 32 144864 32 145376 32 145887 33 146399 33 146911 33 147422 34 147934 34 148445 30 148956 30 149467 30 149978 28 150489 27 151000 10 151511 10 152024 8 152537 6 153050 4
1d9eacb3161f1e2b45550389ecf7c535c7199c6b44b1c6a46303f7b965e508f1,179744 2 180266 5 180786 8 181312 6
1d9eacb3161f1e2b45550389ecf7c535c7199c6b44b1c6a46303f7b965e508f1,125769 4 126292 6 126818 5 127342 6 127867 5 128392 3
1d9eacb3161f1e2b45550389ecf7c535c7199c6b44b1c6a46303f7b965e508f1,83861 1 84383 5 84906 6 85430 7 85954 7 86478 7 87002 6 87527 5 88052 3
1d9eacb3161f1e2b45550389ecf7c535c7199c6b44b1c6a46303f7b965e508f1,73382 2 73904 6 74428 7 74952 8 75478 5 76004 2
1d9eacb3161f1e2b45550389ecf7c535c7199c6b44b1c6a46303f7b965e508f1,117403 4 117926 5 118449 7 118973 8 119497 7 120021 7 120545 6 121069 6 121594 4
1d9eacb3161f1e2b45550389ecf7c535c7199c6b44b1c6a46303f7b965e508f1,100638 2 101161 4 101685 4 102209 4 102733 4 103257 4 103781 4 104306 2
1d9eacb3161f1e2b45550389ecf7c535c7199c6b44b1c6a46303f7b965e508f1,160375 3 160899 4 161422 5 161946 5 162470 5 162995 3 163519 3
1d9eacb3161f1e2b45550389ecf7c535c7199c6b44b1c6a46303f7b965e508f1,65046 2 65569 3 66092 4 66616 4 67140 3 67663 4 68187 4 68711 3 69236 1
1d9eacb3161f1e2b45550389ecf7c535c7199c6b44b1c6a46303f7b965e508f1,140509 5 141032 6 141555 8 142079 8 142602 9 143126 8 143651 6 144175 6 144700 5 145225 4 145749 4 146274 4 146798 5 147322 6 147847 5 148372 4 148896 4 149421 3
1d9eacb3161f1e2b45550389ecf7c535c7199c6b44b1c6a46303f7b965e508f1,67734 8 68258 9 68781 11 69306 11 69831 10 70355 10 70880 8 71405 5
1d9eacb3161f1e2b45550389ecf7c535c7199c6b44b1c6a46303f7b965e508f1,22159 4 22682 6 23206 7 23731 6 24257 5 24782 4
1d9eacb3161f1e2b45550389ecf7c535c7199c6b44b1c6a46303f7b965e508f1,85563 3 86087 4 86611 4 87135 4 87659 4 88183 3 88707 2
1d9eacb3161f1e2b45550389ecf7c535c7199c6b44b1c6a46303f7b965e508f1,162860 2 163383 3 163906 4 164429 5 164952 6 165475 7 165999 7 166523 7 167047 6 167571 5 168096 3
1d9eacb3161f1e2b45550389ecf7c535c7199c6b44b1c6a46303f7b965e508f1,94748 2 95271 4 95794 6 96318 5 96842 4 97366 4
1d9eacb3161f1e2b45550389ecf7c535c7199c6b44b1c6a46303f7b965e508f1,75926 8 76449 10 76973 10 77499 9 78025 7 78550 5 79075 4 79601 2
1d9eacb3161f1e2b45550389ecf7c535c7199c6b44b1c6a46303f7b965e508f1,26694 5 27217 7 27740 8 28264 7 28787 8 29311 7 29835 6 30358 6 30882 5 31406 5 31931 4 32455 4 32979 4 33503 4 34028 3 34552 3 35076 3 35601 2 36125 2 36650 1
1ef68e93964c2d9230100c1347c328f6385a7bc027879dc3d4c055e6fe80cb3c,12048 1 12302 5 12556 8 12812 8 13068 8 13324 9 13580 8 13836 8 14093 6 14350 4
1ef68e93964c2d9230100c1347c328f6385a7bc027879dc3d4c055e6fe80cb3c,6162 5 6416 8 6671 9 6927 9 7182 11 7438 10 7694 10 7951 8 8207 7
1ef68e93964c2d9230100c1347c328f6385a7bc027879dc3d4c055e6fe80cb3c,42008 1 42264 3 42513 1 42519 5 42768 12 43024 12 43281 11 43537 10 43793 3 43800 3 44057 1
1ef68e93964c2d9230100c1347c328f6385a7bc027879dc3d4c055e6fe80cb3c,18716 3 18967 8 19223 9 19479 9 19736 8 19992 7 20248 7 20505 5 20763 1
1ef68e93964c2d9230100c1347c328f6385a7bc027879dc3d4c055e6fe80cb3c,32285 1 32539 3 32793 5 33049 5 33304 6 33559 8 33816 9 34072 11 34330 9 34588 5
1ef68e93964c2d9230100c1347c328f6385a7bc027879dc3d4c055e6fe80cb3c,32296 3 32548 7 32805 7 33061 7 33321 4 33578 3 33834 3 34091 2 34348 2 34604 1
1ef68e93964c2d9230100c1347c328f6385a7bc027879dc3d4c055e6fe80cb3c,13097 1 13352 2 13607 4 13862 5 14118 5 14373 6 14629 6 14885 6 15141 6 15398 5 15654 4 15911 3
1ef68e93964c2d9230100c1347c328f6385a7bc027879dc3d4c055e6fe80cb3c,63304 2 63557 6 63813 6 64069 6 64328 4 64586 2
1ef68e93964c2d9230100c1347c328f6385a7bc027879dc3d4c055e6fe80cb3c,12108 9 12364 9 12622 6
1ef68e93964c2d9230100c1347c328f6385a7bc027879dc3d4c055e6fe80cb3c,19289 1 19543 7 19796 11 20051 12 20307 13 20563 13 20819 14 21076 12 21333 11 21590 9
1ef68e93964c2d9230100c1347c328f6385a7bc027879dc3d4c055e6fe80cb3c,13182 3 13438 5 13694 6 13950 7 14207 6 14464 5 14723 2
1ef68e93964c2d9230100c1347c328f6385a7bc027879dc3d4c055e6fe80cb3c,1936 1 2191 3 2446 6 2701 7 2958 6
1ef68e93964c2d9230100c1347c328f6385a7bc027879dc3d4c055e6fe80cb3c,20881 4 21136 6 21392 6 21649 5 21905 5 22161 5 22418 4 22677 1
1ef68e93964c2d9230100c1347c328f6385a7bc027879dc3d4c055e6fe80cb3c,10142 5 10399 5 10655 5 10911 5 11167 5 11423 5 11679 5 11935 4 12190 4 12440 1 12444 5 12696 8 12953 6 13210 3
1ef68e93964c2d9230100c1347c328f6385a7bc027879dc3d4c055e6fe80cb3c,425 4 680 5 935 7 1191 7 1446 9 1702 9 1958 9 2216 7 2475 2
1ef68e93964c2d9230100c1347c328f6385a7bc027879dc3d4c055e6fe80cb3c,7870 2 8123 5 8378 6 8633 7 8888 8 9144 8 9400 8 9657 7 9913 6 10170 4 10427 1
1ef68e93964c2d9230100c1347c328f6385a7bc027879dc3d4c055e6fe80cb3c,7161 4 7416 6 7666 12 7922 12 8177 13 8433 13 8688 14 8944 14 9201 12 9457 12 9714 10 9970 10 10227 8 10483 6 10741 1
259b35151d4a7a5ffdd7ab7f171b142db8cfe40beeee67277fac6adca4d042c4,338441 1 338952 2 339462 5 339970 9 340485 6 340999 5 341513 3 342026 3
259b35151d4a7a5ffdd7ab7f171b142db8cfe40beeee67277fac6adca4d042c4,161862 12 162373 15 162885 17 163397 18 163909 19 164421 20 164932 23 165444 24 165956 25 166467 27 166979 28 167490 29 168001 31 168512 33 169023 35 169535 36 170047 37 170559 38 171071 39 171583 40 172095 41 172607 42 173119 43 173631 43 174143 43 174655 44 175166 45 175678 45 176191 45 176705 43 177219 41 177733 39 178247 38 178760 37 179273 36 179786 35 180299 35 180812 34 181325 33 181837 33 182350 31 182862 31 183374 31 183886 31 184398 29 184910 27 185422 25 185934 24 186446 11 186466 2 186958 9 187470 8 187982 7 188493 7 189005 7 189516 7 190027 8 190539 7 191050 8 191561 9 192072 10 192583 11 193094 12 193605 13 194116 15 194627 16 195139 17 195652 17 196164 18 196677 18 197190 18 197702 19 198215 18 198728 18 199240 19 199753 19 200266 19 200779 19 201293 19 201806 19 202319 20 202832 21 203345 23 203858 25 204371 25 204885 24 205399 23 205913 22 206426 22 206939 22 207452 21 207965 21 208478 21 208991 21 209503 22 210016 22 210528 23 211041 23 211553 23 212065 24 212578 24 213090 25 213602 26 214114 27 214632 22 215146 21 215660 20 216173 19 216686 18 217199 17 217711 18 218224 17 218737 16 219249 17 219762 16 220274 17 220788 16 221301 15
259b35151d4a7a5ffdd7ab7f171b142db8cfe40beeee67277fac6adca4d042c4,116326 1 116838 2 117350 3 117862 4 118373 7 118885 9 119396 11 119908 11 120419 11 120930 12 121441 11 121952 11 122462 12 122971 14 123476 19 123984 22 124493 24 125003 25 125513 26 126024 26 126535 26 127045 27 127556 27 128068 25 128580 23 129092 21 129604 19 130116 17 130628 16 131140 15 131653 13 132165 12 132678 10 133190 9 133704 6 134218 4 134732 1
259b35151d4a7a5ffdd7ab7f171b142db8cfe40beeee67277fac6adca4d042c4,335953 1 336466 2 336979 2 337492 2 338004 3 338517 3 339030 4 339542 6 340055 7 340569 7 341084 5 341598 3 342111 3 342624 3 343138 1 343651 1 344164 1
259b35151d4a7a5ffdd7ab7f171b142db8cfe40beeee67277fac6adca4d042c4,229475 1 229981 10 230488 24 231002 23 231515 23 232028 23 232541 23 233053 24 233566 24 234078 26 234591 27 235103 29 235615 31 236128 36 236640 37 237152 38 237664 40 238176 41 238688 42 239200 43 239712 44 240224 45 240736 46 241248 46 241760 47 242271 49 242783 50 243294 52 243806 52 244317 54 244829 55 245341 55 245853 56 246364 58 246876 58 247388 59 247900 60 248412 61 248923 31 248965 20 249435 29 249479 19 249947 28 249996 15 250459 27 250521 3 250972 25 251035 1 251485 24 251997 23 252510 22 253023 21 253535 21 254048 20 254561 19 255074 18 255587 17 256100 17 256612 17 257126 16 257639 16 258152 16 258665 16 259179 15 259693 14 260206 15 260720 14 261234 14 261747 14 262261 14 262774 15 263287 16 263800 17 264313 18 264826 18 265339 18 265852 19 266365 19 266877 21 267390 22 267903 23 268415 26 268928 27 269440 25 269952 13 270464 11 270976 10 271488 9 272000 8 272512 7 273024 7 273536 6 274047 7 274559 7 275028 1 275070 8 275541 1 275581 9 276053 2 276092 10 276566 2 276603 11 277078 4 277114 12 277590 5 277624 15 278103 5 278134 17 278615 6 278638 26 279127 7 279149 27 279640 7 279660 29 280152 8 280171 31 280665 9 280681 34 281177 52 281690 52 282203 53 282715 55 283228 57 283741 58 284254 58 284766 60 285279 60 285792 61 286305 61 286818 62 287331 62 287844 62 288357 62 288870 62 289382 63 289895 63 290408 63 290920 64 291433 64 291946 64 292458 66 292971 66 293483 68 293996 68 294509 68 295021 69 295534 68 296048 66 296561 65 297074 64 297587 63 298101 59 298614 57 299127 55 299640 53 300152 52 300665 50 301178 48 301691 47 302205 44 302718 43 303231 41 303744 40 304257 39 304770 38 305283 37 305795 37 306308 36 306820 36 307333 35 307845 35 308359 32 308873 29 309387 26 309900 25 310414 22 310927 21 311441 18 311954 17 312469 13 312987 7
259b35151d4a7a5ffdd7ab7f171b142db8cfe40beeee67277fac6adca4d042c4,101978 2 102486 6 102998 6 103510 6 104023 5 104535 5 105048 4 105561 3 106074 3 106587 2 107100 2 107612 2 108125 2 108638 2 109151 1 109663 1
259b35151d4a7a5ffdd7ab7f171b142db8cfe40beeee67277fac6adca4d042c4,308826 2 309338 3 309850 5 310362 7 310874 9 311386 11 311899 12 312411 13 312923 14 313436 14 313948 15 314461 16 314973 17 315486 18 315998 20 316510 24 317023 24 317535 24 318048 23 318561 23 319073 23 319586 22 320099 21 320612 21 321125 20 321638 19 322151 19 322664 18 323177 18 323690 17 324203 17 324716 17 325229 17 325742 17 326255 17 326768 17 327281 18 327794 20 328307 20 328820 20 329333 19 329846 19 330359 18 330872 12 331384 10 331897 8 332410 6 332922 5 333435 3 333949 1
259b35151d4a7a5ffdd7ab7f171b142db8cfe40beeee67277fac6adca4d042c4,61571 4 62079 8 62589 9 63099 11 63610 11 64121 12 64632 12 65144 12 65656 11 66168 10 66680 10 67192 9 67704 8 68216 7 68728 7 69240 6 69752 6 70264 6 70776 6 71287 7 71799 7 72311 7 72823 7 73335 7 73847 8 74359 8 74871 9 75382 10 75894 11 76406 12 76917 14 77429 14 77940 16 78452 16 78963 17 79474 19 79985 20 80496 21 81007 23 81518 24 82028 26 82539 28 83052 27 83565 27 84077 27 84590 26 85102 27 85614 27 86126 27 86638 27 87150 28 87662 28 88174 28 88686 28 89198 27 89710 27 90222 26 90733 25 91245 23 91756 21 92267 17 92779 11 93290 7 93801 5 94312 3
259b35151d4a7a5ffdd7ab7f171b142db8cfe40beeee67277fac6adca4d042c4,38558 8 39070 10 39581 12 40092 14 40603 17 41114 20 41625 23 42136 24 42646 27 43157 28 43667 30 44177 32 44690 32 45202 32 45715 31 46227 31 46740 30 47252 31 47764 31 48276 32 48788 32 49300 33 49812 33 50324 32 50835 32 51347 31 51859 31 52371 30 52882 31 53394 30 53906 30 54418 30 54930 12 54955 4 55442 3 55954 1
259b35151d4a7a5ffdd7ab7f171b142db8cfe40beeee67277fac6adca4d042c4,10449 3 10959 7 11469 11 11979 15 12489 19 12999 21 13506 27 14019 27 14531 28 15044 28 15557 28 16069 29 16582 27 17095 25 17607 24 18120 22 18632 22 19145 20 19657 20 20170 19 20683 17 21195 17 21709 15 22222 13 22736 9 23251 4
259b35151d4a7a5ffdd7ab7f171b142db8cfe40beeee67277fac6adca4d042c4,34533 17 35043 22 35078 4 35553 42 36064 44 36574 47 37085 49 37595 51 38105 54 38615 57 39124 61 39636 62 40148 63 40659 65 41171 66 41683 67 42196 65 42708 64 43220 63 43733 61 44246 59 44759 58 45272 56 45785 55 46298 54 46811 53 47325 51 47839 48 48352 45 48866 41 49380 38 49895 34 50409 31 50923 28 51440 22 51957 16 52473 11 52989 7 53503 4 54017 2
259b35151d4a7a5ffdd7ab7f171b142db8cfe40beeee67277fac6adca4d042c4,755 19 1267 19 1779 17 2291 14 2804 11
295682d9eb5acb5c1976a460c085734bfaf38482b0a3f02591c2bfdcd4128549,59731 6 59985 8 60241 8 60497 9 60753 8 61010 7 61267 6 61525 3
295682d9eb5acb5c1976a460c085734bfaf38482b0a3f02591c2bfdcd4128549,18045 4 18301 5 18556 7 18813 6 19071 2
295682d9eb5acb5c1976a460c085734bfaf38482b0a3f02591c2bfdcd4128549,23699 4 23954 7 24209 9 24465 9 24722 9 24979 9 25236 8 25494 7 25751 6 26007 6 26264 6 26520 5 26777 4 27033 3 27290 1
295682d9eb5acb5c1976a460c085734bfaf38482b0a3f02591c2bfdcd4128549,39068 1 39323 3 39578 5 39833 7 40089 7 40345 7 40601 8 40857 8 41113 8 41370 7 41626 7 41882 7 42139 6 42395 7 42652 6 42908 6 43165 5 43422 4
295682d9eb5acb5c1976a460c085734bfaf38482b0a3f02591c2bfdcd4128549,33962 2 34216 5 34472 6 34727 7 34983 7 35240 5 35496 4 35753 3 36009 3 36265 3 36520 5 36775 6 37030 8 37285 9 37541 9 37798 7 38054 6 38311 4 38569 1
295682d9eb5acb5c1976a460c085734bfaf38482b0a3f02591c2bfdcd4128549,10928 1 11183 3 11439 4 11694 5 11950 6 12206 7 12462 7 12718 7 12973 7 13229 7 13484 7 13739 8 13995 7 14251 6 14508 4
295682d9eb5acb5c1976a460c085734bfaf38482b0a3f02591c2bfdcd4128549,13247 2 13500 7 13755 9 14010 10 14265 11 14520 10 14776 9 15032 8 15288 7 15545 5 15803 2
295682d9eb5acb5c1976a460c085734bfaf38482b0a3f02591c2bfdcd4128549,63193 2 63446 8 63701 10 63956 12 64211 2 64218 7 64467 1 64475 6 64723 1 64731 7 64979 1 64990 4 65248 2
31f1fbe85b8899258ea5bcf5f93f7ac8238660c386aeab40649c715bd2e38a0a,25392 1 25647 4 25903 5 26159 6 26415 8 26672 7 26928 7 27185 6 27441 6 27697 4
31f1fbe85b8899258ea5bcf5f93f7ac8238660c386aeab40649c715bd2e38a0a,17474 7 17725 13 17976 19 18231 21 18487 21 18744 20 19003 17 19260 14 19517 12 19775 8 20035 1
31f1fbe85b8899258ea5bcf5f93f7ac8238660c386aeab40649c715bd2e38a0a,38482 4 38736 7 38991 9 39246 11 39502 12 39757 13 40013 13 40269 13 40528 7
31f1fbe85b8899258ea5bcf5f93f7ac8238660c386aeab40649c715bd2e38a0a,14966 8 15219 12 15474 13 15730 13 15986 13 16243 11 16503 3
31f1fbe85b8899258ea5bcf5f93f7ac8238660c386aeab40649c715bd2e38a0a,38031 6 38285 8 38539 9 38795 6 39051 5 39307 4 39563 3 39820 1
336d3e4105766f8ad328a7ee9571e743f376f8cbcf6a969ca7e353fe3235c523,25438 2 25952 9 26471 11 26990 13 27509 14 28028 14 28547 15 29066 15 29585 16 30104 16 30623 17 31142 17 31661 17 32180 17 32701 15 33221 14 33741 13 34261 11 34780 10 35300 9 35822 3
336d3e4105766f8ad328a7ee9571e743f376f8cbcf6a969ca7e353fe3235c523,110552 5 111068 10 111587 12 112106 14 112625 15 113144 15 113663 16 114182 17 114701 17 115220 17 115739 18 116258 18 116777 19 117296 18 117815 18 118334 17 118853 16 119372 14 119891 3 120410 2 120929 1
336d3e4105766f8ad328a7ee9571e743f376f8cbcf6a969ca7e353fe3235c523,48299 4 48817 7 49336 8 49855 9 50374 9 50893 10 51412 10 51931 11 52450 11 52969 11 53488 11 54007 11 54526 11 55045 11 55565 10 56084 10 56603 9 57122 9 57641 8 58161 7 58680 6 59200 4
336d3e4105766f8ad328a7ee9571e743f376f8cbcf6a969ca7e353fe3235c523,73756 2 74272 8 74790 11 75308 13 75827 14 76347 14 76866 15 77386 14 77906 14 78426 13 78946 12 79465 13 79985 12 80505 10 81024 10 81543 10 82062 10 82581 10 83100 10 83619 10 84137 11 84655 12 85174 13 85692 15 86211 16 86730 17 87249 18 87769 18 88289 18 88809 18 89330 16 89851 14 90371 14 90892 12 91412 12 91932 11 92452 10 92972 9 93492 8 94011 8 94530 9 95049 10 95568 11 96087 12 96570 5 96606 14 97087 9 97124 16 97605 12 97643 18 98124 13 98161 20 98644 13 98679 21 99163 14 99190 30 99682 15 99706 34 100202 57 100721 58 101241 38 101287 11 101760 37 101807 10 102280 35 102327 9 102799 13 102821 13 102847 8 103318 12 103342 10 103367 6 103837 11 103863 8 103887 5 104356 10 104385 3 104407 3 104875 9 104927 1 105394 9 105446 1 105912 10 106430 11 106949 11 107467 12 107985 13 108504 13 109023 14 109542 15 110061 15 110580 15 111099 15 111619 14 112138 14 112658 13 113177 13 113697 11 114217 10 114738 7 115258 5 115780 1
336d3e4105766f8ad328a7ee9571e743f376f8cbcf6a969ca7e353fe3235c523,128768 6 129285 10 129804 12 130323 13
336d3e4105766f8ad328a7ee9571e743f376f8cbcf6a969ca7e353fe3235c523,25495 6 26013 9 26533 10 27052 12 27571 13 28090 14 28610 13 29130 13 29649 13 30170 10 30691 7
336d3e4105766f8ad328a7ee9571e743f376f8cbcf6a969ca7e353fe3235c523,58726 1 59242 7 59761 9 60279 12 60798 13 61317 13 61837 13 62356 13 62875 14 63394 14 63914 13 64433 13 64953 13 65472 13 65992 11 66512 10 67032 8 67554 2
336d3e4105766f8ad328a7ee9571e743f376f8cbcf6a969ca7e353fe3235c523,108560 1 109078 2 109596 4 110114 6 110632 8 111150 10 111669 10 112188 10 112708 10 113228 9 113747 9 114267 8 114789 5
336d3e4105766f8ad328a7ee9571e743f376f8cbcf6a969ca7e353fe3235c523,118951 9 119470 11 119989 12 120508 14 121027 17 121546 18 122065 19 122583 20 123102 21 123621 21 124139 23 124658 23 125177 23 125696 23 126224 14 126744 13 127264 12 127784 11 128303 11 128822 11 129342 10 129862 8 130381 8
336d3e4105766f8ad328a7ee9571e743f376f8cbcf6a969ca7e353fe3235c523,43196 5 43714 6 44232 8 44751 8 45269 9 45788 9 46307 10 46825 11 47344 11 47863 11 48382 11 48900 11 49419 11 49938 11 50457 11 50976 10 51495 9 52013 10 52532 8 53050 8 53569 6 54089 3
336d3e4105766f8ad328a7ee9571e743f376f8cbcf6a969ca7e353fe3235c523,83172 4 83690 6 84208 6 84726 7 85243 8 85761 9 86279 10 86796 12 87313 13 87830 15 88348 15 88866 15 89385 14 89904 13 90424 10 90943 9 91464 4
336d3e4105766f8ad328a7ee9571e743f376f8cbcf6a969ca7e353fe3235c523,68636 7 69150 14 69668 16 70187 17 70706 18 71225 18 71745 17 72264 17 72783 16 73303 15 73823 13 74344 10 74864 8 75386 2
336d3e4105766f8ad328a7ee9571e743f376f8cbcf6a969ca7e353fe3235c523,95645 5 96161 9 96679 11 97198 10 97716 11 98235 10 98755 8 99274 7 99794 5
336d3e4105766f8ad328a7ee9571e743f376f8cbcf6a969ca7e353fe3235c523,76967 3 77484 6 78001 8 78520 9 79039 9 79558 9 80077 9 80596 9 81115 9 81634 9 82154 8 82673 7 83193 6 83712 6 84232 5 84751 5 85271 3 85791 1
336d3e4105766f8ad328a7ee9571e743f376f8cbcf6a969ca7e353fe3235c523,111221 10 111740 12 112259 12 112779 11 113299 10 113821 5
336d3e4105766f8ad328a7ee9571e743f376f8cbcf6a969ca7e353fe3235c523,95668 5 96186 7 96705 7 97224 8 97743 8 98262 9 98781 9 99301 8 99820 8 100339 9 100858 9 101377 9 101896 9 102416 8 102935 9 103454 9 103973 9 104493 8 105013 6 105532 4
336d3e4105766f8ad328a7ee9571e743f376f8cbcf6a969ca7e353fe3235c523,1741 1 2259 3 2777 5 3295 6 3813 7 4332 7 4851 7 5369 8 5888 7 6407 7 6926 6 7444 6 7963 4 8481 4 9000 3 9519 1 10037 1
336d3e4105766f8ad328a7ee9571e743f376f8cbcf6a969ca7e353fe3235c523,122187 2 122703 6 123209 19 123725 23 124242 25 124759 27 125277 29 125795 20 125822 4 126313 20 126343 3 126832 19 127350 19 127869 19 128388 18 128908 17 129428 15 129948 13 130467 13
336d3e4105766f8ad328a7ee9571e743f376f8cbcf6a969ca7e353fe3235c523,39671 4 40188 9 40705 12 41223 13 41741 13 42260 13 42779 11 43299 7
336d3e4105766f8ad328a7ee9571e743f376f8cbcf6a969ca7e353fe3235c523,17376 2 17892 9 18410 12 18930 13 19449 15 19968 17 20488 17 21007 19 21527 19 22047 19 22566 19 23087 18 23607 17 24128 14 24649 11 25170 8
336d3e4105766f8ad328a7ee9571e743f376f8cbcf6a969ca7e353fe3235c523,781 18 1302 15 1822 13 2343 10 2863 9 3383 8 3902 8 4421 8 4941 7 5460 7 5979 7 6498 7 7017 8 7536 8 8055 9 8574 8 9093 8 9613 7 10132 7 10652 3
336d3e4105766f8ad328a7ee9571e743f376f8cbcf6a969ca7e353fe3235c523,54782 6 55298 12 55816 15 56333 18 56851 19 57369 21 57887 22 58406 22 58924 23 59443 22 59962 22 60481 21 61000 20 61519 20 62038 19 62557 18 63076 16 63596 14 64115 12 64635 9 65157 2
336d3e4105766f8ad328a7ee9571e743f376f8cbcf6a969ca7e353fe3235c523,12229 7 12749 8 13269 8 13788 8 14307 8 14826 9 15345 8 15864 8 16382 9 16900 9 17415 13 17934 13 18453 12 18972 11 19491 11 20010 11 20528 11 21046 11 21564 10 22084 7 22606 1
336d3e4105766f8ad328a7ee9571e743f376f8cbcf6a969ca7e353fe3235c523,96316 5 96833 8 97350 10 97868 11 98386 12 98904 12 99422 11 99940 11 100460 6
336d3e4105766f8ad328a7ee9571e743f376f8cbcf6a969ca7e353fe3235c523,114999 1 115517 3 116035 4 116554 3 117072 4 117591 3 118110 2 118629 2 119147 2 119665 2 120183 2 120701 2 121219 2 121737 3 122256 2 122775 2 123294 2 123814 1 124333 1 124852 1 125371 1 125890 1 126409 1
336d3e4105766f8ad328a7ee9571e743f376f8cbcf6a969ca7e353fe3235c523,832 14 1351 14 1870 15 2389 16 2908 16 3428 15 3947 16 4467 15 4986 15 5505 16 6025 15 6545 14 7064 15 7584 14 8104 13 8623 13 9143 12 9663 10 10184 7 10704 5
336d3e4105766f8ad328a7ee9571e743f376f8cbcf6a969ca7e353fe3235c523,125395 3 125913 5 126432 6 126951 6 127470 6 127988 7 128507 7 129026 7 129545 7 130064 7 130583 7
336d3e4105766f8ad328a7ee9571e743f376f8cbcf6a969ca7e353fe3235c523,69891 2 70408 4 70926 5 71443 6 71961 7 72479 8 72998 7 73516 8 74034 8 74553 8 75071 9 75590 8 76108 8 76627 8 77145 8 77664 8 78182 8 78701 7 79219 7 79738 6 80259 2
336d3e4105766f8ad328a7ee9571e743f376f8cbcf6a969ca7e353fe3235c523,44981 6 45498 11 46016 14 46534 16 47052 18 47571 18 48090 18 48609 18 49128 18 49647 18 50167 16 50687 14 51208 10 51730 3
336d3e4105766f8ad328a7ee9571e743f376f8cbcf6a969ca7e353fe3235c523,85467 3 85986 5 86505 6 87023 9 87542 11 88061 11 88580 10 89099 10 89618 9 90137 8 90655 9 91174 8 91693 8 92212 7 92731 7 93250 7 93769 7 94289 6 94810 4
336d3e4105766f8ad328a7ee9571e743f376f8cbcf6a969ca7e353fe3235c523,878 12 1397 11 1916 11 2434 11 2953 10 3472 10 3991 9 4511 7 5030 7 5551 3
336d3e4105766f8ad328a7ee9571e743f376f8cbcf6a969ca7e353fe3235c523,86017 2 86534 6 87053 6 87572 7 88090 8 88609 9 89128 9 89647 9 90166 9 90685 8 91203 8 91722 6 92240 6 92758 6 93277 5 93795 6 94314 5 94832 6 95350 7 95868 7 96386 7 96902 10 97418 12 97933 16 98452 16 98971 16 99490 16 100009 16 100528 16 101047 16 101566 16 102085 17 102605 16 103124 16 103643 17 104162 17 104682 17 105201 17 105721 16 106240 16 106760 15 107280 13 107799 13 108320 10 108841 6
336d3e4105766f8ad328a7ee9571e743f376f8cbcf6a969ca7e353fe3235c523,13878 1 14395 4 14913 5 15432 6 15950 7 16469 8 16988 8 17507 8 18026 8 18545 8 19064 8 19582 9 20101 8 20620 8 21139 8 21657 8 22176 8 22695 8 23214 8 23733 7 24252 6 24771 6 25290 5 25809 4 26329 2
336d3e4105766f8ad328a7ee9571e743f376f8cbcf6a969ca7e353fe3235c523,120285 6 120802 10 121320 12 121838 14 122357 15 122875 16 123393 18 123912 18 124430 19 124948 20 125467 20 125986 19 126504 20 127022 21 127541 20 128060 20 128578 21 129097 21 129616 21 130135 20 130654 20
336d3e4105766f8ad328a7ee9571e743f376f8cbcf6a969ca7e353fe3235c523,66830 6 67346 11 67864 13 68382 14 68901 14 69421 14 69940 14 70459 14 70979 14 71498 14 72018 13 72537 13 73057 12 73577 10 74097 9 74618 5
336d3e4105766f8ad328a7ee9571e743f376f8cbcf6a969ca7e353fe3235c523,49205 4 49723 7 50241 8 50760 8 51278 9 51797 10 52315 11 52834 11 53353 11 53872 11 54390 12 54909 11 55428 11 55947 11 56466 11 56985 11 57504 11 58023 10 58542 9 59061 9 59580 8 60100 5 60620 2
336d3e4105766f8ad328a7ee9571e743f376f8cbcf6a969ca7e353fe3235c523,118780 4 119296 8 119813 10 120330 12 120847 13 121365 13 121882 15 122400 16 122917 17 123436 16 123954 17 124472 18 124991 17 125510 16 126028 16 126547 15 127066 15 127585 14 128105 12 128624 11 129143 11 129662 10 130182 8 130701 8
336d3e4105766f8ad328a7ee9571e743f376f8cbcf6a969ca7e353fe3235c523,964 21 1485 19 2005 19 2525 18 3045 17 3565 16 4085 15 4605 14 5124 13 5644 12 6163 11 6683 10 7202 9 7722 7 8242 5 8762 4 9281 3 9800 3 10319 3 10838 3 11357 3 11876 3 12394 5 12912 7 13430 9 13948 11 14466 12 14985 13 15504 13 16022 14 16541 15 17060 15 17579 16 18098 17 18617 17 19137 17 19656 17 20175 17 20695 16 21214 17 21734 16 22253 16 22773 15 23292 15 23811 15 24330 15 24850 15 25369 16 25888 16 26407 16 26927 15 27446 15 27966 14 28485 14 29005 13 29524 13 30043 13 30562 14 31081 14 31600 14 32119 14 32638 13 33158 10 33677 9 34198 4
336d3e4105766f8ad328a7ee9571e743f376f8cbcf6a969ca7e353fe3235c523,61185 8 61701 13 62218 16 62735 19 63254 20 63772 22 64292 21 64811 22 65330 23 65849 24 66368 25 66887 25 67406 26 67924 28 68442 29 68960 30 69478 31 69995 32 70513 33 71031 33 71550 9 71566 17 72069 7 72086 15 72588 4 72606 14 73126 11 73646 9 74166 5
336d3e4105766f8ad328a7ee9571e743f376f8cbcf6a969ca7e353fe3235c523,87687 1 88203 7 88720 10 89237 12 89754 15 90271 16 90789 17 91307 18 91825 19 92344 18 92862 18 93381 18 93900 17 94418 17 94937 16 95456 14 95976 12 96495 10 97016 6
336d3e4105766f8ad328a7ee9571e743f376f8cbcf6a969ca7e353fe3235c523,107405 2 107922 7 108440 9 108958 11 109476 14 109994 16 110512 18 111031 18 111549 19 112068 20 112586 21 113105 20 113623 21 114142 21 114661 20 115180 19 115700 18 116219 17 116738 16 117258 13 117778 11 118299 7 118820 1
336d3e4105766f8ad328a7ee9571e743f376f8cbcf6a969ca7e353fe3235c523,35807 4 36324 6 36841 8 37359 9 37878 9 38396 10 38915 10 39434 10 39952 11 40472 10 40991 10 41511 9 42031 8 42551 7 43072 5 43594 2
336d3e4105766f8ad328a7ee9571e743f376f8cbcf6a969ca7e353fe3235c523,62796 3 63313 5 63830 7 64349 7 64867 8 65386 8 65906 7 66426 6 66947 4 67468 2
38f5cfb55fc8b048e82a5c895b25fefae7a70c71ab9990c535d1030637bf6a1f,264 12 521 11 778 9 1035 8
38f5cfb55fc8b048e82a5c895b25fefae7a70c71ab9990c535d1030637bf6a1f,49183 2 49438 4 49693 6 49949 6 50205 6 50462 5 50718 5 50974 6 51230 6 51487 5 51743 5
38f5cfb55fc8b048e82a5c895b25fefae7a70c71ab9990c535d1030637bf6a1f,23846 4 24100 7 24356 7 24611 8 24867 8 25123 8 25379 8 25635 8 25891 8 26148 7 26404 7 26661 5
38f5cfb55fc8b048e82a5c895b25fefae7a70c71ab9990c535d1030637bf6a1f,48439 2 48694 5 48949 6 49205 7 49460 8 49716 8 49972 8 50228 8 50484 8 50741 7 50997 6 51254 5
38f5cfb55fc8b048e82a5c895b25fefae7a70c71ab9990c535d1030637bf6a1f,26201 1 26455 5 26711 6 26967 6 27223 6 27479 7 27735 7 27991 6 28248 5 28505 4
38f5cfb55fc8b048e82a5c895b25fefae7a70c71ab9990c535d1030637bf6a1f,48736 2 48989 6 49244 7 49499 8 49755 8 50011 7 50267 6 50523 5 50781 1
38f5cfb55fc8b048e82a5c895b25fefae7a70c71ab9990c535d1030637bf6a1f,10166 5 10421 7 10676 9 10932 9 11188 10 11444 10 11700 10 11956 10 12212 10 12468 10 12725 9 12981 9 13238 8 13496 4
38f5cfb55fc8b048e82a5c895b25fefae7a70c71ab9990c535d1030637bf6a1f,54980 4 55233 9 55488 10 55743 11 55999 11 56255 11 56511 11 56767 9 57023 7
38f5cfb55fc8b048e82a5c895b25fefae7a70c71ab9990c535d1030637bf6a1f,3791 2 4045 5 4300 6 4556 6 4812 7 5069 6 5325 6 5581 6 5838 5
38f5cfb55fc8b048e82a5c895b25fefae7a70c71ab9990c535d1030637bf6a1f,37350 2 37603 6 37859 7 38114 8 38370 8 38627 7 38883 7 39139 7 39395 7 39652 6 39908 5
3c4c675825f7509877bc10497f498c9a2e3433bf922bd870914a2eb21a54fd26,159906 2 160429 3 160952 5 161476 5 161999 6 162523 6 163047 6 163571 6 164095 6 164619 5 165143 4 165668 2
3c4c675825f7509877bc10497f498c9a2e3433bf922bd870914a2eb21a54fd26,55179 2 55702 2 56224 4 56747 4 57270 5 57793 5 58316 5 58838 7 59364 4 59890 1
3c4c675825f7509877bc10497f498c9a2e3433bf922bd870914a2eb21a54fd26,37953 4 38475 7 38998 9 39522 9 40047 9 40572 8 41097 7 41622 6 42147 5 42672 4 43196 4 43721 3 44246 2
3c4c675825f7509877bc10497f498c9a2e3433bf922bd870914a2eb21a54fd26,8616 2 9139 3 9663 3 10186 4 10710 4 11234 4 11758 4 12283 3 12808 2
3c4c675825f7509877bc10497f498c9a2e3433bf922bd870914a2eb21a54fd26,106680 3 107204 5 107726 9 108250 9 108773 9 109296 10 109820 9 110344 8 110867 9 111391 8 111914 9 112438 8 112962 8 113485 9 114009 8 114532 9 115056 9 115579 9 116103 9 116626 10 117150 10 117674 9 118198 7 118722 6 119246 5 119771 4 120295 4 120820 3 121344 3 121868 2 122392 2 122916 2 123440 2 123964 2 124488 1
3c4c675825f7509877bc10497f498c9a2e3433bf922bd870914a2eb21a54fd26,34366 2 34888 8 35411 10 35934 13 36457 15 36980 17 37507 14 38032 13 38556 13 39080 13 39605 12 40130 11 40654 10 41178 10 41702 9 42226 8 42750 7 43274 6 43798 4 44322 3 44846 2 45369 2 45892 2 46415 1 46938 1
3c4c675825f7509877bc10497f498c9a2e3433bf922bd870914a2eb21a54fd26,66332 1 66855 3 67378 4 67902 4 68426 3 68950 3 69473 3 69997 3 70520 4 71044 3 71568 2 72092 2 72616 1
3c4c675825f7509877bc10497f498c9a2e3433bf922bd870914a2eb21a54fd26,151231 1 151754 1 152276 3 152799 3 153321 4 153844 4 154367 4 154890 4 155414 2 155937 2 156461 1
3c4c675825f7509877bc10497f498c9a2e3433bf922bd870914a2eb21a54fd26,163277 4 163800 6 164324 6 164847 7 165370 8 165894 7 166417 8 166941 8 167467 6 167993 4 168518 3 169042 3 169566 3 170090 3 170614 2 171138 2
3c4c675825f7509877bc10497f498c9a2e3433bf922bd870914a2eb21a54fd26,844 2 1368 2 1890 5 2413 7 2936 9 3460 9 3983 10 4507 10 5030 10 5554 10 6077 11 6601 11 7124 11 7648 11 8172 10 8696 10 9223 6 9750 1
3c4c675825f7509877bc10497f498c9a2e3433bf922bd870914a2eb21a54fd26,176381 2 176904 4 177427 5 177951 5 178475 5 178999 4 179523 4 180047 3 180571 2 181095 1 181618 2
3c4c675825f7509877bc10497f498c9a2e3433bf922bd870914a2eb21a54fd26,44348 5 44871 7 45394 9 45917 10 46440 12 46964 12 47487 13 48010 14 48534 14 49057 15 49581 16 50104 17 50628 17 51152 16 51675 16 52199 14 52722 13 53245 12 53768 11 54291 10 54814 8 55338 2 55861 1
3c4c675825f7509877bc10497f498c9a2e3433bf922bd870914a2eb21a54fd26,80505 2 81028 3 81551 5 82074 6 82597 7 83120 8 83643 9 84166 10 84689 11 85213 11 85737 11 86262 10 86786 10 87310 9 87834 9 88359 8 88883 7 89407 7 89932 6 90461 1
3c4c675825f7509877bc10497f498c9a2e3433bf922bd870914a2eb21a54fd26,123479 1 124002 2 124526 1 125049 2 125572 3 126096 2 126619 2 127143 2 127666 2 128189 3 128712 3 129235 3 129758 4 130281 4 130804 4
3c4c675825f7509877bc10497f498c9a2e3433bf922bd870914a2eb21a54fd26,152299 2 152822 3 153345 5 153868 6 154392 6 154915 7 155439 4
3c4c675825f7509877bc10497f498c9a2e3433bf922bd870914a2eb21a54fd26,4666 1 5189 2 5712 4 6236 4 6760 3 7283 4 7808 2 8332 2 8856 1
432f367a4c5b5674de2e2977744d10289a064e5704b21af6607b4975be47c580,8842 1 9362 1 9882 1 10402 1 10922 1 11442 2 11962 2 12482 3 13002 3 13522 3 14042 4 14562 4 15082 4 15602 4 16122 3 16642 2
432f367a4c5b5674de2e2977744d10289a064e5704b21af6607b4975be47c580,119602 7 120122 9 120642 9 121162 9 121682 10 122202 10 122723 10 123245 9
432f367a4c5b5674de2e2977744d10289a064e5704b21af6607b4975be47c580,82173 2 82691 7 83209 12 83727 13 84246 14 84769 10 85293 4
432f367a4c5b5674de2e2977744d10289a064e5704b21af6607b4975be47c580,172658 2 173175 4 173694 5 174213 5 174733 6 175254 5 175774 6 176294 7 176813 9 177333 10 177855 9 178381 4 178903 3 179424 3 179944 3
432f367a4c5b5674de2e2977744d10289a064e5704b21af6607b4975be47c580,98827 4 99344 8 99861 11 100381 11 100901 11 101422 10 101944 6
432f367a4c5b5674de2e2977744d10289a064e5704b21af6607b4975be47c580,116510 6 117028 9 117548 10 118069 10 118589 11 119108 12 119628 12 120147 13 120667 13 121187 12 121708 11 122229 9 122750 8 123271 6 123792 5 124313 4 124833 4 125354 3 125874 3
432f367a4c5b5674de2e2977744d10289a064e5704b21af6607b4975be47c580,552 4 1073 3 1593 4 2114 4 2634 4 3155 4 3675 5 4195 5 4715 6 5234 7 5754 8 6274 8 6795 7 7315 7 7836 7 8358 5 8879 4
432f367a4c5b5674de2e2977744d10289a064e5704b21af6607b4975be47c580,165397 9 165916 10 166436 10 166955 12 167475 12 167995 12 168516 11 169036 10 169556 10 170076 10 170598 7
432f367a4c5b5674de2e2977744d10289a064e5704b21af6607b4975be47c580,61402 1 61921 3 62441 3 62960 4 63479 5 64000 4 64522 1
432f367a4c5b5674de2e2977744d10289a064e5704b21af6607b4975be47c580,147220 3 147736 9 148253 13 148770 18 149282 23 149808 10
432f367a4c5b5674de2e2977744d10289a064e5704b21af6607b4975be47c580,34889 6 35408 8 35927 5 35933 3 36446 3 36455 1 36964 3
432f367a4c5b5674de2e2977744d10289a064e5704b21af6607b4975be47c580,15128 4 15646 9 16165 10 16685 11 17205 11 17726 11 18246 12 18766 13 19286 14 19806 15 20325 15 20847 11 21370 7 21892 3 22413 1
432f367a4c5b5674de2e2977744d10289a064e5704b21af6607b4975be47c580,94174 10 94694 11 95214 11 95734 12 96257 10 96779 8 97300 7 97822 5 98344 3
432f367a4c5b5674de2e2977744d10289a064e5704b21af6607b4975be47c580,116058 5 116544 2 116578 4 117062 6 117097 5 117585 6 117616 5 118107 7 118125 1 118134 7 118628 6 118645 5 118652 9 119149 6 119164 17 119670 7 119682 19 120191 11 120209 12 120711 9 120731 9 121232 6 121253 5 121753 4
432f367a4c5b5674de2e2977744d10289a064e5704b21af6607b4975be47c580,134748 3 135267 5 135786 5 136306 5 136825 6 137345 6 137864 6 138384 6 138904 5 139424 5 139944 4 140464 3 140985 2 141505 1
432f367a4c5b5674de2e2977744d10289a064e5704b21af6607b4975be47c580,17748 6 18267 7 18787 7 19307 6
432f367a4c5b5674de2e2977744d10289a064e5704b21af6607b4975be47c580,57793 9 58312 11 58832 12 59352 13 59873 13 60393 13 60914 12 61435 11 61956 10 62477 10 62999 7
432f367a4c5b5674de2e2977744d10289a064e5704b21af6607b4975be47c580,77035 5 77554 7 78074 7 78594 8 79114 8 79634 8 80156 6
432f367a4c5b5674de2e2977744d10289a064e5704b21af6607b4975be47c580,104077 4 104596 6 105114 8 105633 9 106154 8 106674 8 107194 7
432f367a4c5b5674de2e2977744d10289a064e5704b21af6607b4975be47c580,161275 3 161794 5 162315 5 162835 6 163356 6 163876 8 164399 1
432f367a4c5b5674de2e2977744d10289a064e5704b21af6607b4975be47c580,138403 5 138923 8 139444 7 139964 5
432f367a4c5b5674de2e2977744d10289a064e5704b21af6607b4975be47c580,43250 2 43769 5 44288 9 44807 12 45326 15 45846 17 46367 17 46887 19 47408 19 47929 19 48460 9 48984 6 49506 6 50029 7 50551 4 51073 2 51594 1
432f367a4c5b5674de2e2977744d10289a064e5704b21af6607b4975be47c580,152451 5 152970 8 153490 9 154011 8 154531 8 155052 7 155575 4
432f367a4c5b5674de2e2977744d10289a064e5704b21af6607b4975be47c580,91620 7 92138 11 92656 14 93175 16 93693 18 94213 18 94732 20 95252 7 95267 5
432f367a4c5b5674de2e2977744d10289a064e5704b21af6607b4975be47c580,72894 9 73413 12 73933 14 74453 15 74974 15 75495 15 76015 15 76536 14 77056 14 77577 13 78097 13 78618 12 79140 10 79662 6
432f367a4c5b5674de2e2977744d10289a064e5704b21af6607b4975be47c580,24537 6 25057 8 25577 9 26097 9 26617 9 27138 8 27658 8 28178 7 28699 6 29219 6 29740 5 30260 5 30780 5 31300 5 31821 4 32341 4 32861 4 33382 3 33902 3 34423 2 34943 2
432f367a4c5b5674de2e2977744d10289a064e5704b21af6607b4975be47c580,59393 2 59913 2 60432 3 60941 2 60951 4 61461 5 61469 6 61980 15 62501 14 63031 4
432f367a4c5b5674de2e2977744d10289a064e5704b21af6607b4975be47c580,128560 2 129073 9 129589 14 130106 16 130625 17 131145 16 131667 5
432f367a4c5b5674de2e2977744d10289a064e5704b21af6607b4975be47c580,156636 5 157153 10 157672 12 158190 15 158709 16 159228 17 159748 17 160267 18 160786 19 161306 19 161826 19 162345 18 162865 17 163386 13 163909 7
432f367a4c5b5674de2e2977744d10289a064e5704b21af6607b4975be47c580,107232 4 107750 7 108269 8 108788 9 109308 9 109828 7 110350 2
432f367a4c5b5674de2e2977744d10289a064e5704b21af6607b4975be47c580,174830 5 175348 8 175867 9 176387 9 176907 9 177427 8
432f367a4c5b5674de2e2977744d10289a064e5704b21af6607b4975be47c580,17286 4 17803 7 18321 9 18840 10 19359 10 19879 10 20399 10 20919 9 21442 3
432f367a4c5b5674de2e2977744d10289a064e5704b21af6607b4975be47c580,27684 3 28203 7 28723 7 29243 7 29763 6 30285 3
432f367a4c5b5674de2e2977744d10289a064e5704b21af6607b4975be47c580,142609 1 143128 2 143648 3 144167 4 144686 4 145205 5 145725 4 146245 4 146765 4 147285 4 147806 2
432f367a4c5b5674de2e2977744d10289a064e5704b21af6607b4975be47c580,41215 1 41735 1 42254 1 42769 1 42772 3 43289 6 43808 6 44328 4 44848 3 45369 1
432f367a4c5b5674de2e2977744d10289a064e5704b21af6607b4975be47c580,76575 9 77093 12 77612 14 78131 16 78650 18 79170 18 79690 19 80210 19 80731 18 81251 18 81773 16 82298 10
432f367a4c5b5674de2e2977744d10289a064e5704b21af6607b4975be47c580,107780 6 108300 7 108821 7 109340 8 109860 9 110379 10 110898 10 111416 12 111931 18 112452 17 112973 16 113494 15 114017 11 114539 9 115062 5
432f367a4c5b5674de2e2977744d10289a064e5704b21af6607b4975be47c580,94775 6 95295 8 95816 6 96338 4 96859 3 97380 2 97901 2 98421 2
432f367a4c5b5674de2e2977744d10289a064e5704b21af6607b4975be47c580,64099 2 64619 10 65139 11 65660 11 66180 13 66701 12 67221 12 67741 12 68262 11 68784 9
432f367a4c5b5674de2e2977744d10289a064e5704b21af6607b4975be47c580,664 14 1184 13 1705 11 2226 8 2748 3
432f367a4c5b5674de2e2977744d10289a064e5704b21af6607b4975be47c580,125985 2 126504 4 127023 5 127543 6 128063 7 128584 8 129104 10 129625 11 129649 4 130145 29 130665 21 131187 17 131710 13 132233 9 132756 6 133280 1
432f367a4c5b5674de2e2977744d10289a064e5704b21af6607b4975be47c580,167071 6 167590 9 168110 10 168629 11 169148 13 169668 13 170187 15 170706 16 171226 16 171746 16 172266 16 172786 16 173306 16 173826 17 174346 17 174866 2 174876 8 175385 1 175398 7 175920 7 176441 14 176962 13 177482 13 178003 11 178524 10 179046 6 179567 4 180087 4
432f367a4c5b5674de2e2977744d10289a064e5704b21af6607b4975be47c580,90633 6 91152 8 91672 9 92191 10 92710 11 93229 11 93752 8 94274 5 94795 4 95316 4 95836 4 96357 4 96877 6 97397 7 97421 1 97916 10 97941 2 98436 12 98460 4 98956 13 98979 5 99477 13 99498 6 99998 14 100016 8 100519 22 101040 16 101561 13 102082 10 102605 5
432f367a4c5b5674de2e2977744d10289a064e5704b21af6607b4975be47c580,136922 2 137441 4 137961 3 138481 3 139002 2 139521 3 140041 4 140560 5 141079 6 141597 8 142115 10 142633 12 143152 13 143670 13 144190 12 144709 12 145231 6
432f367a4c5b5674de2e2977744d10289a064e5704b21af6607b4975be47c580,10570 5 11087 9 11607 10 12126 12 12646 13 13166 13 13686 14 14206 16 14725 19 15245 21 15765 21 16284 23 16804 23 17324 23 17843 24 18363 23 18883 22 19404 12 19928 3
432f367a4c5b5674de2e2977744d10289a064e5704b21af6607b4975be47c580,63614 1 64134 3 64655 3 65175 3 65696 2 66216 2 66737 2 67257 2 67777 3 68298 2 68818 2 69339 1 69859 1
432f367a4c5b5674de2e2977744d10289a064e5704b21af6607b4975be47c580,120294 10 120815 9 121337 5
432f367a4c5b5674de2e2977744d10289a064e5704b21af6607b4975be47c580,28776 3 29296 14 29817 13 30337 13 30858 12 31378 12 31898 12 32419 11 32939 11 33459 11 33979 12 34499 12 35020 12 35540 13 35574 1 36061 13 36093 3 36582 14 36613 4 37103 14 37132 6 37623 15 37652 6 38144 14 38172 6 38664 14 38692 6 39185 13 39212 6 39705 13 39731 7 40225 13 40251 7 40745 14 40770 9 41265 14 41289 10 41784 16 41808 12 42304 18 42326 14 42823 24 42850 10 43343 22 43372 8 43862 21 43893 7 44382 20 44414 5 44902 18 44934 5 45422 17 45455 4 45943 15 45975 4 46465 12 46496 4 46987 9 47016 4 47508 7 47536 5 48029 6 48056 5 48549 5 48576 6 49070 4 49096 6 49590 4 49615 7 50110 4 50135 8 50629 5 50655 8 51149 6 51174 9 51668 7 51694 9 52187 7 52213 9 52706 7 52733 9 53224 8 53252 9 53743 9 53771 10 54262 9 54291 9 54781 10 54810 10 55302 9 55330 10 55823 8 55850 11 56344 7 56370 11 56866 5 56890 12 57410 12 57930 12 58451 11 58973 9 59498 4
432f367a4c5b5674de2e2977744d10289a064e5704b21af6607b4975be47c580,90661 5 91180 6 91700 6 92220 5 92740 3 93260 2 93781 1
432f367a4c5b5674de2e2977744d10289a064e5704b21af6607b4975be47c580,139547 4 140064 11 140585 11 141105 12 141626 12 142147 12 142668 11 143189 11 143710 10 144231 9 144752 9 145273 8
432f367a4c5b5674de2e2977744d10289a064e5704b21af6607b4975be47c580,107319 3 107838 4 108357 5 108877 5 109396 6 109915 7 110435 6 110954 7 111474 6 111994 6 112515 5 113036 5 113557 4 114079 3 114600 2
432f367a4c5b5674de2e2977744d10289a064e5704b21af6607b4975be47c580,166079 4 166598 6 167117 8 167637 9 168156 10 168675 11 169194 13 169714 13 170234 13 170754 13 171277 2
432f367a4c5b5674de2e2977744d10289a064e5704b21af6607b4975be47c580,153598 4 154118 6 154638 8 155158 9 155678 10 156198 11 156719 12 157240 13 157770 9 158292 8 158814 6 159335 6 159856 2
432f367a4c5b5674de2e2977744d10289a064e5704b21af6607b4975be47c580,124488 6 125001 16 125520 19 126041 13 126563 8
432f367a4c5b5674de2e2977744d10289a064e5704b21af6607b4975be47c580,13209 3 13724 9 14244 10 14763 11 15283 10 15802 7 16321 6 16843 3 17364 1
432f367a4c5b5674de2e2977744d10289a064e5704b21af6607b4975be47c580,88610 4 89126 8 89643 11 90161 13 90682 12 91202 12 91722 12 92243 11 92764 10 93286 8
432f367a4c5b5674de2e2977744d10289a064e5704b21af6607b4975be47c580,21007 2 21526 6 22045 8 22565 9 23084 11 23603 10 24123 4
432f367a4c5b5674de2e2977744d10289a064e5704b21af6607b4975be47c580,738 10 1258 10 1777 12 2295 14 2815 14 3334 15 3854 15 4375 14 4895 14 5416 12 5937 9 6459 3
432f367a4c5b5674de2e2977744d10289a064e5704b21af6607b4975be47c580,136457 2 136974 8 137494 11 138014 15 138534 17 139055 15 139575 15 140096 14 140616 14 141137 13 141658 11 142179 10 142700 8 143221 7 143742 5 144263 3 144784 2
432f367a4c5b5674de2e2977744d10289a064e5704b21af6607b4975be47c580,99021 8 99540 10 100058 13 100578 13 101099 12 101620 11 102142 9 102665 6
432f367a4c5b5674de2e2977744d10289a064e5704b21af6607b4975be47c580,28302 5 28822 8 29341 14 29861 17 30380 18 30903 15 31427 10 31951 6
432f367a4c5b5674de2e2977744d10289a064e5704b21af6607b4975be47c580,159872 5 160389 8 160908 9 161429 8 161949 8 162470 7 162991 6 163512 5
432f367a4c5b5674de2e2977744d10289a064e5704b21af6607b4975be47c580,43921 3 44439 6 44959 7 45479 8 45999 8 46519 8 47039 8 47560 7 48081 6
432f367a4c5b5674de2e2977744d10289a064e5704b21af6607b4975be47c580,139607 7 140126 9 140645 10 141163 12 141682 13 142202 13 142723 12 143245 11 143767 9 144288 9 144809 9 145330 10 145850 16 146371 16 146891 16 147411 16 147931 16 148451 16 148971 16 149492 15 150013 13 150534 11 151055 9 151577 6
432f367a4c5b5674de2e2977744d10289a064e5704b21af6607b4975be47c580,174447 6 174964 10 175482 12 176001 13 176521 14 177041 13 177561 13 178081 13 178604 10 179126 9 179647 8 180167 9
432f367a4c5b5674de2e2977744d10289a064e5704b21af6607b4975be47c580,768 3 1288 3 1807 4 2327 4 2847 4 3366 6 3886 6 4406 6 4926 6 5446 6 5967 4
432f367a4c5b5674de2e2977744d10289a064e5704b21af6607b4975be47c580,89701 5 90219 8 90738 10 91257 12 91776 13 92294 15 92809 6 92817 12 93327 6 93339 10 93846 6 93862 7 94365 6 94885 6 95405 5 95925 5 96445 4 96965 4 97485 4
432f367a4c5b5674de2e2977744d10289a064e5704b21af6607b4975be47c580,59530 5 60049 6 60567 8 61087 8 61607 9 62127 9 62647 10 63170 5
432f367a4c5b5674de2e2977744d10289a064e5704b21af6607b4975be47c580,120376 12 120893 16 121412 18 121931 19 122451 19 122971 19 123492 18 124013 16 124538 10 125060 8 125581 6 126102 5 126622 6 127143 5 127663 6 128183 7 128703 7 129223 8 129742 9 130263 8 130783 9 131303 9 131823 8 132343 8 132863 8 133384 6
432f367a4c5b5674de2e2977744d10289a064e5704b21af6607b4975be47c580,159372 6 159891 13 160411 13 160931 13 161451 9 161972 5
432f367a4c5b5674de2e2977744d10289a064e5704b21af6607b4975be47c580,109986 3 110495 14 111014 15 111534 16 112054 16 112575 15 113096 14 113619 11
432f367a4c5b5674de2e2977744d10289a064e5704b21af6607b4975be47c580,74095 4 74615 7 75135 10 75655 10 76175 10 76696 9 77216 10 77737 9 78258 7
432f367a4c5b5674de2e2977744d10289a064e5704b21af6607b4975be47c580,15864 2 16383 3 16902 5 17421 7 17939 10 18458 12 18978 13 19497 15 20017 16 20537 12
432f367a4c5b5674de2e2977744d10289a064e5704b21af6607b4975be47c580,50704 4 51219 10 51737 12 52257 12 52777 13 53298 12 53818 12 54339 11 54861 10 55382 9 55904 6
432f367a4c5b5674de2e2977744d10289a064e5704b21af6607b4975be47c580,29913 2 30430 5 30948 6 31466 8 31983 10 32502 11 33023 9 33547 5 34069 2
432f367a4c5b5674de2e2977744d10289a064e5704b21af6607b4975be47c580,9111 5 9627 11 10145 12 10664 13 11184 12 11704 9 12224 5 12745 2 13265 1
432f367a4c5b5674de2e2977744d10289a064e5704b21af6607b4975be47c580,62153 3 62670 9 63186 16 63705 18 64229 15 64752 12 65277 7
432f367a4c5b5674de2e2977744d10289a064e5704b21af6607b4975be47c580,102707 6 103227 8 103747 9 104269 8 104790 9 105311 9 105832 10 106354 9 106876 8 107402 3
432f367a4c5b5674de2e2977744d10289a064e5704b21af6607b4975be47c580,39805 2 40315 11 40836 8
432f367a4c5b5674de2e2977744d10289a064e5704b21af6607b4975be47c580,74641 7 75160 12 75679 10 76199 8
432f367a4c5b5674de2e2977744d10289a064e5704b21af6607b4975be47c580,163575 3 164094 5 164613 6 165132 8 165651 9 166170 9 166690 9 167209 9 167728 10 168247 10 168766 11 169285 11 169804 12 170323 13 170842 14 171361 14 171880 11 172399 7 172920 4
432f367a4c5b5674de2e2977744d10289a064e5704b21af6607b4975be47c580,51766 5 52284 7 52803 8 53323 7 53843 7 54363 6 54883 6 55402 6 55922 6 56444 3
432f367a4c5b5674de2e2977744d10289a064e5704b21af6607b4975be47c580,808 3 1328 3 1847 5 2366 6 2885 7 3406 6
432f367a4c5b5674de2e2977744d10289a064e5704b21af6607b4975be47c580,152130 4 152648 8 153167 10 153687 11 154207 12 154728 10 155249 7 155770 4
432f367a4c5b5674de2e2977744d10289a064e5704b21af6607b4975be47c580,29935 3 30454 5 30973 8 31493 9 32013 10 32533 11 33054 12 33574 12 34094 13 34615 12 35136 11 35657 9
432f367a4c5b5674de2e2977744d10289a064e5704b21af6607b4975be47c580,93901 4 94417 9 94935 11 95455 11 95975 11 96495 11 97016 10 97536 10 98056 10 98578 7
432f367a4c5b5674de2e2977744d10289a064e5704b21af6607b4975be47c580,6550 5 7068 10 7587 13 8107 14 8626 15 9147 14 9668 12 10189 10 10711 6
432f367a4c5b5674de2e2977744d10289a064e5704b21af6607b4975be47c580,45552 1 46072 1 46593 1 47113 3 47634 8 47644 1 48155 13 48675 13 49196 12 49717 11 50238 10 50759 9 51280 8 51801 7 52323 5 52846 2
432f367a4c5b5674de2e2977744d10289a064e5704b21af6607b4975be47c580,140198 9 140715 13 141232 16 141753 15 142273 15 142794 14 143315 12
432f367a4c5b5674de2e2977744d10289a064e5704b21af6607b4975be47c580,27354 8 27874 10 28395 10 28916 10 29436 10 29957 9 30480 6
432f367a4c5b5674de2e2977744d10289a064e5704b21af6607b4975be47c580,73642 8 74160 12 74679 13 75198 14 75717 15 76237 15 76756 16 77275 17 77795 17 78316 16 78837 15 79358 14 79880 12 80401 11 80922 10 81445 7
432f367a4c5b5674de2e2977744d10289a064e5704b21af6607b4975be47c580,103280 5 103795 12 104316 13 104839 6
432f367a4c5b5674de2e2977744d10289a064e5704b21af6607b4975be47c580,164123 6 164641 8 165160 10 165680 10 166200 10 166720 10 167240 9 167760 8 168280 6 168800 4
432f367a4c5b5674de2e2977744d10289a064e5704b21af6607b4975be47c580,128252 5 128768 10 129286 12 129805 13 130324 15 130843 16 131363 16 131882 17 132402 17 132922 16 133442 15 133963 12 134489 1
432f367a4c5b5674de2e2977744d10289a064e5704b21af6607b4975be47c580,88726 9 88739 1 89246 13 89766 12 90286 12 90806 11 91326 11 91846 11 92367 9 92887 9 93408 8 93928 8 94449 6 94969 6 95491 3
432f367a4c5b5674de2e2977744d10289a064e5704b21af6607b4975be47c580,103295 5 103813 8 104331 10 104850 11 105372 9 105894 7 106415 6 106936 5 107458 3 107979 2
432f367a4c5b5674de2e2977744d10289a064e5704b21af6607b4975be47c580,18534 9 19052 12 19573 13 20093 14 20614 14 21136 13 21659 10 22183 6
432f367a4c5b5674de2e2977744d10289a064e5704b21af6607b4975be47c580,140240 2 140759 3 141277 6 141794 9 142311 13 142828 17 143346 20 143865 22 144384 23 144903 23 145421 18 145940 17 146459 16 146979 14 147498 14 148018 13 148538 13 149058 12 149580 9 150102 7 150625 1
432f367a4c5b5674de2e2977744d10289a064e5704b21af6607b4975be47c580,173505 8 174024 10 174542 13 175060 15 175578 17 176098 17 176619 16 177139 15 177660 14 178180 13 178702 10 179224 6 179745 4 180265 4
432f367a4c5b5674de2e2977744d10289a064e5704b21af6607b4975be47c580,84068 7 84083 1 84584 24 85104 26 85624 28 86143 13 86159 13 86663 9 86681 12 87182 4 87203 10 87702 1 87724 9 88245 8 88765 7 89286 3 89806 1
432f367a4c5b5674de2e2977744d10289a064e5704b21af6607b4975be47c580,2429 1 2948 3 3467 4 3986 6 4505 7 5025 7 5544 8 6064 8 6584 7 7103 8 7623 8 8143 8 8663 7 9184 6 9704 6 10224 6 10744 6 11264 6 11783 7 12303 5
432f367a4c5b5674de2e2977744d10289a064e5704b21af6607b4975be47c580,28953 7 29470 14 29988 17 30508 18 31028 17 31548 15 32068 13 32588 11 33109 8 33629 7 34150 5 34671 3
432f367a4c5b5674de2e2977744d10289a064e5704b21af6607b4975be47c580,151194 1 151712 4 152229 8 152744 14 153261 18 153779 4 153789 11 154297 4 154311 10 154814 6 154832 11 155331 8 155353 12 155852 7 155874 11 156372 6 156395 11 156892 6 156915 11 157411 8 157436 10 157931 8 157956 9 158450 10 158477 8 158969 12 159000 3 159489 12 160009 12 160528 13 161048 13 161567 5 161576 5 162086 4 162605 4 163123 6 163636 12 164156 12 164676 12 165196 13 165716 13 166236 13 166756 13 167277 12 167798 11 168319 11 168840 10 169361 9 169882 8 170404 6 170926 5 171447 4 171968 4 172489 5 173011 4
432f367a4c5b5674de2e2977744d10289a064e5704b21af6607b4975be47c580,53411 10 53932 10 54452 11 54972 11 55493 10 56013 10 56533 9 57052 9 57572 6 58091 3 58610 2 59128 3 59638 13 60159 11 60680 10 61200 10 61721 10 62242 9 62763 8 63284 7 63804 7 64326 5 64847 4 65368 3 65889 3 66410 2 66930 3 67451 4 67971 6 68490 11 69010 11 69529 12 70049 12 70568 13 71088 13 71607 12 72127 10 72646 10 73166 8 73686 7 74205 7 74725 6
432f367a4c5b5674de2e2977744d10289a064e5704b21af6607b4975be47c580,92402 2 92920 4 93438 6 93958 6 94478 6 94998 6 95518 6 96038 6 96558 6 97078 6 97600 4
432f367a4c5b5674de2e2977744d10289a064e5704b21af6607b4975be47c580,112158 4 112678 5 113198 6 113718 7 114238 9 114758 11 115279 12 115799 13 116319 13 116840 12 117360 12 117881 10
432f367a4c5b5674de2e2977744d10289a064e5704b21af6607b4975be47c580,20123 5 20642 6 21161 8 21681 9 22200 11 22721 10 23242 9 23763 4
432f367a4c5b5674de2e2977744d10289a064e5704b21af6607b4975be47c580,133484 8 134001 13 134520 12 135039 11 135559 8 136079 6 136600 3 137121 1 137641 1
432f367a4c5b5674de2e2977744d10289a064e5704b21af6607b4975be47c580,890 13 1410 13 1929 14 2449 14 2969 15 3489 15 4009 16 4529 16 5049 16 5570 15 6090 15 6610 15 7131 13 7657 3
432f367a4c5b5674de2e2977744d10289a064e5704b21af6607b4975be47c580,40409 8 40929 8 41449 8 41969 8 42490 7 43010 6 43531 5
432f367a4c5b5674de2e2977744d10289a064e5704b21af6607b4975be47c580,102811 7 103330 14 103849 19 104369 19 104889 20 105409 20 105930 19 106452 17 106974 15 107497 9
432f367a4c5b5674de2e2977744d10289a064e5704b21af6607b4975be47c580,27938 10 28458 10 28978 10 29498 10 30018 10 30538 10 31059 9 31580 7 32101 6 32623 4
432f367a4c5b5674de2e2977744d10289a064e5704b21af6607b4975be47c580,169915 3 170433 6 170951 9 171469 7 171981 4 171986 8 172499 12
432f367a4c5b5674de2e2977744d10289a064e5704b21af6607b4975be47c580,136105 6 136621 12 137142 11 137663 10 138184 9 138705 8 139226 6 139748 4 140270 1
432f367a4c5b5674de2e2977744d10289a064e5704b21af6607b4975be47c580,17030 5 17549 8 18069 8 18589 8 19108 9 19628 9 20147 10 20667 10 21188 9 21708 9 22232 5
432f367a4c5b5674de2e2977744d10289a064e5704b21af6607b4975be47c580,123113 6 123631 9 124150 11 124669 13 125189 14 125709 14 126230 14 126752 13 127274 8
432f367a4c5b5674de2e2977744d10289a064e5704b21af6607b4975be47c580,86201 3 86717 10 87236 11 87755 12 88275 12 88794 13 89314 11 89833 9 90356 2
432f367a4c5b5674de2e2977744d10289a064e5704b21af6607b4975be47c580,94516 2 95035 7 95555 9 96074 11 96594 12 97115 12 97635 13 98156 12 98678 11 99199 10 99720 9 100241 8 100762 7 101283 5 101803 4 102324 3 102844 2 103363 3 103883 3 104402 5 104921 6 105441 7 105961 8 106480 11 107001 12 107523 12 108044 12 108564 12 109085 10 109606 9 110127 7 110648 6 111168 6 111689 5 112209 5 112729 5 113250 4 113770 4
432f367a4c5b5674de2e2977744d10289a064e5704b21af6607b4975be47c580,68517 2 69038 4 69557 9 70077 9 70596 11 71116 12 71636 12 72156 13 72676 13 73197 12 73718 11 74239 11 74764 6
432f367a4c5b5674de2e2977744d10289a064e5704b21af6607b4975be47c580,38363 6 38882 8 39401 9 39921 9 40440 10 40960 10 41479 10 41999 9 42518 9 43038 9 43557 9 44077 9 44597 8 45118 7 45639 6 46160 5 46680 5 47201 4
432f367a4c5b5674de2e2977744d10289a064e5704b21af6607b4975be47c580,58124 14 58642 18 59162 22 59683 21 60203 21 60724 20 61244 20 61765 18 62286 17 62807 15 63328 14 63849 12 64370 11 64890 11 65414 7 65940 1
432f367a4c5b5674de2e2977744d10289a064e5704b21af6607b4975be47c580,146528 13 147048 13 147569 12 148094 3
432f367a4c5b5674de2e2977744d10289a064e5704b21af6607b4975be47c580,118464 1 118984 1 119503 2 120022 3 120540 5 121055 9 121574 8 122094 6 122615 2
432f367a4c5b5674de2e2977744d10289a064e5704b21af6607b4975be47c580,133541 5 134053 13 134574 11 135096 9 135618 6
432f367a4c5b5674de2e2977744d10289a064e5704b21af6607b4975be47c580,170461 8 170979 10 171498 12 172017 13 172537 13 173058 12 173578 12 174098 10 174619 5
432f367a4c5b5674de2e2977744d10289a064e5704b21af6607b4975be47c580,73745 7 74263 11 74782 22 75304 22 75826 20 76348 18 76871 15 77393 13 77915 11 78437 8
432f367a4c5b5674de2e2977744d10289a064e5704b21af6607b4975be47c580,15505 5 16024 7 16544 7 17064 8 17583 9 18103 9 18623 9 19143 9 19663 9 20183 9 20704 8 21226 5
432f367a4c5b5674de2e2977744d10289a064e5704b21af6607b4975be47c580,45670 9 46189 11 46707 14 47227 15 47746 16 48265 18 48785 18 49305 19 49824 20 50345 20 50865 20 51385 21 51905 21 52425 20 52946 19 53466 19 53987 18 54507 17 55028 16 55550 14 56072 13 56594 11 57115 11 57636 11 58157 11 58677 12 59198 12 59718 13 60238 13 60758 13 61278 12 61800 8 62322 3
432f367a4c5b5674de2e2977744d10289a064e5704b21af6607b4975be47c580,132531 8 133050 12 133568 16 134087 18 134607 19 135126 22 135645 25 136165 22 136684 21 137204 19 137724 18 138244 16 138765 13 139287 10
432f367a4c5b5674de2e2977744d10289a064e5704b21af6607b4975be47c580,98727 6 99246 8 99766 8 100286 9 100807 8 101327 9 101848 8 102369 7 102892 5
432f367a4c5b5674de2e2977744d10289a064e5704b21af6607b4975be47c580,33216 10 33734 14 34253 16 34772 18 35292 20 35812 21 36332 22 36853 21 37374 20 37896 17 38418 14 38940 11 39461 10 39981 9 40502 8 41022 8 41542 9 42062 9 42581 11 43101 12 43620 13 44139 14 44658 15 45177 16 45696 17 46216 16 46736 16 47256 16 47776 16 48297 15 48818 13 49342 8
432f367a4c5b5674de2e2977744d10289a064e5704b21af6607b4975be47c580,14502 4 15020 7 15538 10 16055 14 16574 16 17094 16 17614 16 18134 16 18654 15 19175 13 19694 13 20214 12 20734 10 21254 9 21774 6 22294 4 22814 2
432f367a4c5b5674de2e2977744d10289a064e5704b21af6607b4975be47c580,154378 13 154897 14 155416 16 155936 17 156456 18 156976 19 157495 20 158015 20 158534 22 159054 22 159574 21 160094 21 160614 21 161134 20 161654 19 162175 18 162696 16 163217 14 163739 11 164264 2
432f367a4c5b5674de2e2977744d10289a064e5704b21af6607b4975be47c580,978 49 1498 49 2020 47 2551 25 3073 21 3595 16 4118 8
432f367a4c5b5674de2e2977744d10289a064e5704b21af6607b4975be47c580,81587 5 82106 7 82624 9 83143 10 83662 11 84181 12 84700 12 85226 6
432f367a4c5b5674de2e2977744d10289a064e5704b21af6607b4975be47c580,55597 2 56116 3 56635 5 57154 6 57673 8 58191 11 58709 13 59228 15 59749 15 60270 15 60791 15 61311 16 61832 16 62352 17 62873 8 62887 4 63393 6 63410 6 63912 6 63932 6 64432 6 64453 4 64951 6 64974 1 65469 8 65987 9 66505 11 67023 13 67543 14 68063 14 68092 1 68584 14 68610 4 69104 15 69128 7 69625 16 69646 9 70146 4 70157 19 70679 17 71200 17 71721 16 72242 15 72763 14 73285 11 73808 7
432f367a4c5b5674de2e2977744d10289a064e5704b21af6607b4975be47c580,93558 6 94077 7 94597 8 95116 10 95137 4 95635 12 95655 7 96155 14 96173 9 96675 27 97195 27 97715 27 98235 26 98755 26 99276 24 99796 18 100316 16 100836 14 101355 4 101362 6 101875 2 102394 2 102913 2 103432 2 103951 3
432f367a4c5b5674de2e2977744d10289a064e5704b21af6607b4975be47c580,130495 2 131014 6 131533 8 132052 10 132074 1 132571 12 132593 1 133090 14 133111 3 133610 16 133629 5 134130 24 134649 26 135169 26 135688 28 136207 10 136224 12 136726 9 136753 4 137244 9 137275 3 137762 10 137796 4 138277 15 138798 13 139319 12 139839 11 140360 10 140882 7 141404 5 141926 3 142447 3 142968 2 143488 3 144009 3 144528 5 145048 7 145567 10 146087 12 146606 15 147126 15 147646 16 148165 17 148685 18 149205 19 149726 19 149752 8 150247 20 150269 11 150769 9 150780 20 151302 18 151823 17 152344 16 152864 16 153385 15 153905 15 154425 15 154946 14 155466 14 155987 12
432f367a4c5b5674de2e2977744d10289a064e5704b21af6607b4975be47c580,79557 3 80076 4 80578 7 80595 5 81094 13 81114 6 81611 18 81632 8 82128 32 82646 23 82673 7 83167 20 83196 4 83688 18 84209 16 84730 14 85250 11 85771 7 86291 4
432f367a4c5b5674de2e2977744d10289a064e5704b21af6607b4975be47c580,106573 2 107090 5 107609 6 108129 6 108649 7 109170 6 109692 4 110215 1
432f367a4c5b5674de2e2977744d10289a064e5704b21af6607b4975be47c580,115415 2 115934 4 116453 6 116971 10 117490 11 118009 11 118529 10 119049 10 119569 9 120089 8 120610 7 121131 5 121652 4 122172 3 122693 3 123213 3 123734 2 124254 2 124774 1
432f367a4c5b5674de2e2977744d10289a064e5704b21af6607b4975be47c580,30662 4 31180 8 31699 10 32217 14 32736 15 33255 15 33775 14 34295 13 34815 12 35336 9
432f367a4c5b5674de2e2977744d10289a064e5704b21af6607b4975be47c580,167937 8 168457 8 168977 8 169497 8 170017 8 170538 6 171059 5
432f367a4c5b5674de2e2977744d10289a064e5704b21af6607b4975be47c580,60834 1 61349 6 61868 8 62387 9 62906 11 63427 11 63948 12 64469 11 64990 10 65512 7
432f367a4c5b5674de2e2977744d10289a064e5704b21af6607b4975be47c580,113873 1 114392 2 114911 3 115430 3 115949 4 116468 5 116988 6 117510 4 118034 1
432f367a4c5b5674de2e2977744d10289a064e5704b21af6607b4975be47c580,50953 3 51472 7 51992 5 52512 4 53031 4 53551 3 54071 3 54591 2 55112 1
43a71aeb641faa18742cb826772a8566c6c947d7050f9ab15459de6cc2b3b6af,35362 1 35622 2 35882 4 36142 5 36402 6 36662 7 36922 7 37182 7 37442 7 37702 6 37962 3
43a71aeb641faa18742cb826772a8566c6c947d7050f9ab15459de6cc2b3b6af,21591 2 21850 4 22109 5 22369 5 22629 5 22890 4 23151 2 23411 2 23671 2 23931 1
43a71aeb641faa18742cb826772a8566c6c947d7050f9ab15459de6cc2b3b6af,15107 1 15364 5 15621 8 15879 10 16138 11 16397 11 16657 10 16917 9 17178 7 17440 2
43a71aeb641faa18742cb826772a8566c6c947d7050f9ab15459de6cc2b3b6af,40319 3 40577 10 40838 11 41099 11 41360 11 41621 10 41881 9 42142 8 42403 7 42664 5 42925 4 43188 1
43a71aeb641faa18742cb826772a8566c6c947d7050f9ab15459de6cc2b3b6af,66073 1 66333 2 66593 4 66854 5 67114 5 67375 4 67636 2
43a71aeb641faa18742cb826772a8566c6c947d7050f9ab15459de6cc2b3b6af,75192 4 75441 5 75451 5 75699 17 75958 18 76218 18 76477 19 76737 9 76749 7 76997 6 77013 3 77258 4
43a71aeb641faa18742cb826772a8566c6c947d7050f9ab15459de6cc2b3b6af,84800 3 85058 5 85317 6 85577 6 85837 6 86097 7 86358 7 86618 8 86879 9 87140 12 87404 8 87667 6 87928 5 88188 6 88449 5 88709 5 88969 5 89229 5
43a71aeb641faa18742cb826772a8566c6c947d7050f9ab15459de6cc2b3b6af,53609 5 53866 9 54124 11 54383 11 54644 8 54906 2
43a71aeb641faa18742cb826772a8566c6c947d7050f9ab15459de6cc2b3b6af,67132 2 67391 6 67650 11 67910 11 68170 11 68430 12 68690 11 68950 11 69209 12 69468 12 69728 10 69990 4
43a71aeb641faa18742cb826772a8566c6c947d7050f9ab15459de6cc2b3b6af,8890 2 9149 6 9409 7 9669 8 9930 6 10192 3
43a71aeb641faa18742cb826772a8566c6c947d7050f9ab15459de6cc2b3b6af,48155 3 48414 7 48674 8 48933 9 49195 8 49456 7 49716 6 49977 5 50238 3 50498 2 50758 1 51018 1
43a71aeb641faa18742cb826772a8566c6c947d7050f9ab15459de6cc2b3b6af,62978 9 63235 13 63494 15 63754 4 63761 8 64014 3 64022 8 64275 2 64282 8 64535 2 64542 8 64802 8 65062 8 65322 8 65582 8 65842 7 66103 5
43a71aeb641faa18742cb826772a8566c6c947d7050f9ab15459de6cc2b3b6af,83260 2 83517 4 83775 6 84035 5 84295 5
43a71aeb641faa18742cb826772a8566c6c947d7050f9ab15459de6cc2b3b6af,2149 2 2408 4 2667 5 2927 5 3186 6 3446 6 3705 7 3965 7 4226 6 4487 5 4748 4 5008 3 5268 3 5527 4 5785 6 6044 7 6304 7 6565 6 6825 7 7085 7 7345 7 7604 9 7863 10 8125 7 8387 5
43a71aeb641faa18742cb826772a8566c6c947d7050f9ab15459de6cc2b3b6af,12547 3 12805 8 13067 7 13328 6 13589 5 13850 3 14110 3 14371 1
43a71aeb641faa18742cb826772a8566c6c947d7050f9ab15459de6cc2b3b6af,38560 1 38818 5 39069 1 39075 9 39330 15 39591 14 39851 14 40112 13 40373 11 40635 9 40898 5
43a71aeb641faa18742cb826772a8566c6c947d7050f9ab15459de6cc2b3b6af,32840 1 33099 3 33358 4 33617 4 33876 5 34136 5 34396 4
43a71aeb641faa18742cb826772a8566c6c947d7050f9ab15459de6cc2b3b6af,50259 1 50517 4 50776 5 51036 6 51295 8 51555 8 51816 6
43a71aeb641faa18742cb826772a8566c6c947d7050f9ab15459de6cc2b3b6af,76520 4 76777 7 77039 6 77300 5 77560 5 77821 3 78081 3 78341 3 78601 3 78861 2 79121 1
43a71aeb641faa18742cb826772a8566c6c947d7050f9ab15459de6cc2b3b6af,16726 2 16984 5 17242 7 17500 10 17759 11 18019 11 18279 11 18540 10 18801 8 19062 7 19323 5
43a71aeb641faa18742cb826772a8566c6c947d7050f9ab15459de6cc2b3b6af,53394 4 53654 6 53915 5 54176 4 54437 3 54698 2
43a71aeb641faa18742cb826772a8566c6c947d7050f9ab15459de6cc2b3b6af,65358 10 65617 12 65876 14 66136 14 66396 15 66657 13 66918 12 67180 9 67442 6 67704 2
43a71aeb641faa18742cb826772a8566c6c947d7050f9ab15459de6cc2b3b6af,76023 2 76281 4 76541 4 76800 5 77059 5 77319 4 77580 1
43a71aeb641faa18742cb826772a8566c6c947d7050f9ab15459de6cc2b3b6af,10506 5 10763 9 11022 11 11283 10 11543 5
43a71aeb641faa18742cb826772a8566c6c947d7050f9ab15459de6cc2b3b6af,39361 4 39622 4 39883 3 40144 3 40404 3 40665 3 40926 2 41187 1
43a71aeb641faa18742cb826772a8566c6c947d7050f9ab15459de6cc2b3b6af,9480 3 9739 5 9999 6 10259 7 10519 7 10781 5 11043 4 11306 1
43a71aeb641faa18742cb826772a8566c6c947d7050f9ab15459de6cc2b3b6af,15727 1 15986 3 16244 6 16504 7 16764 8 17024 9 17284 9 17543 8
43a71aeb641faa18742cb826772a8566c6c947d7050f9ab15459de6cc2b3b6af,45376 3 45634 4 45893 4 46152 5 46411 5 46671 4 46931 3 47191 2 47450 1
43a71aeb641faa18742cb826772a8566c6c947d7050f9ab15459de6cc2b3b6af,80225 4 80481 9 80739 11 80997 14 81256 15 81516 15 81775 16 82035 16 82295 15 82556 14 82816 13 83077 11 83340 6
43a71aeb641faa18742cb826772a8566c6c947d7050f9ab15459de6cc2b3b6af,10539 5 10798 9 11058 11 11318 20 11581 18 11844 15 12108 1
43a71aeb641faa18742cb826772a8566c6c947d7050f9ab15459de6cc2b3b6af,70603 1 70863 7 71122 10 71382 10 71644 6 71905 4 72166 3 72427 1
43a71aeb641faa18742cb826772a8566c6c947d7050f9ab15459de6cc2b3b6af,14707 2 14966 8 15228 9 15491 8 15753 6 16014 5 16275 4 16537 1
43a71aeb641faa18742cb826772a8566c6c947d7050f9ab15459de6cc2b3b6af,32911 3 33168 6 33427 7 33686 9 33947 8 34207 9 34468 6 34729 2
43a71aeb641faa18742cb826772a8566c6c947d7050f9ab15459de6cc2b3b6af,73740 1 73999 3 74259 3 74518 5 74777 6 75037 6 75296 7 75555 8 75813 9 76069 13 76327 13 76587 12 76846 13 77106 11 77367 9 77628 4
43a71aeb641faa18742cb826772a8566c6c947d7050f9ab15459de6cc2b3b6af,27190 1 27450 2 27710 3 27970 4 28230 4 28489 5 28749 5 29009 4 29269 4 29528 4 29788 4
43a71aeb641faa18742cb826772a8566c6c947d7050f9ab15459de6cc2b3b6af,63605 4 63864 4 64123 4 64383 4 64643 4 64902 5 65162 2
43a71aeb641faa18742cb826772a8566c6c947d7050f9ab15459de6cc2b3b6af,424 8 684 8 944 8 1205 6 1466 5 1727 3 1988 1
43a71aeb641faa18742cb826772a8566c6c947d7050f9ab15459de6cc2b3b6af,65696 2 65956 2 66216 2 66475 3 66734 3 66994 2 67254 2 67514 1 67774 1 68033 2 68292 3 68551 3 68810 3 69068 3
43a71aeb641faa18742cb826772a8566c6c947d7050f9ab15459de6cc2b3b6af,88049 6 88311 9 88572 8 88832 8 89092 7 89353 5
43a71aeb641faa18742cb826772a8566c6c947d7050f9ab15459de6cc2b3b6af,9534 2 9793 7 10052 9 10312 10 10571 12 10832 14 11096 4 11105 5 11369 3
43a71aeb641faa18742cb826772a8566c6c947d7050f9ab15459de6cc2b3b6af,59986 2 60245 4 60504 5 60763 7 61021 9 61281 9 61541 9 61801 8 62062 7 62323 5 62584 2
43a71aeb641faa18742cb826772a8566c6c947d7050f9ab15459de6cc2b3b6af,70391 7 70649 10 70906 13 71164 15 71423 15 71682 15 71942 13 72203 11 72464 8 72728 2
43a71aeb641faa18742cb826772a8566c6c947d7050f9ab15459de6cc2b3b6af,730 1 985 6 1242 9 1497 14 1756 14 2017 13 2277 12 2538 10 2799 8 3062 1
43a71aeb641faa18742cb826772a8566c6c947d7050f9ab15459de6cc2b3b6af,25676 2 25936 4 26196 5 26455 6 26715 5 26976 2
43a71aeb641faa18742cb826772a8566c6c947d7050f9ab15459de6cc2b3b6af,75870 7 76127 10 76385 10 76643 10
43a71aeb641faa18742cb826772a8566c6c947d7050f9ab15459de6cc2b3b6af,11133 1 11391 5 11649 8 11909 9 12168 11 12427 13 12687 13 12947 14 13207 14 13468 14 13728 14 13989 13 14249 13 14511 11 14773 8 15037 1
43a71aeb641faa18742cb826772a8566c6c947d7050f9ab15459de6cc2b3b6af,63932 6 64191 7 64450 9 64709 9 64968 10 65227 10 65486 9 65748 1
43a71aeb641faa18742cb826772a8566c6c947d7050f9ab15459de6cc2b3b6af,77975 1 78234 3 78493 5 78752 6 79011 7 79271 7 79532 6 79792 6 80053 5 80314 3 80575 2
43a71aeb641faa18742cb826772a8566c6c947d7050f9ab15459de6cc2b3b6af,5194 1 5448 8 5704 14 5963 11 6223 9
43a71aeb641faa18742cb826772a8566c6c947d7050f9ab15459de6cc2b3b6af,14025 3 14285 8 14545 13 14805 13 15066 12 15326 12 15587 10 15847 10 16108 9 16369 8 16630 7 16890 7 17151 6 17412 5 17672 5 17933 5 18195 3 18458 1
43a71aeb641faa18742cb826772a8566c6c947d7050f9ab15459de6cc2b3b6af,26253 5 26511 8 26768 11 27029 7 27290 5 27551 3 27811 2 28071 1
43a71aeb641faa18742cb826772a8566c6c947d7050f9ab15459de6cc2b3b6af,43934 1 44193 5 44452 5 44711 5 44970 6 45230 5 45491 4 45751 3
44afae184c89e6ba55985b4d341acc1ae1e8b6ef96312064e0e6e630e022b078,216069 1 216078 1 216578 12 217090 11 217602 10 218114 9 218626 9 219138 9 219650 9 220162 9 220674 9 221186 9 221698 9 222210 9 222722 9 223234 9 223746 9 224258 10 224770 11 225282 12 225305 1 225794 13 225816 3 226306 25 226818 26 227330 27 227842 27 228354 27 228866 28 229378 28 229890 29 230402 30 230914 30 231426 23 231938 20 232450 15 232962 12 233474 5 233986 4 234498 3 235010 2 235522 1 236034 1
44afae184c89e6ba55985b4d341acc1ae1e8b6ef96312064e0e6e630e022b078,325153 1 325662 3 326173 3 326683 5 327194 5 327704 6 328216 6 328727 6 329238 7 329749 7 330261 6 330772 6 331283 6 331795 5 332306 5 332818 5 333329 5 333841 5 334356 1
44afae184c89e6ba55985b4d341acc1ae1e8b6ef96312064e0e6e630e022b078,267824 1 268336 1 268847 2 269358 3 269869 4 270381 4 270892 5 271403 5 271915 5 272426 5 272938 4 273449 4 273960 2
44afae184c89e6ba55985b4d341acc1ae1e8b6ef96312064e0e6e630e022b078,218158 4 218670 6 219181 8 219694 8 220207 7 220720 6 221233 6 221746 5 222259 4 222772 3 223285 2 223797 2 224309 2 224822 1 225334 1
44afae184c89e6ba55985b4d341acc1ae1e8b6ef96312064e0e6e630e022b078,200271 1 200783 2 201294 4 201805 5 202317 5 202829 5 203341 5 203853 5 204364 6 204876 6 205388 7 205900 7 206412 7 206925 5 207437 5 207949 5 208461 4 208973 4 209486 3 209998 3 210510 2 211022 2 211534 2 212046 1 212558 1
44afae184c89e6ba55985b4d341acc1ae1e8b6ef96312064e0e6e630e022b078,181376 3 181887 6 182398 8 182909 11 183420 14 183931 16 184441 18 184952 20 185444 4 185463 21 185956 6 185974 23 186467 9 186485 25 186979 44 187491 45 188003 23 188034 15 188515 22 188548 14 189028 20 189061 14 189541 18 189574 14 190054 17 190087 5 190567 16 190600 2 191079 16 191598 9 192112 7 192626 5
44afae184c89e6ba55985b4d341acc1ae1e8b6ef96312064e0e6e630e022b078,238710 3 239220 5 239728 10 240237 14 240748 16 241260 16 241772 15 242284 15 242797 14 243310 12 243823 11 244337 8 244850 1
44afae184c89e6ba55985b4d341acc1ae1e8b6ef96312064e0e6e630e022b078,291984 6 292492 11 293002 12 293513 12 294024 13 294536 13 295047 13 295558 13 296070 12 296581 13 297093 12 297604 13 298116 12 298627 13 299139 12 299651 12 300163 12 300675 12 301186 12 301698 11 302210 11 302722 11 303233 11 303745 11 304258 7 304770 5 305282 4
44afae184c89e6ba55985b4d341acc1ae1e8b6ef96312064e0e6e630e022b078,152765 1 153277 2 153789 3 154301 4 154812 6 155324 7 155835 8 156347 9 156858 11 157370 11 157882 12 158395 12 158907 13 159419 14 159932 13 160444 14 160957 14 161469 14 161982 14 162494 14 163007 14 163520 13 164033 12 164546 12 165059 11 165571 11 166084 11 166596 11 167109 11 167621 12 168134 12 168646 13 169158 14 169671 21 170183 19 170695 18 171207 17 171719 16 172231 16 172743 15 173255 15 173767 15 174279 15 174791 15 175302 16 175814 16 176325 17 176836 18 177347 19 177858 17 178369 16 178880 14 179379 3 179389 12 179889 23 180399 24 180911 23 181422 23 181933 23 182445 22 182957 22 183469 22 183981 22 184493 21 185004 21 185516 20 186028 19 186540 18 187053 17 187565 16 188084 9 188599 6 189112 5 189625 3 190139 1
44afae184c89e6ba55985b4d341acc1ae1e8b6ef96312064e0e6e630e022b078,241888 1 242400 2 242912 3 243423 5 243934 7 244446 9 244957 9 245469 8 245980 9 246492 9 247004 9 247515 10 248026 11 248537 12 249048 14 249564 11 250078 10 250592 9 251105 8 251618 8 252131 8 252643 8 253155 8 253667 8 254179 9 254691 9 255203 9 255715 9 256227 9 256739 8 257250 9 257761 10 258272 10 258769 4 258783 10 259279 23 259789 19 260298 20 260808 20 261314 25 261826 24 262339 22 262851 21 263364 19 263878 16 264392 13 264906 10 265421 6
44afae184c89e6ba55985b4d341acc1ae1e8b6ef96312064e0e6e630e022b078,155882 1 156393 3 156904 7 157416 10 157929 11 158441 13 158953 14 159465 15 159977 14 160489 14 161001 13 161513 12 162025 11 162537 9 163049 7
44afae184c89e6ba55985b4d341acc1ae1e8b6ef96312064e0e6e630e022b078,301832 1 302342 4 302852 7 303363 9 303872 13 304384 14 304897 15 305409 16 305922 16 306435 17 306949 16 307462 15 307975 15 308488 15 309001 14 309514 14 310027 13 310539 1 310551 1
44afae184c89e6ba55985b4d341acc1ae1e8b6ef96312064e0e6e630e022b078,233763 4 234275 8 234787 7 235299 5
44afae184c89e6ba55985b4d341acc1ae1e8b6ef96312064e0e6e630e022b078,256337 4 256849 5 257360 8 257871 11 258382 13 258892 16 259403 18 259915 19 260427 20 260938 22 261449 24 261961 24 262472 25 262984 26 263496 26 264008 27 264520 28 265032 24 265544 16 266056 6 266568 4 267080 3 267592 2 268103 2 268614 2 269125 3 269615 3 269636 4 270123 12 270147 5 270633 31 271144 32 271655 33 272167 34 272679 34 273190 36 273702 37 274213 39 274725 40 275237 41 275749 42 276262 43 276774 45 277287 46 277799 49 278312 49 278825 48 279338 48 279851 47 280364 45 280876 45 281389 44 281901 43 282413 43 282926 41 283438 41 283950 35 284463 29 284976 26 285490 22 286004 16 286518 12 287032 8 287545 6
44afae184c89e6ba55985b4d341acc1ae1e8b6ef96312064e0e6e630e022b078,310612 11 311123 14 311635 15 312146 18 312658 19 313171 18 313683 19 314196 18 314709 18 315221 18 315734 17 316246 17 316758 17 317271 17 317783 17 318295 17 318807 17 319319 17 319835 14 320349 12 320863 11 321382 5
44afae184c89e6ba55985b4d341acc1ae1e8b6ef96312064e0e6e630e022b078,127407 2 127918 5 128396 1 128428 10 128908 3 128939 14 129420 4 129451 16 129931 7 129962 20 130443 8 130473 22 130955 9 130984 26 131467 11 131494 31 131979 12 132004 34 132491 61 133003 63 133515 64 134026 66 134538 67 135050 67 135561 67 136072 37 136119 18 136584 34 136633 8 137097 29 137612 22 138126 18
44afae184c89e6ba55985b4d341acc1ae1e8b6ef96312064e0e6e630e022b078,180126 5 180634 13 181144 17 181652 22 182162 23 182673 24 183183 26 183695 26 184207 26 184719 25 185231 25 185743 25 186255 24 186767 24 187279 23 187790 24 188301 24 188812 25 189319 29 189832 28 190345 26 190857 25 191370 24 191882 23 192395 22 192907 22 193419 21 193931 21 194443 21 194955 20 195467 20 195978 20 196490 17 197002 14 197514 13 198026 12 198537 12 199049 11 199560 11 200072 3 200584 2 201096 1
44afae184c89e6ba55985b4d341acc1ae1e8b6ef96312064e0e6e630e022b078,235430 5 235941 11 236453 19 236965 18 237477 17 237990 15 238502 14 239015 12 239528 10 240040 9 240553 8 241066 6 241579 4 242092 2
44afae184c89e6ba55985b4d341acc1ae1e8b6ef96312064e0e6e630e022b078,298930 4 299440 5 299949 8 300460 9 300970 11 301481 11 301993 11 302505 11 303018 9 303530 9 304042 7 304555 5 305067 4 305579 3 306091 2 306603 1 307115 1
44afae184c89e6ba55985b4d341acc1ae1e8b6ef96312064e0e6e630e022b078,203201 2 203712 2 204224 2 204735 2 205246 3 205757 4 206268 4 206770 13 207281 14 207792 14 208303 13 208814 10 209325 7 209838 3
44afae184c89e6ba55985b4d341acc1ae1e8b6ef96312064e0e6e630e022b078,260552 1 261063 4 261573 8 262084 12 262596 12 263107 13 263619 14 264131 14 264643 14 265155 14 265667 14 266179 14 266692 14 267204 15 267717 15 268229 14 268741 13 269253 12 269765 11 270277 10 270789 9 271302 2
44afae184c89e6ba55985b4d341acc1ae1e8b6ef96312064e0e6e630e022b078,121322 1 121835 1 122347 2 122859 3 123371 4 123883 5 124395 6 124907 7 125419 8 125931 9 126444 8 126958 7 127472 5 127988 1
44afae184c89e6ba55985b4d341acc1ae1e8b6ef96312064e0e6e630e022b078,219644 4 220154 6 220666 6 221177 7 221689 7 222200 8 222712 8 223223 9 223735 9 224247 9 224758 10 225269 11 225781 11 226293 11 226804 12 227315 13 227827 13 228339 13 228850 14 229362 14 229874 14 230385 15 230897 15 231409 15 231921 15 232433 15 232945 15 233457 15 233969 15 234481 10 234993 8 235505 6 236017 5 236530 3
4727d94c6a57ed484270fdd8bbc6e3d5f2f15d5476794a4e37a40f2309a091e2,33232 2 33487 3 33742 5 33997 6 34254 5 34510 6 34766 6 35022 6 35278 6 35534 6 35789 7 36045 7 36301 7 36558 5 36815 3 37072 1
4727d94c6a57ed484270fdd8bbc6e3d5f2f15d5476794a4e37a40f2309a091e2,25299 3 25554 5 25809 6 26065 6 26321 6 26578 5 26835 3
4727d94c6a57ed484270fdd8bbc6e3d5f2f15d5476794a4e37a40f2309a091e2,30420 5 30675 7 30931 7 31187 6 31443 5 31700 3
4727d94c6a57ed484270fdd8bbc6e3d5f2f15d5476794a4e37a40f2309a091e2,25568 1 25823 5 26079 6 26334 7 26589 9 26844 10 27101 9 27358 7
4727d94c6a57ed484270fdd8bbc6e3d5f2f15d5476794a4e37a40f2309a091e2,35295 2 35550 4 35805 6 36060 7 36317 6 36574 5 36830 6 37086 7 37342 7 37598 6 37855 4
4727d94c6a57ed484270fdd8bbc6e3d5f2f15d5476794a4e37a40f2309a091e2,39901 4 40156 5 40412 6 40668 6 40925 4
4727d94c6a57ed484270fdd8bbc6e3d5f2f15d5476794a4e37a40f2309a091e2,30190 4 30445 6 30700 6 30956 5 31212 5 31469 2
4727d94c6a57ed484270fdd8bbc6e3d5f2f15d5476794a4e37a40f2309a091e2,33264 1 33518 3 33772 5 34027 4 34283 4 34540 3 34796 3
4727d94c6a57ed484270fdd8bbc6e3d5f2f15d5476794a4e37a40f2309a091e2,36334 2 36589 4 36844 6 37100 7 37357 5 37615 2
4727d94c6a57ed484270fdd8bbc6e3d5f2f15d5476794a4e37a40f2309a091e2,40177 3 40432 5 40687 6 40942 7 41198 7 41455 6 41712 4
472b1c5ff988dadc209faea92499bc07f305208dbda29d16262b3d543ac91c71,135720 1 136231 3 136743 4 137254 14 137766 18 138277 21 138788 23 139299 26 139810 30 140321 33 140832 36 141343 40 141854 43 142365 48 142876 51 143387 52 143899 51 144410 51 144921 52 145433 51 145944 51 146456 50 146967 50 147479 49 147990 48 148502 46 149013 46 149525 44 150036 44 150548 42 151059 38 151571 30 152082 29 152594 26 153105 24 153616 23 154127 21 154639 20 155150 19 155661 18 156172 18 156684 17 157195 17 157707 16 158219 15 158733 12 159246 11 159759 9 160272 8 160785 7 161298 6 161811 5 162324 4 162836 4 163348 4 163860 4 164372 5 164884 6 165396 6 165907 8 166419 9 166930 11 167442 12 167953 14 168464 15 168975 16 169486 16 169996 17 170507 16 171017 17 171528 16 172039 15 172550 14 173058 15 173570 13 174082 11 174594 9 175106 7 175621 2
472b1c5ff988dadc209faea92499bc07f305208dbda29d16262b3d543ac91c71,202759 10 203269 14 203778 17 204294 9
472b1c5ff988dadc209faea92499bc07f305208dbda29d16262b3d543ac91c71,109644 1 110155 2 110641 4 110665 4 111146 18 111173 8 111654 40 112160 47 112671 49 113182 51 113694 52 114205 54 114717 55 115229 56 115740 58 116252 57 116763 58 117275 57 117788 54 118301 52 118815 32 118854 10 119328 28 119370 5 119841 26 119884 2 120355 23 120868 21 121381 19 121894 17 122407 15 122920 14 123433 13 123946 12 124458 12 124970 12 125482 12 125994 12 126506 12 127018 13 127530 14 128042 14 128554 7 129065 1
472b1c5ff988dadc209faea92499bc07f305208dbda29d16262b3d543ac91c71,75342 2 75853 5 76364 8 76873 14 77369 31 77879 35 78389 38 78900 40 79410 44 79920 51 80430 53 80937 58 81446 60 81956 62 82467 63 82978 64 83489 64 84002 62 84514 62 85027 59 85540 57 86054 52 86569 45 87084 37
472b1c5ff988dadc209faea92499bc07f305208dbda29d16262b3d543ac91c71,191581 7 192089 12 192597 17 193106 20 193611 27 194115 35 194623 39 195130 43 195640 44 196150 46 196660 46 197170 47 197681 47 198191 48 198702 48 199213 48 199724 48 200234 47 200744 47 201255 46 201771 38 202285 34 202800 28 203318 18 203833 12
472b1c5ff988dadc209faea92499bc07f305208dbda29d16262b3d543ac91c71,41020 2 41530 6 42041 6 42552 5 43063 5 43574 4 44081 6 44593 4
472b1c5ff988dadc209faea92499bc07f305208dbda29d16262b3d543ac91c71,171084 13 171595 15 172106 15 172617 15 173128 14 173640 13 174152 12 174664 11 175175 11 175686 11 176197 11 176708 11 177219 10 177729 11 178240 11 178750 11 179261 10 179772 7
472b1c5ff988dadc209faea92499bc07f305208dbda29d16262b3d543ac91c71,57420 1 57928 8 58437 17 58947 22 59459 29 59972 31 60485 34 60998 39 61511 41 62023 43 62536 44 63049 30 63561 27 64073 26 64585 25 65098 23 65612 5 65627 5 66125 3 66141 2 66638 1
472b1c5ff988dadc209faea92499bc07f305208dbda29d16262b3d543ac91c71,38011 1 38022 1 38523 13 39035 15 39547 17 40059 20 40571 25 41082 29 41594 32 42106 34 42617 36 43128 38 43639 40 44151 41 44663 42 45176 42 45688 44 46201 45 46715 44 47228 45 47741 45 48255 44 48768 45 49282 44 49795 43 50308 43 50822 42 51336 41 51849 41 52364 38 52877 38 53392 36 53906 34 54420 33 54935 30 55450 28 55967 23 56484 18 56999 13
472b1c5ff988dadc209faea92499bc07f305208dbda29d16262b3d543ac91c71,127115 10 127621 15 128135 11
472b1c5ff988dadc209faea92499bc07f305208dbda29d16262b3d543ac91c71,19637 3 20146 10 20656 14 21167 17 21678 20 22190 21 22703 22 23215 23 23727 24 24240 25 24752 26 25265 26 25778 26 26290 27 26803 27 27316 28 27829 28 28342 28 28855 28 29369 27 29882 27 30395 27 30908 27 31421 27 31935 26 32448 26 32961 26 33475 26 33988 26 34501 26 35015 25 35528 24 36041 23 36554 23 37068 21 37582 19 38095 18 38611 14 39126 8 39641 1
472b1c5ff988dadc209faea92499bc07f305208dbda29d16262b3d543ac91c71,175283 2 175794 4 176304 7 176815 14 177330 7
472b1c5ff988dadc209faea92499bc07f305208dbda29d16262b3d543ac91c71,704 31 1216 31 1728 31 2240 32 2751 33 3264 33 3777 32 4290 32 4804 31 5317 30 5831 29 6344 28 6857 28 7371 26 7884 26 8398 25 8912 24 9425 23 9940 21 10454 19 10967 19 11482 16 11995 16 12509 14 13024 12 13537 11 14052 9 14566 7 15080 5
472b1c5ff988dadc209faea92499bc07f305208dbda29d16262b3d543ac91c71,206555 1 207051 19 207560 22 208070 25 208581 27 209093 28 209604 30 210115 32 210627 34 211138 37 211650 43 211713 7 212161 47 212219 15 212673 74 213185 75 213697 75 214209 76 214721 76 215233 76 215745 77 216257 77 216769 77 217281 77 217793 76 218305 73 218817 71 219329 68 219841 67 220354 65 220866 64 221378 63 221891 61 222403 60 222916 58 223428 42 223940 41 224452 40 224965 19 224998 5 225477 17 225512 2 225989 15 226501 13 227013 11 227525 9 228037 7 228549 4
472b1c5ff988dadc209faea92499bc07f305208dbda29d16262b3d543ac91c71,321734 1 322245 2 322756 2 323267 3 323779 3 324291 3 324802 4 325314 3 325826 3 326338 3 326850 3 327362 3 327874 3 328386 2
472b1c5ff988dadc209faea92499bc07f305208dbda29d16262b3d543ac91c71,151772 1 152283 4 152795 5 153307 7 153818 10 154330 12 154842 28 155354 29 155865 31 156377 31 156889 32 157400 33 157912 33 158424 33 158936 33 159448 33 159960 33 160472 33 160985 32 161497 31 162009 31 162522 30 163034 30 163552 23 164068 17 164582 14 165097 9 165611 4
472b1c5ff988dadc209faea92499bc07f305208dbda29d16262b3d543ac91c71,294637 1 295149 2 295660 3 296172 3 296684 3 297195 4 297707 5 298218 5 298729 6 299241 6 299752 7 300263 8 300774 8 301287 7 301800 5 302312 5 302825 3 303337 2 303849 2
472b1c5ff988dadc209faea92499bc07f305208dbda29d16262b3d543ac91c71,313114 1 313625 3 314136 4 314647 5 315158 6 315664 13 316176 13 316688 13 317200 13 317712 13 318223 14 318735 14 319246 16 319757 18 320268 20 320779 22 320817 1 321290 24 321328 2 321802 25 321839 2 322315 26 322349 3 322828 35 323317 1 323340 33 323820 11 323852 18 323880 4 324332 12 324364 16 324394 1 324844 13 324876 15 325356 13 325388 14 325868 13 325900 13 326379 14 326411 13 326890 15 326923 13 327401 16 327435 13 327912 17 327946 14 328422 19 328458 13 328934 20 328969 14 329445 22 329480 15 329957 23 329991 16 330469 24 330502 17 330981 50 331493 50 332005 10 332023 33 332537 31 333050 30 333563 30 334077 29 334592 27 335105 27 335618 28 336131 31 336644 34 337156 34 337670 32 338183 31 338696 30 339209 29 339722 28 340235 27 340748 27 341260 27 341772 27 342284 27 342797 27 343309 27 343822 26 344335 26 344848 25 345361 25 345874 23 346387 21 346899 21 347411 21
472b1c5ff988dadc209faea92499bc07f305208dbda29d16262b3d543ac91c71,128769 5 129281 6 129792 8 130305 8 130817 8 131329 9 131842 8 132355 7 132867 7 133380 6 133893 5 134405 4 134918 3 135430 3 135943 1
472b1c5ff988dadc209faea92499bc07f305208dbda29d16262b3d543ac91c71,777 18 1289 18 1801 18 2313 19 2824 21 2863 1 3335 23 3374 3 3848 23 3885 4 4360 24 4396 6 4872 42 5384 42 5896 41 6408 41 6920 40 7432 40 7945 39 8458 37 8972 11 8993 13 9485 7 9510 5 9998 5 10512 2
472b1c5ff988dadc209faea92499bc07f305208dbda29d16262b3d543ac91c71,272667 10 273175 16 273686 19 274197 21 274708 23 275219 25 275731 25 276242 27 276754 27 277266 27 277778 27 278290 27 278803 26 279316 25 279828 25 280341 24 280853 24 281366 23 281878 24 282390 24 282902 24 283416 22 283930 19 284448 13 284961 12 285474 10 285987 9 286500 7 287013 5 287526 3 288038 2 288550 1
472b1c5ff988dadc209faea92499bc07f305208dbda29d16262b3d543ac91c71,237336 2 237847 4 238359 5 238870 7 239382 8 239893 11 240404 12 240916 1
472b1c5ff988dadc209faea92499bc07f305208dbda29d16262b3d543ac91c71,220466 1 220977 2 221488 3 221988 15 222498 11 223008 12 223520 11 224032 9 224545 7
472b1c5ff988dadc209faea92499bc07f305208dbda29d16262b3d543ac91c71,231765 1 232276 4 232787 5 233299 6 233810 8 234322 8 234835 8 235347 9 235859 10 236372 9 236884 10 237397 9 237909 9 238422 9 238934 9 239446 9 239958 10 240470 10 240982 10 241494 11 242006 11 242518 12 243030 12 243541 14 244052 15 244563 17 245074 18 245585 20 246096 21 246608 22 247120 22 247632 22 248144 22 248656 22 249167 23 249679 23 250191 23 250703 23 251214 24 251726 24 252238 24 252750 25 253262 26 253773 28 254284 30 254795 31 255306 32 255816 34 256324 38 256835 39 257346 40 257858 40 258370 40 258883 39 259396 38 259909 37 260425 33 260940 30 261462 20 261977 17 262491 12 263004 9
472b1c5ff988dadc209faea92499bc07f305208dbda29d16262b3d543ac91c71,294797 1 295309 3 295821 3 296332 3 296844 2 297356 2 297868 2 298380 2 298892 2 299404 2 299916 2 300428 2 300940 2 301452 2 301964 2 302475 3 302986 3 303497 4 304008 5 304519 4 305031 2 305543 1
472b1c5ff988dadc209faea92499bc07f305208dbda29d16262b3d543ac91c71,317343 1 317853 5 318364 7 318874 9 319384 11 319895 12 320407 12 320918 13 321432 10 321946 7 322461 3
472b1c5ff988dadc209faea92499bc07f305208dbda29d16262b3d543ac91c71,72122 1 72628 8 73137 11 73647 13 74157 15 74667 16 75177 17 75687 18 76196 21 76705 23 77214 26 77724 27 78236 27 78748 27 79260 26 79772 26 80284 26 80797 25 81309 25 81822 23 82334 23 82847 21 83361 19 83877 14 84391 11 84908 5
472b1c5ff988dadc209faea92499bc07f305208dbda29d16262b3d543ac91c71,126894 2 127405 4 127916 6 128427 7 128938 8 129449 9 129960 10 130471 11 130982 11 131493 12 132003 14 132512 16 133024 16 133536 15 134047 16 134559 15 135071 14 135583 13 136095 12 136606 12 137119 10 137631 10 138147 5 138661 1
472b1c5ff988dadc209faea92499bc07f305208dbda29d16262b3d543ac91c71,253891 1 254402 2 254914 2 255426 2 255938 2 256450 2 256962 2 257474 3 257986 3 258498 4 259010 4 259522 4 260034 4 260546 4 261058 3 261570 2
472b1c5ff988dadc209faea92499bc07f305208dbda29d16262b3d543ac91c71,92143 2 92654 3 93165 4 93675 7 94187 7 94698 9 95210 9 95721 9 96233 9 96744 9 97256 8 97768 8 98280 7 98792 6 99305 4 99817 3 100329 2
472b1c5ff988dadc209faea92499bc07f305208dbda29d16262b3d543ac91c71,273918 2 274428 4 274936 8 275447 9 275959 9 276471 9 276983 9 277495 9 278006 10 278518 10 279030 10 279542 10 280054 10 280566 10 281079 9 281591 9 282103 9 282616 8 283128 8 283640 4 284153 2 284665 1
4be73d68f433869188fe5e7f09c7f681ed51003da6aa5d19ce368726d8e271ee,5895 2 6149 6 6403 9 6658 11 6914 11 7170 11 7426 11 7682 11 7938 11 8194 11 8450 10 8707 8 8965 4
4be73d68f433869188fe5e7f09c7f681ed51003da6aa5d19ce368726d8e271ee,60162 1 60418 2 60674 3 60930 3 61186 3 61442 3 61698 3 61954 3 62210 3 62466 2 62722 2 62978 1
4be73d68f433869188fe5e7f09c7f681ed51003da6aa5d19ce368726d8e271ee,23824 4 24076 9 24331 11 24587 12 24844 11 25100 12 25356 12 25612 12 25868 12 26124 12 26381 11 26638 10 26896 7 27154 2
4be73d68f433869188fe5e7f09c7f681ed51003da6aa5d19ce368726d8e271ee,38168 1 38422 4 38676 7 38931 8 39186 10 39442 10 39697 11 39953 12 40209 12 40464 14 40720 15 40976 15 41232 15 41489 13 41745 13 42002 11 42258 10 42515 7 42773 4
4be73d68f433869188fe5e7f09c7f681ed51003da6aa5d19ce368726d8e271ee,274 5 529 5 785 5 1042 3 1298 3
4be73d68f433869188fe5e7f09c7f681ed51003da6aa5d19ce368726d8e271ee,10775 5 11029 8 11284 9 11539 11 11794 12 12050 12 12306 12 12562 12 12818 12 13074 12 13330 11 13586 11 13843 9 14100 7
4be73d68f433869188fe5e7f09c7f681ed51003da6aa5d19ce368726d8e271ee,31526 5 31781 6 31801 2 32036 8 32056 5 32291 9 32312 5 32547 10 32568 5 32803 6 32812 1 32823 7 33059 5 33079 7 33315 4 33334 8 33571 4 33590 8 33827 4 33845 9 34083 4 34100 10 34340 3 34355 11 34597 3 34610 12 34853 4 34865 13 35110 7 35120 13 35367 22 35624 20 35881 5 35890 9
4be73d68f433869188fe5e7f09c7f681ed51003da6aa5d19ce368726d8e271ee,43566 2 43820 7 44076 8 44331 10 44586 11 44841 13 45097 13 45352 14 45607 15 45863 15 46120 13 46377 12 46634 11 46891 9 47148 7 47406 2
4be73d68f433869188fe5e7f09c7f681ed51003da6aa5d19ce368726d8e271ee,22831 7 23085 10 23340 12 23595 13 23851 13 24107 13 24363 13 24619 13 24876 12 25132 12 25389 10 25646 7
4be73d68f433869188fe5e7f09c7f681ed51003da6aa5d19ce368726d8e271ee,51051 3 51306 5 51563 4 51819 3 52075 3 52331 3 52587 3 52844 2
4be73d68f433869188fe5e7f09c7f681ed51003da6aa5d19ce368726d8e271ee,44419 5 44673 8 44929 10 45185 10 45440 11 45696 12 45951 14 46206 16 46462 16 46717 17 46974 15 47230 15 47486 14 47743 12 48000 10 48258 5
4be73d68f433869188fe5e7f09c7f681ed51003da6aa5d19ce368726d8e271ee,57990 2 58247 1 58504 1 58752 1 58760 2 59008 1 59016 3 59264 1 59272 4 59520 1 59528 5 59776 2 59783 6 60033 2 60038 7 60289 12 60546 11 60802 10 61059 9 61318 4
4be73d68f433869188fe5e7f09c7f681ed51003da6aa5d19ce368726d8e271ee,52872 6 53127 8 53381 11 53634 14 53889 16 54146 15 54402 14 54658 13 54915 10 55172 3
4be73d68f433869188fe5e7f09c7f681ed51003da6aa5d19ce368726d8e271ee,63649 4 63902 8 64156 10 64410 12 64666 2 64922 1 65177 1
4be73d68f433869188fe5e7f09c7f681ed51003da6aa5d19ce368726d8e271ee,7325 4 7580 6 7835 8 8091 9 8347 10 8603 10 8859 10 9116 9 9372 9 9628 10 9884 9 10141 8
4be73d68f433869188fe5e7f09c7f681ed51003da6aa5d19ce368726d8e271ee,25503 7 25759 10 26015 11 26271 12 26528 11 26784 12 27040 12 27297 12 27554 11 27811 10 28068 9 28324 8 28583 3
4be73d68f433869188fe5e7f09c7f681ed51003da6aa5d19ce368726d8e271ee,35490 4 35745 7 36000 8 36255 9 36511 9 36767 9 37023 9 37280 8 37536 7 37793 5
4be73d68f433869188fe5e7f09c7f681ed51003da6aa5d19ce368726d8e271ee,421 14 677 14 934 12 1190 11 1448 8 1708 2
4be73d68f433869188fe5e7f09c7f681ed51003da6aa5d19ce368726d8e271ee,20657 1 20912 3 21167 6 21422 9 21676 12 21932 13 22187 14 22442 16 22697 18 22952 19 23209 18 23466 18 23723 17 23980 16 24237 15 24494 13 24751 12 25010 9 25268 7 25526 5 25783 4 26040 4 26297 4 26554 4 26811 4 27067 7 27323 9 27579 10 27835 11 28092 10 28349 10 28606 9 28862 9 29118 9 29374 2 29379 4 29629 2 29636 2 29884 2 29893 1 30137 5 30392 6 30647 8 30660 1 30902 10 30915 2 31155 19 31411 19 31667 20 31923 20 32180 20 32436 20 32693 19 32950 18 33207 17 33464 16 33721 15 33978 14 34234 14 34490 14 34746 14 35002 14 35259 12 35515 12 35772 11 36028 10 36286 4
4be73d68f433869188fe5e7f09c7f681ed51003da6aa5d19ce368726d8e271ee,53432 5 53686 9 53940 5 53948 4 54195 5 54205 4 54450 5 54462 4 54705 6 54718 5 54961 6 54974 6 55218 5 55230 6 55474 5 55486 6 55731 5 55741 6 55987 6 55996 7 56244 14 56500 14 56757 12 57015 9 57273 5
4be73d68f433869188fe5e7f09c7f681ed51003da6aa5d19ce368726d8e271ee,4543 1 4797 4 5052 6 5307 7 5562 9 5817 10 6071 12 6325 14 6580 15 6836 14 7092 13 7348 12 7610 4
4be73d68f433869188fe5e7f09c7f681ed51003da6aa5d19ce368726d8e271ee,11963 8 12218 9 12473 11 12729 11 12985 12 13240 14 13496 14 13752 14 14009 13 14265 13 14524 10 14782 7 15041 1
4be73d68f433869188fe5e7f09c7f681ed51003da6aa5d19ce368726d8e271ee,41153 1 41403 8 41657 11 41912 13 42168 14 42424 14 42679 15 42935 16 43191 16 43447 16 43704 15 43960 15 44217 13 44474 11 44730 10 44987 9 45243 9 45499 9 45755 10 46011 11 46266 15 46522 17 46778 18 47034 18 47290 18 47546 18 47802 18 48058 19 48315 18 48572 17 48829 16 49086 14 49343 13 49600 11 49856 11 50114 9 50372 6
4be73d68f433869188fe5e7f09c7f681ed51003da6aa5d19ce368726d8e271ee,1493 4 1747 8 2001 11 2256 13 2512 14 2767 15 3023 15 3279 15 3534 16 3790 15 4046 15 4303 13 4559 13 4815 13 5072 11 5328 9 5585 6
4be73d68f433869188fe5e7f09c7f681ed51003da6aa5d19ce368726d8e271ee,48604 2 48858 5 49113 7 49368 8 49623 10 49879 11 50136 10 50392 10 50649 9 50906 7 51163 5
4be73d68f433869188fe5e7f09c7f681ed51003da6aa5d19ce368726d8e271ee,13280 3 13534 5 13790 6 14046 6 14301 6 14556 7 14809 9 15066 8 15323 7 15580 6 15839 1
4be73d68f433869188fe5e7f09c7f681ed51003da6aa5d19ce368726d8e271ee,32222 4 32478 5 32733 7 32989 8 33245 9 33501 9 33757 9 34013 9 34270 8 34526 8 34783 6 35040 4
4be73d68f433869188fe5e7f09c7f681ed51003da6aa5d19ce368726d8e271ee,38887 4 39141 8 39396 9 39651 10 39906 10 40161 11 40417 11 40673 10 40928 11 41184 11 41440 11 41697 11 41955 9 42212 8 42470 6 42728 3
4be73d68f433869188fe5e7f09c7f681ed51003da6aa5d19ce368726d8e271ee,7912 5 8167 7 8423 8 8678 9 8934 9 9190 10 9447 9 9704 8 9961 7 10218 6 10474 6 10732 4
4be73d68f433869188fe5e7f09c7f681ed51003da6aa5d19ce368726d8e271ee,25837 1 26092 4 26100 2 26347 14 26603 8 26614 5 26859 6 26871 6 27115 5 27128 6 27371 4 27385 7 27628 3 27642 6 27884 3 27898 6 28140 3 28154 6 28397 2 28410 6 28654 2 28665 7 28911 2 28921 7 29168 2 29176 8 29424 3 29431 9 29681 15 29938 14 30195 12 30451 10 30710 5
4be73d68f433869188fe5e7f09c7f681ed51003da6aa5d19ce368726d8e271ee,32755 3 33010 7 33266 8 33522 9 33778 9 34034 9 34290 9 34545 10 34801 9 35057 9 35313 9 35569 9 35826 7 36082 5 36338 4 36594 2
4be73d68f433869188fe5e7f09c7f681ed51003da6aa5d19ce368726d8e271ee,60662 1 60918 3 61174 4 61430 5 61687 5 61943 7 62202 5
4be73d68f433869188fe5e7f09c7f681ed51003da6aa5d19ce368726d8e271ee,7931 1 8186 2 8441 3 8697 3 8953 3 9210 3 9466 3 9723 3 9980 3
4be73d68f433869188fe5e7f09c7f681ed51003da6aa5d19ce368726d8e271ee,511 1 766 2 1021 3 1277 3 1533 3 1789 3 2045 2 2300 2 2556 1 2812 1 3067 2 3323 2 3579 2 3835 2 4091 2 4348 1 4605 1 4862 1 5119 1 5375 1
4f949bd8d914bbfa06f40d6a0e2b5b75c38bf53dbcbafc48c97f105bee4f8fac,418 50 807 34 847 10 1198 31 1239 7 1588 30 1631 3 1979 28 2369 27 2760 25 3150 20 3540 18 3931 15 4322 13 4713 11 5105 9 5497 6 5889 4 6280 3 6670 4 7061 3 7451 4 7841 5 7857 2 8231 7 8243 6 8621 18 9011 19 9401 19 9791 20 10181 20 10570 20 10960 19 11350 19 11740 18 12131 17 12521 17 12911 18 13301 18 13691 19 14081 20 14471 22 14860 23 15250 22 15639 22 16030 21 16421 19 16812 18 17203 17 17593 16 17984 15 18374 15 18764 15 19155 14 19545 15 19935 15 20325 16 20715 16 21105 17 21496 17 21887 16 22278 16 22669 15 23059 14 23450 13 23840 13 24230 12 24620 12 25010 12 25400 12 25789 13 26179 14 26568 14 26957 15 27349 13 27740 11 28131 10 28522 9 28912 9 29303 7 29693 7 30083 7 30473 7 30863 8 31253 8 31643 9 32034 9 32424 10 32815 11 33205 22 33596 22 33986 22 34377 21 34767 9 34786 3 35178 1
4f949bd8d914bbfa06f40d6a0e2b5b75c38bf53dbcbafc48c97f105bee4f8fac,41402 2 41792 2 42181 4 42571 4 42961 5 43351 6 43741 7 44131 8 44523 8 44917 7 45309 11 45701 10 46092 11 46483 11 46874 10 47266 8 47657 7 48048 6 48438 6 48829 5 49219 6 49609 6 49999 7 50388 10 50778 16 51167 17 51556 19 51944 22 52334 24 52362 2 52728 1 52732 22 53125 19 53517 17 53908 16 54299 15 54689 15 55080 14 55470 14 55860 14 56249 15 56639 15 57028 2 57037 7 57429 6 57820 5 58211 5 58602 3 58992 1
4f949bd8d914bbfa06f40d6a0e2b5b75c38bf53dbcbafc48c97f105bee4f8fac,59392 5 59782 8 60173 9 60563 13 60954 11 61344 11 61734 10 62123 11 62513 10 62902 11 63291 12 63680 14 64070 14 64462 1 64469 6 64861 3
4f949bd8d914bbfa06f40d6a0e2b5b75c38bf53dbcbafc48c97f105bee4f8fac,502 10 891 10 1281 9 1672 7 2063 5
4f949bd8d914bbfa06f40d6a0e2b5b75c38bf53dbcbafc48c97f105bee4f8fac,56682 1 57072 2 57462 2 57852 3 58242 3 58631 4 59021 3 59410 4 59799 4
4f949bd8d914bbfa06f40d6a0e2b5b75c38bf53dbcbafc48c97f105bee4f8fac,63707 2 64096 5 64486 7 64875 10 65266 11 65659 9 66051 7 66443 5 66834 4 67224 5 67615 4 68005 5 68395 5 68785 6 69175 6 69565 7 69955 7 70346 7 70736 9 71126 10 71516 11 71907 10 72298 9 72689 8 73080 6 73471 3 73861 2
4f949bd8d914bbfa06f40d6a0e2b5b75c38bf53dbcbafc48c97f105bee4f8fac,76200 1 76589 2 76977 4 77363 8 77754 6 78144 5 78535 2
4f949bd8d914bbfa06f40d6a0e2b5b75c38bf53dbcbafc48c97f105bee4f8fac,77004 1 77393 4 77783 4 78172 4 78562 4 78952 4
4f949bd8d914bbfa06f40d6a0e2b5b75c38bf53dbcbafc48c97f105bee4f8fac,68836 2 69226 4 69616 8 70005 10 70395 11 70784 13 71174 14 71563 16 71954 15 72345 15 72736 14 73126 15 73517 14 73907 13 74297 12 74687 11 75076 12 75466 11 75856 11 76245 12 76636 11 77027 9 77420 4
4f949bd8d914bbfa06f40d6a0e2b5b75c38bf53dbcbafc48c97f105bee4f8fac,58699 3 59088 5 59478 6 59867 8 60257 7 60648 6
4f949bd8d914bbfa06f40d6a0e2b5b75c38bf53dbcbafc48c97f105bee4f8fac,62623 1 63012 2 63401 4 63789 6 64177 8 64563 12 64953 11 65344 10 65734 10 66125 9 66515 10 66907 5
4f949bd8d914bbfa06f40d6a0e2b5b75c38bf53dbcbafc48c97f105bee4f8fac,57168 1 57554 5 57943 7 58333 7 58723 7 59113 7 59504 5 59894 3 60285 1
4f949bd8d914bbfa06f40d6a0e2b5b75c38bf53dbcbafc48c97f105bee4f8fac,51324 4 51714 8 52105 6 52495 6 52886 4 53276 4 53666 4 54056 4
4f949bd8d914bbfa06f40d6a0e2b5b75c38bf53dbcbafc48c97f105bee4f8fac,68483 5 68873 5 69264 4 69654 3 70045 2 70435 2 70825 1 71215 1 71605 1 71995 1
4f949bd8d914bbfa06f40d6a0e2b5b75c38bf53dbcbafc48c97f105bee4f8fac,56418 1 56806 5 57192 11 57577 16 57967 8 58357 6 58746 6 59136 6 59527 4 59917 3 60307 3 60697 2 61087 2 61477 2 61867 2 62256 3 62646 4 63036 4 63427 4 63817 6 64208 7
4f949bd8d914bbfa06f40d6a0e2b5b75c38bf53dbcbafc48c97f105bee4f8fac,45110 4 45498 6 45878 5 45886 8 45911 6 46268 16 46301 6 46658 16 46691 6 47049 16 47080 8 47439 16 47470 8 47830 16 47859 9 48220 18 48247 12 48610 38 49000 38 49390 38 49780 38 50173 11 50188 11 50203 5 50565 7 50580 7 50595 4 50956 4 50971 5 50986 3 51361 5 51377 3 51752 3 51767 4 52142 3 52158 5 52532 3 52548 6 52922 3 52939 6 53312 3 53330 5 53702 3 53721 2 54092 4 54482 4 54872 5 55262 5 55651 7 56042 6 56433 6 56823 4 57214 2 57604 2 57994 1 58383 2 58773 2 59162 3 59552 3 59942 3 60333 2 60723 1
4f949bd8d914bbfa06f40d6a0e2b5b75c38bf53dbcbafc48c97f105bee4f8fac,34239 2 34629 2 35018 3 35408 3 35797 5 36187 5 36578 5 36968 6 37359 5 37750 3 38140 3 38531 2 38921 2 39311 2
4f949bd8d914bbfa06f40d6a0e2b5b75c38bf53dbcbafc48c97f105bee4f8fac,16314 4 16704 5 17093 7 17484 8 17516 2 17874 9 17893 3 17904 4 18265 10 18281 17 18655 33 19045 32 19435 31 19824 32 20214 31 20603 31 20991 32 21379 33 21766 36 22154 37 22544 37 22933 37 23323 37 23712 37 24102 36 24492 36 24881 36 25271 36 25661 36 26051 36 26443 34 26835 29 27228 24 27622 15 28014 11 28406 7 28797 5 29188 3 29578 2
4f949bd8d914bbfa06f40d6a0e2b5b75c38bf53dbcbafc48c97f105bee4f8fac,10097 1 10483 5 10870 9 11260 9 11650 9 12040 9 12431 8 12822 6 13213 3 13604 1
4f949bd8d914bbfa06f40d6a0e2b5b75c38bf53dbcbafc48c97f105bee4f8fac,738 29 1128 28 1518 28 1908 27 2297 28 2687 28 3076 29 3465 30 3853 26 4242 25 4634 22 5026 20 5417 18 5809 16 6200 15 6591 14 6987 8 7379 2
505bc0a3928d8aef5ce441c5a611fdd32e1e8eccdc15cc3a52b88030acb50f81,82434 3 82946 5 83458 6 83970 7 84482 8 84994 9 85506 9 86018 10 86530 10 87042 9 87554 9 88066 9 88578 9 89090 8 89602 7 90114 7 90626 6 91138 6 91650 5 92162 5 92674 5 93186 5 93698 5 94210 4 94722 4 95234 4 95746 4 96258 4 96770 4 97282 4 97794 5 98306 5 98818 5 99330 5 99842 5 100354 6 100866 7 101378 8 101890 9 102402 10 102914 11 103426 12 103938 13 104450 14 104962 16 105474 16 105986 17 106498 17 107010 18 107522 18 108034 19 108546 20 109058 21 109570 21 110082 21 110594 22 111106 22 111618 22 112130 22 112642 22 113154 22 113666 22 114178 22 114692 20 115209 15 115724 12 116239 9 116752 8 117265 7 117778 5 118291 4 118804 3 119317 2 119829 2 120341 1 120853 1 121365 1
505bc0a3928d8aef5ce441c5a611fdd32e1e8eccdc15cc3a52b88030acb50f81,130061 1 130568 5 131074 11 131586 10 132098 9 132610 8 133122 7 133634 7 134146 6 134658 5 135170 5 135682 4 136194 2 136706 1
505bc0a3928d8aef5ce441c5a611fdd32e1e8eccdc15cc3a52b88030acb50f81,130321 7 130828 16 131336 21 131846 25 132356 28 132867 30 133377 34 133888 36 134398 38 134909 40 135420 42 135930 45 136441 46 136952 48 137463 50 137974 51 138485 53 138996 54 139507 56 140019 56 140530 57 141042 57 141553 58 142065 58 142577 58 143088 58 143600 57 144112 57 144624 56 145137 53 145650 50 146164 44 146678 41 147192 37 147706 33 148219 30 148733 26 149246 24 149766 13 150283 3
505bc0a3928d8aef5ce441c5a611fdd32e1e8eccdc15cc3a52b88030acb50f81,157563 5 158073 12 158584 21 159094 27 159605 29 160116 31 160627 33 161138 35 161649 38 162160 40 162671 42 163182 45 163693 47 164204 49 164715 51 165226 53 165736 55 166247 56 166758 58 167269 59 167780 61 168291 62 168802 64 169313 65 169824 67 170334 69 170845 71 171356 72 171868 73 172380 73 172891 74 173403 75 173915 75 174426 77 174938 77 175449 79 175960 80 176471 82 176982 84 177493 85 178004 87 178515 89 179026 91 179538 92 180050 93 180562 93 181074 94 181586 95 182098 95 182610 95 183122 96 183634 96 184145 60 184208 34 184657 55 184725 30 185169 53 185239 28 185681 52 185752 27 186193 51 186265 27 186704 51 186778 26 187216 50 187291 26 187728 49 187804 25 188239 49 188316 25 188751 48 188829 25 189263 47 189341 25 189774 47 189853 7 189864 14 190286 47 190365 2 190381 9 190798 47 190877 1 190894 8 191310 46 191407 7 191822 46 191920 6 192334 41 192433 5 192846 37 192946 4 193359 35 193458 4 193871 34 193971 3 194382 34 194483 3 194894 33 194995 2 195406 32 195507 2 195918 31 196019 2 196430 30 196942 29 197454 29 197965 29 198478 28 198990 28 199502 28 200014 27 200526 27 201038 25 201550 23 202063 21 202575 19 203087 17 203600 14 204112 11 204625 8 205137 7 205650 5 206162 4 206674 3 207187 1
505bc0a3928d8aef5ce441c5a611fdd32e1e8eccdc15cc3a52b88030acb50f81,204698 1 205210 2 205723 2 206234 6 206251 2 206746 11 206758 7 207258 18 207770 18 208282 17 208794 16 209306 15 209818 14 210330 13 210842 12 211354 11 211867 9 212380 7 212893 5 213406 3 213918 2
519dc0d672d1c295fc69b629af8721ccb1a1f136d1976685a68487e62547ffe0,57863 6 58118 7 58372 10 58626 12 58882 13 59138 13 59394 12 59650 10 59906 8 60162 6 60420 3
519dc0d672d1c295fc69b629af8721ccb1a1f136d1976685a68487e62547ffe0,33808 4 34063 7 34319 7 34576 5
519dc0d672d1c295fc69b629af8721ccb1a1f136d1976685a68487e62547ffe0,26424 4 26679 6 26935 7 27191 7 27447 7 27703 7 27961 5 28219 1
519dc0d672d1c295fc69b629af8721ccb1a1f136d1976685a68487e62547ffe0,29550 5 29804 10 30060 11 30316 12 30573 12 30829 12 31086 11 31343 10 31601 7
519dc0d672d1c295fc69b629af8721ccb1a1f136d1976685a68487e62547ffe0,62577 6 62831 10 63085 13 63341 13 63597 13 63854 11 64113 5
519dc0d672d1c295fc69b629af8721ccb1a1f136d1976685a68487e62547ffe0,18812 6 19066 11 19320 15 19577 15 19834 14 20091 13 20347 13 20604 11 20862 5
519dc0d672d1c295fc69b629af8721ccb1a1f136d1976685a68487e62547ffe0,52350 4 52603 8 52858 10 53113 11 53368 12 53624 12 53881 10 54137 9 54396 4
519dc0d672d1c295fc69b629af8721ccb1a1f136d1976685a68487e62547ffe0,42884 6 43138 12 43393 16 43649 17 43905 19 44161 19 44418 18 44675 17 44932 15 45190 10 45449 4
519dc0d672d1c295fc69b629af8721ccb1a1f136d1976685a68487e62547ffe0,5036 5 5290 9 5545 11 5800 13 6056 14 6312 15 6568 16 6824 17 7081 16 7338 16 7595 15 7851 15 8109 13 8366 12 8624 10 8884 6
51c70bb8a299943b27f8b354571272692d8f2705036a1a9562156c76da5f025b,62982 1 63236 4 63491 6 63746 10 64003 10 64260 9 64517 7 64775 5
51c70bb8a299943b27f8b354571272692d8f2705036a1a9562156c76da5f025b,40645 2 40899 5 41154 7 41409 9 41664 10 41920 10 42176 9 42433 6 42690 4 42948 1
52b267e20519174e3ce1e1994b5d677804b16bc670aa5f6ffb6344a0fdf63fde,4425 4 4684 6 4943 8 5202 9 5462 10 5722 10 5982 11 6242 11 6502 12 6762 12 7023 6 7284 4 7544 4 7805 3 8065 3 8326 2
52b267e20519174e3ce1e1994b5d677804b16bc670aa5f6ffb6344a0fdf63fde,19502 6 19762 7 20022 8 20282 9 20542 9 20802 8 21062 8 21322 6 21582 3
52b267e20519174e3ce1e1994b5d677804b16bc670aa5f6ffb6344a0fdf63fde,27822 2 28082 2 28342 3 28602 3 28862 4 29122 4 29382 4 29642 4 29902 4 30162 4 30422 4 30682 4 30942 3 31202 3 31462 3 31722 2 31982 2 32242 1
52b267e20519174e3ce1e1994b5d677804b16bc670aa5f6ffb6344a0fdf63fde,79046 1 79304 4 79563 6 79823 8 80084 7 80344 6
52b267e20519174e3ce1e1994b5d677804b16bc670aa5f6ffb6344a0fdf63fde,11195 1 11454 3 11713 4 11972 5 12230 4 12488 4
52b267e20519174e3ce1e1994b5d677804b16bc670aa5f6ffb6344a0fdf63fde,23420 1 23678 4 23937 4 24196 5 24456 5 24716 5 24976 5 25235 6 25495 6 25755 6 26015 5 26277 3
52b267e20519174e3ce1e1994b5d677804b16bc670aa5f6ffb6344a0fdf63fde,7826 3 8085 5 8345 5 8605 5 8865 5 9126 4 9386 4 9646 4 9906 4 10166 3 10426 3 10686 3 10946 2 11206 1
52b267e20519174e3ce1e1994b5d677804b16bc670aa5f6ffb6344a0fdf63fde,39555 5 39813 7 40071 9 40331 8 40590 3 40596 2 40849 3 41109 2 41368 3 41627 4 41886 6 42146 7 42405 9 42665 9 42925 9 43185 6 43445 5
52b267e20519174e3ce1e1994b5d677804b16bc670aa5f6ffb6344a0fdf63fde,59836 1 60096 2 60355 3 60614 4 60874 4 61133 5 61392 4 61652 2
52b267e20519174e3ce1e1994b5d677804b16bc670aa5f6ffb6344a0fdf63fde,44757 1 45016 3 45275 5 45536 5 45796 6 46057 6 46317 6 46578 5 46838 5 47100 2
52b267e20519174e3ce1e1994b5d677804b16bc670aa5f6ffb6344a0fdf63fde,21882 5 22141 12 22401 13 22661 11 22921 9 23182 6 23444 1
52b267e20519174e3ce1e1994b5d677804b16bc670aa5f6ffb6344a0fdf63fde,49446 2 49703 5 49963 6 50222 7 50482 7 50742 6 51002 6 51261 6 51521 5 51783 2
52b267e20519174e3ce1e1994b5d677804b16bc670aa5f6ffb6344a0fdf63fde,85330 1 85589 2 85848 3 86107 3 86365 5 86624 5 86883 6 87143 5 87403 5 87663 4 87925 1
52b267e20519174e3ce1e1994b5d677804b16bc670aa5f6ffb6344a0fdf63fde,43740 4 43998 7 44256 9 44516 9 44775 10 45034 10 45294 8 45553 7 45812 6 46073 1
52b267e20519174e3ce1e1994b5d677804b16bc670aa5f6ffb6344a0fdf63fde,77830 6 78089 6 78348 7 78608 6 78868 6 79130 4 79391 2
52b267e20519174e3ce1e1994b5d677804b16bc670aa5f6ffb6344a0fdf63fde,2693 3 2950 9 3209 10 3470 9 3730 8 3990 6 4249 4
52b267e20519174e3ce1e1994b5d677804b16bc670aa5f6ffb6344a0fdf63fde,42478 4 42737 6 42996 7 43255 7 43514 8 43774 8 44033 9 44292 9 44552 9 44812 8 45072 8 45332 7 45591 8 45851 7 46111 5 46372 3
52b267e20519174e3ce1e1994b5d677804b16bc670aa5f6ffb6344a0fdf63fde,28970 2 29231 3 29491 3 29751 3 30011 4 30271 4 30532 4 30793 4 31053 4 31313 4 31573 4 31833 3 32092 4 32350 5 32597 1 32609 4 32858 4 32866 6 33119 11 33381 7
52b267e20519174e3ce1e1994b5d677804b16bc670aa5f6ffb6344a0fdf63fde,60939 1 61198 2 61458 2 61718 2 61978 2 62238 3 62498 4 62758 4 63018 3 63278 1
52b267e20519174e3ce1e1994b5d677804b16bc670aa5f6ffb6344a0fdf63fde,6347 2 6604 8 6864 9 7124 10 7384 10 7644 11 7904 11 8163 12 8422 12 8685 8 8950 2
52b267e20519174e3ce1e1994b5d677804b16bc670aa5f6ffb6344a0fdf63fde,17006 4 17265 5 17525 6 17785 5 18045 5 18305 4 18564 5 18824 4 19083 4 19343 4 19602 4 19862 4 20122 3 20381 3
52b267e20519174e3ce1e1994b5d677804b16bc670aa5f6ffb6344a0fdf63fde,34187 3 34445 7 34706 6 34966 6 35226 6 35486 6 35745 6 35997 1 36005 6 36257 4 36264 7 36516 14 36776 13 37036 12 37296 11 37556 10 37817 7 38077 5 38339 1
52b267e20519174e3ce1e1994b5d677804b16bc670aa5f6ffb6344a0fdf63fde,15473 6 15731 9 15990 10 16248 13 16508 14 16768 15 17029 15 17289 15 17550 14 17810 12 18071 8 18332 5
52b267e20519174e3ce1e1994b5d677804b16bc670aa5f6ffb6344a0fdf63fde,39654 4 39913 5 40172 6 40431 7 40692 5 40954 2
52b267e20519174e3ce1e1994b5d677804b16bc670aa5f6ffb6344a0fdf63fde,64877 4 65136 5 65396 4 65655 5 65916 3 66178 1
52b267e20519174e3ce1e1994b5d677804b16bc670aa5f6ffb6344a0fdf63fde,76604 2 76863 3 77123 3 77382 4 77641 5 77901 5 78161 5 78421 5 78681 5
52b267e20519174e3ce1e1994b5d677804b16bc670aa5f6ffb6344a0fdf63fde,26430 1 26690 2 26950 3 27210 3 27469 4 27727 6 27988 5 28250 3
52b267e20519174e3ce1e1994b5d677804b16bc670aa5f6ffb6344a0fdf63fde,85451 2 85709 5 85968 6 86228 7 86487 8 86748 7 87009 6 87270 4 87530 4 87790 2
52b267e20519174e3ce1e1994b5d677804b16bc670aa5f6ffb6344a0fdf63fde,16812 3 17072 4 17332 5 17592 5 17852 6 18112 6 18373 5 18634 4 18895 3 19155 3 19415 2 19675 2 19935 1
52b267e20519174e3ce1e1994b5d677804b16bc670aa5f6ffb6344a0fdf63fde,40474 1 40731 7 40991 8 41253 6 41514 6 41775 5 42035 5 42295 5 42554 5 42814 4
52b267e20519174e3ce1e1994b5d677804b16bc670aa5f6ffb6344a0fdf63fde,51394 5 51654 6 51914 6 52173 7 52433 6 52693 6 52954 2
52b267e20519174e3ce1e1994b5d677804b16bc670aa5f6ffb6344a0fdf63fde,77660 5 77919 6 78179 6 78439 6 78699 6 78959 6 79219 6 79479 6 79739 6 80000 5 80260 5 80521 3 80782 1
52b267e20519174e3ce1e1994b5d677804b16bc670aa5f6ffb6344a0fdf63fde,28012 2 28270 5 28529 7 28788 9 29047 11 29306 12 29566 12 29826 2 29833 4 30086 1 30094 3
52b267e20519174e3ce1e1994b5d677804b16bc670aa5f6ffb6344a0fdf63fde,81833 2 82093 4 82353 4 82613 5 82872 6 83132 7 83391 8 83649 10 83906 13 84167 12 84429 10 84690 8 84951 7 85213 3
52b267e20519174e3ce1e1994b5d677804b16bc670aa5f6ffb6344a0fdf63fde,34253 1 34508 5 34767 5 35027 5 35287 5 35547 5 35808 4 36068 3
52b267e20519174e3ce1e1994b5d677804b16bc670aa5f6ffb6344a0fdf63fde,71963 2 72222 3 72482 4 72743 3 73004 2 73264 2 73524 2 73783 4 74040 7 74300 7 74560 6 74820 6 75080 6 75340 5 75600 5 75860 5 76120 5 76381 4 76642 2
52b267e20519174e3ce1e1994b5d677804b16bc670aa5f6ffb6344a0fdf63fde,84456 5 84715 7 84974 9 85234 1 85239 5 85501 4 85762 3 86023 2 86283 2 86543 2 86803 1
52b267e20519174e3ce1e1994b5d677804b16bc670aa5f6ffb6344a0fdf63fde,2815 3 3076 3 3336 4 3596 4 3855 5 4115 5
52b267e20519174e3ce1e1994b5d677804b16bc670aa5f6ffb6344a0fdf63fde,26223 6 26481 8 26741 8 27001 8 27262 6
52b267e20519174e3ce1e1994b5d677804b16bc670aa5f6ffb6344a0fdf63fde,35323 4 35582 6 35841 7 36102 6 36363 5 36623 4 36883 1
52b267e20519174e3ce1e1994b5d677804b16bc670aa5f6ffb6344a0fdf63fde,47041 2 47300 4 47559 6 47818 8 48078 8 48338 8 48600 6 48864 2
52b267e20519174e3ce1e1994b5d677804b16bc670aa5f6ffb6344a0fdf63fde,11946 1 12207 4 12467 7 12727 11 12988 10
53df5150ee56253fe5bc91a9230d377bb21f1300f443ba45a758bcb01a15c0e4,61445 3 61699 7 61954 10 62210 11 62466 12 62722 12 62978 13 63234 14 63490 15 63746 15 64003 15 64260 14 64517 13 64774 13 65031 12
53df5150ee56253fe5bc91a9230d377bb21f1300f443ba45a758bcb01a15c0e4,22535 4 22790 5 23045 6 23301 5 23556 6 23813 4 24070 2
53df5150ee56253fe5bc91a9230d377bb21f1300f443ba45a758bcb01a15c0e4,13357 2 13613 4 13869 5 14125 6 14382 6 14638 7 14895 7 15152 6 15409 6 15667 3
53df5150ee56253fe5bc91a9230d377bb21f1300f443ba45a758bcb01a15c0e4,34634 1 34888 4 35142 6 35398 6 35653 6 35909 5 36165 5 36422 3
53df5150ee56253fe5bc91a9230d377bb21f1300f443ba45a758bcb01a15c0e4,21860 2 22115 5 22370 8 22626 9 22883 8 23139 9 23395 9 23652 8 23909 7 24167 4
53df5150ee56253fe5bc91a9230d377bb21f1300f443ba45a758bcb01a15c0e4,13174 2 13429 5 13685 6 13941 7 14198 6 14455 6 14712 5
53df5150ee56253fe5bc91a9230d377bb21f1300f443ba45a758bcb01a15c0e4,51344 3 51599 5 51855 6 52110 7 52366 8 52622 8 52878 8 53134 8 53389 9 53645 9 53901 9 54157 9 54413 9 54669 9 54926 8 55182 7 55438 7 55695 5 55953 1
53df5150ee56253fe5bc91a9230d377bb21f1300f443ba45a758bcb01a15c0e4,30868 4 31124 4 31379 5 31635 5 31891 5 32146 6 32403 4 32659 2
53df5150ee56253fe5bc91a9230d377bb21f1300f443ba45a758bcb01a15c0e4,2721 6 2976 9 3232 10 3488 11 3744 12 4001 12 4258 11 4516 10 4774 8 5033 4
53df5150ee56253fe5bc91a9230d377bb21f1300f443ba45a758bcb01a15c0e4,29095 4 29350 6 29606 7 29862 8 30118 8 30374 9 30631 8 30887 8 31144 6 31400 6 31657 4 31915 1
53df5150ee56253fe5bc91a9230d377bb21f1300f443ba45a758bcb01a15c0e4,20691 4 20947 5 21202 6 21458 7 21714 7 21970 8 22226 8 22482 8 22738 8 22994 8 23251 7 23507 7 23764 6 24023 1
53df5150ee56253fe5bc91a9230d377bb21f1300f443ba45a758bcb01a15c0e4,473 4 728 6 983 8 1239 9 1494 10 1750 11 2006 11 2263 10 2519 11 2775 11 3032 10 3288 10 3545 9 3804 5
53df5150ee56253fe5bc91a9230d377bb21f1300f443ba45a758bcb01a15c0e4,54756 3 55011 6 55266 8 55522 9 55778 10 56034 11 56290 12 56547 11 56803 12 57060 12 57317 11 57574 11 57831 10 58088 10 58345 9 58602 7 58859 6 59117 3
550450e4bff4036fd671decdc5d42fec23578198d6a2fd79179c4368b9d6da18,39002 1 39522 1 40042 2 40562 2 41082 4 41602 6 42122 8 42642 10 43162 10 43682 11 44202 11 44722 11 45242 11 45762 11 46282 11 46802 11 47322 11 47842 11 48362 11 48882 10 49402 9 49922 7 50444 2
550450e4bff4036fd671decdc5d42fec23578198d6a2fd79179c4368b9d6da18,102970 1 103488 2 104007 1 104526 2 105044 3 105562 5 106082 4 106602 4 107122 3 107642 3 108162 3 108682 3 109202 2 109722 2
550450e4bff4036fd671decdc5d42fec23578198d6a2fd79179c4368b9d6da18,129007 3 129522 8 130040 9 130559 10 131077 11 131595 12 132112 14 132629 16 133146 18 133664 19 134183 18 134702 16 135222 14 135741 13 136260 13 136778 14 137291 20 137809 21 138328 22 138846 23 139365 24 139883 26 140402 26 140922 24 141442 21 141963 18 142485 14 143006 12 143528 8 144049 5
550450e4bff4036fd671decdc5d42fec23578198d6a2fd79179c4368b9d6da18,531 8 1050 9 1570 8 2089 9 2609 9 3129 9 3649 9 4168 11 4688 10 5207 11 5726 11 6244 12 6763 12 7286 8 7810 2
550450e4bff4036fd671decdc5d42fec23578198d6a2fd79179c4368b9d6da18,99341 4 99858 8 100377 9 100896 8 101414 6 101933 2 102452 1
550450e4bff4036fd671decdc5d42fec23578198d6a2fd79179c4368b9d6da18,86861 3 87379 6 87896 9 88415 10 88935 8 89456 5 89976 4 90497 2 91018 1
550450e4bff4036fd671decdc5d42fec23578198d6a2fd79179c4368b9d6da18,119103 3 119620 7 120136 11 120655 12 121176 11 121699 3
550450e4bff4036fd671decdc5d42fec23578198d6a2fd79179c4368b9d6da18,157577 7 158097 8 158617 9 159137 10 159658 10 160178 11 160699 10 161220 10 161742 8 162264 5
550450e4bff4036fd671decdc5d42fec23578198d6a2fd79179c4368b9d6da18,58790 1 59309 3 59828 5 60347 8 60865 12 61384 21 61904 20 62425 18 62946 15 63470 6
550450e4bff4036fd671decdc5d42fec23578198d6a2fd79179c4368b9d6da18,170069 5 170588 8 171108 6 171628 6 172148 5 172668 5 173188 5 173707 6 174227 6 174746 7 175266 7 175785 8 176305 8 176825 8 177345 9 177865 9 178385 9 178907 7 179427 7 179948 5
550450e4bff4036fd671decdc5d42fec23578198d6a2fd79179c4368b9d6da18,28638 2 29156 6 29675 9 30194 11 30713 12 31232 14 31751 15 32270 16 32788 17 33309 15 33832 11
550450e4bff4036fd671decdc5d42fec23578198d6a2fd79179c4368b9d6da18,108189 1 108709 5 109229 6 109748 8 110268 6
550450e4bff4036fd671decdc5d42fec23578198d6a2fd79179c4368b9d6da18,1089 2 1609 2 2128 4 2646 7 3165 8 3685 8 4204 10 4722 12 5237 17 5758 15 6278 15 6798 14 7319 12 7839 11 8360 10 8880 9 9400 8 9921 6 10441 6 10961 5 11480 5 12000 4 12519 2 13038 1
550450e4bff4036fd671decdc5d42fec23578198d6a2fd79179c4368b9d6da18,43202 4 43721 5 44240 7 44759 7 45278 8 45798 7 46317 8 46837 7 47357 6 47878 4
550450e4bff4036fd671decdc5d42fec23578198d6a2fd79179c4368b9d6da18,57255 2 57774 3 58292 6 58810 10 59329 12 59849 13 60368 11 60892 5 61414 1
550450e4bff4036fd671decdc5d42fec23578198d6a2fd79179c4368b9d6da18,112898 5 113418 7 113938 7 114458 8 114978 8 115497 10 116017 10 116528 1 116536 12 117048 3 117054 14 117568 20 118089 20 118609 20 119131 19 119652 11 119669 1 120173 6
550450e4bff4036fd671decdc5d42fec23578198d6a2fd79179c4368b9d6da18,148252 1 148772 1 149291 2 149811 2 150329 4 150848 6 151368 6 151888 6 152408 7 152928 7 153448 8 153968 8 154489 7 155010 6 155531 5 156051 5 156572 4 157092 4 157613 1
550450e4bff4036fd671decdc5d42fec23578198d6a2fd79179c4368b9d6da18,66613 1 67131 5 67651 7 68171 10 68692 10 69213 10 69733 11 70254 10 70775 8 71296 7 71818 4
550450e4bff4036fd671decdc5d42fec23578198d6a2fd79179c4368b9d6da18,99892 4 100411 9 100932 9 101452 9 101973 9 102493 9 103015 7 103539 3
550450e4bff4036fd671decdc5d42fec23578198d6a2fd79179c4368b9d6da18,142017 3 142535 7 143052 13 143571 14 144092 11 144612 10 145132 8 145653 4 146173 2 146693 1 147213 1
550450e4bff4036fd671decdc5d42fec23578198d6a2fd79179c4368b9d6da18,43225 1 43744 3 44264 3 44784 4 45304 4 45824 4 46344 4 46863 5 47383 5 47902 6 48422 7 48941 8 49461 7 49980 8 50499 9 51017 11 51535 12 52053 13 52573 12 53095 8 53616 5 54136 3
550450e4bff4036fd671decdc5d42fec23578198d6a2fd79179c4368b9d6da18,155555 1 156074 3 156593 3 157112 3 157630 4 158149 4 158667 6 159188 4 159709 2
550450e4bff4036fd671decdc5d42fec23578198d6a2fd79179c4368b9d6da18,20876 4 21394 7 21913 9 22433 9 22952 10 23472 10 23992 9 24511 9 25032 7 25552 7 26072 6 26592 6 27113 4 27634 3 28154 3 28675 2 29195 2 29715 2 30234 4 30754 4 31273 6 31792 8 32312 9 32832 9 33352 10 33871 10 34391 9 34910 1
550450e4bff4036fd671decdc5d42fec23578198d6a2fd79179c4368b9d6da18,4235 7 4754 9 5273 10 5793 11 6312 12 6832 12 7352 11 7872 11 8392 10 8912 9 9433 7 9953 6 10474 4
550450e4bff4036fd671decdc5d42fec23578198d6a2fd79179c4368b9d6da18,62480 2 62995 10 63512 14 64032 14 64552 14 65072 14 65592 13 66113 11
550450e4bff4036fd671decdc5d42fec23578198d6a2fd79179c4368b9d6da18,107210 2 107727 5 108244 7 108763 8 109281 7 109800 4
550450e4bff4036fd671decdc5d42fec23578198d6a2fd79179c4368b9d6da18,119170 5 119688 7 120207 9 120726 10 121244 13 121762 2 121770 9 122292 12 122813 12 123334 12 123855 12 124376 12 124896 12 125417 11 125938 6
550450e4bff4036fd671decdc5d42fec23578198d6a2fd79179c4368b9d6da18,135300 2 135817 8 136336 12 136854 15 137373 16 137893 16 138411 18 138929 19 139447 20 139965 21 140485 21 141005 20 141524 21 142045 2 142054 11 142576 9 143097 8 143617 9 144138 8 144659 8 145179 9 145700 8 146220 9 146740 9 147260 2
550450e4bff4036fd671decdc5d42fec23578198d6a2fd79179c4368b9d6da18,163897 2 164414 4 164933 5 165453 5 165972 6 166492 6 167011 7 167530 9 168049 10 168569 11 169089 12 169610 11 170130 11 170650 11 171171 10 171691 10 172211 9 172731 8 173251 6 173770 6 174290 6 174809 6 175328 7 175846 8 176365 9 176884 10 177404 9 177924 9 178450 3
550450e4bff4036fd671decdc5d42fec23578198d6a2fd79179c4368b9d6da18,73938 3 74455 6 74974 6 75493 7 76011 8 76531 8 77050 9 77569 9 78089 9 78608 9 79128 9 79648 8 80169 7 80689 6 81210 5 81731 3
550450e4bff4036fd671decdc5d42fec23578198d6a2fd79179c4368b9d6da18,154015 12 154533 13 155053 13 155573 11 156094 8 156616 6 157138 3 157660 1
550450e4bff4036fd671decdc5d42fec23578198d6a2fd79179c4368b9d6da18,42749 4 43266 7 43784 9 44303 10 44821 12 45341 12 45861 12 46382 10 46902 9 47424 3
550450e4bff4036fd671decdc5d42fec23578198d6a2fd79179c4368b9d6da18,21426 3 21946 4 22466 4 22985 5 23505 4 24025 4 24546 2
550450e4bff4036fd671decdc5d42fec23578198d6a2fd79179c4368b9d6da18,113472 3 113991 5 114511 5 115031 6 115552 6 116073 6 116594 6 117115 5 117636 4
550450e4bff4036fd671decdc5d42fec23578198d6a2fd79179c4368b9d6da18,158717 2 159233 6 159753 7 160273 7 160793 8 161313 8 161833 8 162354 7 162874 7 163395 6 163916 5 164437 4 164958 2
550450e4bff4036fd671decdc5d42fec23578198d6a2fd79179c4368b9d6da18,103607 3 104121 9 104639 11 105160 9 105680 8
550450e4bff4036fd671decdc5d42fec23578198d6a2fd79179c4368b9d6da18,169135 1 169158 1 169656 2 169676 2 170177 4 170194 3 170698 19 171218 18 171739 16 172259 15 172779 14 173281 1 173298 13 173800 4 173818 12 174320 7 174336 13 174839 29 175359 16 175881 12 176403 9 176925 6 177448 1
550450e4bff4036fd671decdc5d42fec23578198d6a2fd79179c4368b9d6da18,138975 2 139492 9 140011 11 140530 13 141049 15 141568 16 142089 15 142609 15 143129 14 143649 13 144170 10 144690 9 145210 8 145730 7 146250 7 146769 7 147289 7 147808 8 148327 9 148846 10 149366 1 149370 6
550450e4bff4036fd671decdc5d42fec23578198d6a2fd79179c4368b9d6da18,76572 5 77090 9 77608 12 78128 11 78647 10 79170 2
550450e4bff4036fd671decdc5d42fec23578198d6a2fd79179c4368b9d6da18,3249 1 3770 2 4291 5 4813 5 5334 6 5855 7 6376 8 6897 9 7418 8 7939 8 8462 5 8984 3
550450e4bff4036fd671decdc5d42fec23578198d6a2fd79179c4368b9d6da18,18335 2 18854 7 19374 10 19893 11 20411 14 20930 16 21450 16 21971 14 22491 12 23011 10 23532 7 24052 4
550450e4bff4036fd671decdc5d42fec23578198d6a2fd79179c4368b9d6da18,44335 7 44854 11 45373 13 45893 15 46413 17 46437 4 46934 27 47454 27 47976 25 48497 23 49021 18 49543 15 50063 14 50584 12 51104 12 51624 11 52144 10 52663 10 53183 9 53703 7 54222 6 54742 5 55262 2
550450e4bff4036fd671decdc5d42fec23578198d6a2fd79179c4368b9d6da18,116096 7 116615 8 117135 8 117655 7 118175 7
550450e4bff4036fd671decdc5d42fec23578198d6a2fd79179c4368b9d6da18,101556 1 102072 9 102592 10 103111 11 103632 10 104152 10 104672 9 105192 8 105712 8 106232 7 106751 8 107271 8 107790 9 108308 11 108826 14 109346 14 109868 10 110389 7
550450e4bff4036fd671decdc5d42fec23578198d6a2fd79179c4368b9d6da18,127549 4 128067 7 128587 8 129107 8 129628 7 130149 6 130671 4 131194 1
550450e4bff4036fd671decdc5d42fec23578198d6a2fd79179c4368b9d6da18,88561 5 89079 8 89598 10 90116 13 90635 14 91154 15 91674 15 92194 14 92717 8
550450e4bff4036fd671decdc5d42fec23578198d6a2fd79179c4368b9d6da18,73495 1 74013 4 74531 8 75050 10 75569 12 76088 15 76607 15 77127 14 77646 13 78166 12 78685 12 79205 12 79725 11 80245 10 80765 10 81285 9 81805 9 82326 7 82847 6 83369 3
550450e4bff4036fd671decdc5d42fec23578198d6a2fd79179c4368b9d6da18,172293 2 172812 5 173332 6 173851 8 174370 7 174888 9 175407 8 175928 6 176450 2
550450e4bff4036fd671decdc5d42fec23578198d6a2fd79179c4368b9d6da18,111459 2 111977 6 112496 9 113015 13 113535 12 114054 13 114574 12 115093 13 115611 13 116130 11 116650 9 117170 8 117690 7 118211 6 118732 4 119253 3 119774 2
550450e4bff4036fd671decdc5d42fec23578198d6a2fd79179c4368b9d6da18,61533 3 62051 6 62571 7 63091 7 63612 6 64133 5 64654 4 65175 3
550450e4bff4036fd671decdc5d42fec23578198d6a2fd79179c4368b9d6da18,22539 1 23057 3 23576 3 24095 4 24614 4 25134 4 25654 4 26175 3 26695 4 27216 3 27736 5 28256 7 28776 17 29296 16 29816 13 30336 11 30856 10 31376 7 31897 2
550450e4bff4036fd671decdc5d42fec23578198d6a2fd79179c4368b9d6da18,121858 1 122378 1 122898 1 123417 2 123937 2 124456 3 124976 4 125495 5 126015 5 126537 3 127058 2
550450e4bff4036fd671decdc5d42fec23578198d6a2fd79179c4368b9d6da18,140061 1 140581 1 141100 3 141619 6 142140 6 142661 7 143181 8 143702 8 144223 9 144745 10 145266 8 145787 6 146309 3
550450e4bff4036fd671decdc5d42fec23578198d6a2fd79179c4368b9d6da18,6947 3 7465 8 7983 11 8502 12 9022 12 9542 12 10062 13 10582 13 11102 13 11623 11 12144 10 12666 7
550450e4bff4036fd671decdc5d42fec23578198d6a2fd79179c4368b9d6da18,39187 2 39705 5 40224 7 40744 6 41263 6 41784 3
550450e4bff4036fd671decdc5d42fec23578198d6a2fd79179c4368b9d6da18,168674 6 169192 9 169711 10 170231 11 170750 12 171270 12 171790 12 172309 13 172831 10 173353 6
550450e4bff4036fd671decdc5d42fec23578198d6a2fd79179c4368b9d6da18,153598 3 154114 8 154633 9 155152 10 155672 9 156192 9 156712 8 157233 6 157753 4 158274 1
550450e4bff4036fd671decdc5d42fec23578198d6a2fd79179c4368b9d6da18,56877 8 57396 11 57915 13 58435 13 58954 13 59476 4
550450e4bff4036fd671decdc5d42fec23578198d6a2fd79179c4368b9d6da18,105239 3 105756 7 106276 8 106796 8 107316 8 107836 7 108356 6 108876 5
550450e4bff4036fd671decdc5d42fec23578198d6a2fd79179c4368b9d6da18,68328 4 68843 10 69362 12 69880 13 70399 13 70918 12 71441 5
550450e4bff4036fd671decdc5d42fec23578198d6a2fd79179c4368b9d6da18,114610 3 115130 3 115649 3 116169 2 116687 2 117205 3 117722 6 118240 7 118760 7 119280 7 119799 8 120319 8 120838 9 121358 9 121877 11 122397 11 122917 11 123437 11 123957 10 124477 10 124998 8 125518 7 126039 4 126560 1
550450e4bff4036fd671decdc5d42fec23578198d6a2fd79179c4368b9d6da18,35564 1 36082 7 36602 8 37121 9 37643 7
550450e4bff4036fd671decdc5d42fec23578198d6a2fd79179c4368b9d6da18,43890 3 44404 11 44923 13 45442 14 45962 14 46482 13 47002 13 47523 12 48044 12 48566 10 49088 9 49610 9 50130 13 50653 12 51175 10 51695 9 52216 6 52736 1
550450e4bff4036fd671decdc5d42fec23578198d6a2fd79179c4368b9d6da18,730 1 1250 2 1769 3 2289 4 2809 4 3329 5 3849 5 4369 6 4890 4 5411 3 5931 2
550450e4bff4036fd671decdc5d42fec23578198d6a2fd79179c4368b9d6da18,22571 24 23090 27 23610 26 24130 26 24651 24 25172 22 25702 12 26225 8 26748 4
550450e4bff4036fd671decdc5d42fec23578198d6a2fd79179c4368b9d6da18,136975 5 137493 8 138011 10 138529 13 139050 12 139570 12 140091 11 140611 11 141131 11 141651 11 142171 11 142690 11 143210 11 143730 2 143737 4 144259 2 144779 2 145300 2 145820 2 146340 4 146860 7 147380 13 147900 14 148419 16 148939 17 149458 18 149978 19 150497 21 151017 23 151536 24 152056 25 152576 25 153095 27 153615 29 154134 32 154169 8 154654 44 155174 44 155694 43 156215 42 156735 19 156757 20 157256 16 157279 17 157778 12 157800 16 158299 9 158321 14 158822 3 158841 14 159362 12 159882 12 160402 11 160923 9 161443 8 161963 6 162484 3
550450e4bff4036fd671decdc5d42fec23578198d6a2fd79179c4368b9d6da18,175469 1 175988 3 176506 6 177024 10 177541 20 178057 23 178576 23 179097 20 179617 20 180138 18
550450e4bff4036fd671decdc5d42fec23578198d6a2fd79179c4368b9d6da18,91753 3 92271 5 92789 7 93305 11 93823 13 94343 12 94862 12 95383 9 95905 7 96426 5
550450e4bff4036fd671decdc5d42fec23578198d6a2fd79179c4368b9d6da18,125025 4 125543 8 126061 11 126581 10 127105 2
550450e4bff4036fd671decdc5d42fec23578198d6a2fd79179c4368b9d6da18,61589 9 62106 10 62623 8
550450e4bff4036fd671decdc5d42fec23578198d6a2fd79179c4368b9d6da18,10630 3 11149 5 11670 5 12190 6 12714 2
550450e4bff4036fd671decdc5d42fec23578198d6a2fd79179c4368b9d6da18,105274 3 105794 4 106314 4 106835 4 107355 4 107876 3 108396 4 108917 3 109437 4 109957 5 110477 6 110997 7 111517 9 112037 9 112556 11 113076 12 113595 13 114115 14 114634 15 115154 14 115675 13 116195 13 116715 13 117236 11 117756 11 118277 10 118797 9 119318 8 119839 6
550450e4bff4036fd671decdc5d42fec23578198d6a2fd79179c4368b9d6da18,772 9 1292 10 1813 9 2333 10 2853 10 3373 10 3893 10 4414 8 4935 6 5456 3
550450e4bff4036fd671decdc5d42fec23578198d6a2fd79179c4368b9d6da18,13775 2 14293 5 14812 7 15331 9 15851 9 16371 10 16892 10 17412 10 17932 11 18453 11 18973 11 19494 10 20014 8 20535 7 21056 5 21578 2
550450e4bff4036fd671decdc5d42fec23578198d6a2fd79179c4368b9d6da18,76711 4 77224 16 77743 18 78263 18 78783 18 79302 19 79822 18 80341 18 80861 16 81380 16 81900 16 82419 16 82938 17 83457 18 83975 20 84494 22 85012 24 85533 24 86054 21 86575 18 87096 15 87617 12 88138 10 88659 8 89180 6 89700 5 90221 3 90741 3 91261 2 91781 2 92301 2 92821 2 93341 2 93860 3 94380 3 94899 3 95418 3 95938 2 96457 2
550450e4bff4036fd671decdc5d42fec23578198d6a2fd79179c4368b9d6da18,43425 7 43945 11 44465 13 44984 13 45504 13 46023 14 46542 15 47062 15 47582 16 48102 16 48624 16 49152 10 49674 11 50195 10 50716 10 51236 10 51757 8 52277 8 52797 7 53318 6 53839 4
550450e4bff4036fd671decdc5d42fec23578198d6a2fd79179c4368b9d6da18,61105 15 61624 16 62143 18 62663 18 63182 18 63702 17 64222 16 64743 13 65264 8 65787 2
550450e4bff4036fd671decdc5d42fec23578198d6a2fd79179c4368b9d6da18,132365 2 132881 8 133399 11 133918 12 134439 12 134960 12 135484 8 136007 5
550450e4bff4036fd671decdc5d42fec23578198d6a2fd79179c4368b9d6da18,152660 8 153176 16 153694 21 154213 24 154733 7 154744 15 155253 5 155266 14 155773 3 155787 14 156293 2 156308 13 156828 14 157349 14 157871 12 158393 11 158914 10 159434 10 159955 9 160475 9 160995 9 161515 9 162035 9 162554 10 163074 9 163592 10 164113 8 164633 7 165153 6 165645 1 165673 6 166165 1 166193 5 166685 2 166712 6 167205 2 167232 5 167725 3 167751 6 168245 3 168269 7 168765 5 168788 8 169284 8 169307 9 169804 10 169825 10 170325 11 170343 12 170847 27 171369 25 171891 22 172412 20 172933 18 173454 14 173976 10 174500 4
550450e4bff4036fd671decdc5d42fec23578198d6a2fd79179c4368b9d6da18,88717 5 89234 9 89753 12 90272 13 90792 13 91312 12 91832 11 92353 9 92873 9 93394 7 93914 7 94434 7 94954 7 95474 7 95993 9 96513 9 97032 11 97551 12 98069 15 98587 17 99107 18 99626 19 100145 21 100663 23 101181 25 101700 26 102220 26 102739 28 103259 28 103299 1 103778 30 103818 3 104299 31 104336 6 104820 42 105341 41 105867 36 106389 14 106408 15 106911 10 106930 14 107431 8 107452 12 107952 6 107973 9 108472 6 108493 8 108992 5 109014 6 109512 5 109535 4 110032 5 110056 2 110551 6 111071 7 111589 9 112111 8 112633 7 113153 8 113674 9 114194 11 114714 15 115234 18 115754 18 116258 2 116273 19 116776 4 116793 19 117294 7 117311 22 117809 14 117826 27 118328 45 118848 45 119367 46 119887 15 119909 24 120407 13 120431 23 120927 12 120953 21 121448 11 121475 20 121969 9 121998 17 122520 16 123042 15 123564 14 124084 15 124605 16 125125 17 125645 16 126165 16 126684 15 127204 14 127723 13 128242 13 128763 10 129284 9 129805 7 130331 1
550450e4bff4036fd671decdc5d42fec23578198d6a2fd79179c4368b9d6da18,41391 1 41905 10 42423 12 42941 13 43460 13 43979 13 44498 12 45017 10
550450e4bff4036fd671decdc5d42fec23578198d6a2fd79179c4368b9d6da18,54911 7 55427 13 55945 17 55968 6 56464 30 56983 32 57503 32 58024 31 58544 29 59064 9 59081 9 59584 4
550450e4bff4036fd671decdc5d42fec23578198d6a2fd79179c4368b9d6da18,840 4 1359 6 1879 6 2397 10 2916 10 3436 10 3955 10 4476 9 4997 7 5519 5 6042 1
550450e4bff4036fd671decdc5d42fec23578198d6a2fd79179c4368b9d6da18,63785 5 64305 6 64825 7 65345 8 65864 10 66384 11 66904 10 67423 11 67943 10 68462 10 68982 10 69501 10 70010 2 70019 11 70531 18 71051 16 71571 14 72090 13 72610 9 73129 8 73649 7 74168 8 74688 7 75207 8 75727 8 76246 8 76765 9 77285 9 77804 10 78324 10 78844 10 79364 10 79884 10 80404 9 80925 7 81446 3
550450e4bff4036fd671decdc5d42fec23578198d6a2fd79179c4368b9d6da18,30491 11 31008 15 31526 18 32045 20 32566 20 33087 19 33125 4 33608 18 33643 6 34130 16 34161 7 34653 14 34680 6 35183 4 35199 2 35705 2 35717 2 36225 3 36236 1 36746 2 36755 2 37266 4 37273 3 37786 10 38305 11 38825 11 39344 12 39862 14 40379 17 40897 18 41415 20 41932 21 42457 14 42985 4
550450e4bff4036fd671decdc5d42fec23578198d6a2fd79179c4368b9d6da18,174540 2 175058 4 175576 5 176090 11 176608 12 177127 13 177646 13 178166 12 178693 4 179215 1 179735 1
550450e4bff4036fd671decdc5d42fec23578198d6a2fd79179c4368b9d6da18,9193 5 9711 10 10230 13 10749 14 11269 14 11790 13 12294 3 12310 13 12812 5 12830 13 13330 7 13350 13 13849 9 13869 14 14368 10 14389 13 14888 12 14908 3 14917 4 15409 13 15426 3 15930 18 16451 17 16972 15 17494 13 18016 10
550450e4bff4036fd671decdc5d42fec23578198d6a2fd79179c4368b9d6da18,133455 9 133975 10 134494 10 135014 10 135534 9 136053 9 136573 8 137092 8 137611 8 138131 7 138650 6 139169 6 139689 5 140208 5 140728 4 141248 4 141769 2
550450e4bff4036fd671decdc5d42fec23578198d6a2fd79179c4368b9d6da18,136098 4 136617 7 137136 9 137656 9 138175 10 138694 11 139214 11 139733 12 140253 12 140773 12 141293 12 141813 12 142333 12 142852 13 143372 12 143892 12 144412 11 144931 11 145451 10 145970 10 146490 4 147009 2 147527 2 148043 5 148560 8 149078 9 149597 10 150116 11 150636 11 151156 11 151675 11 152195 11 152714 11 153234 10 153753 10 154273 9 154791 10 155309 11 155827 12 156344 14 156862 14 157381 15 157901 14 158420 14 158940 14 159460 13 159980 13 160500 12 161020 12 161540 12 162060 12 162580 12 163099 13 163620 12 164140 12 164661 11 165181 11 165702 9 166222 9 166742 7 167263 4 167783 2 168303 1
550450e4bff4036fd671decdc5d42fec23578198d6a2fd79179c4368b9d6da18,50798 7 51315 11 51833 14 52351 16 52869 18 53386 21 53906 21 54427 20 54947 21 55468 20 55989 20 56510 19 57033 17 57556 15 58078 14 58599 13 59120 11 59641 8 60165 1
550450e4bff4036fd671decdc5d42fec23578198d6a2fd79179c4368b9d6da18,66422 3 66940 6 67459 6 67978 7 68498 7 69017 7 69536 7 70056 6 70575 6 71094 5 71613 3 72132 2 72650 3 73168 5 73685 7 74204 8 74723 9 75243 9 75762 10 76282 10 76801 11 77320 12 77840 12 78359 12 78878 13 79398 12 79918 11 80438 10 80958 10 81478 9 81999 7 82519 6 83040 4
550450e4bff4036fd671decdc5d42fec23578198d6a2fd79179c4368b9d6da18,170923 1 171443 1 171963 2 172482 5 173002 7 173522 7 174041 7 174561 7 175080 7 175600 7 176119 7 176639 6 177158 6 177678 5 178197 5
550450e4bff4036fd671decdc5d42fec23578198d6a2fd79179c4368b9d6da18,116844 4 117363 6 117884 6 118404 7 118924 7 119445 6 119965 5 120485 4 121006 2
550450e4bff4036fd671decdc5d42fec23578198d6a2fd79179c4368b9d6da18,11301 4 11819 11 12338 15 12858 17 13377 18 13897 17 14416 18 14936 18 15457 16 15977 16 16498 13 17019 10
550450e4bff4036fd671decdc5d42fec23578198d6a2fd79179c4368b9d6da18,88785 5 89303 9 89822 12 90341 13 90861 13 91381 12 91901 11 92421 10 92942 7 93462 6 93983 4 94503 4 95024 2 95544 2 96064 2 96585 1 97105 1
550450e4bff4036fd671decdc5d42fec23578198d6a2fd79179c4368b9d6da18,32117 4 32635 7 33153 9 33672 11 34191 12 34710 13 35229 13 35748 14 36268 12 36789 10 37309 9 37830 6 38353 1
550450e4bff4036fd671decdc5d42fec23578198d6a2fd79179c4368b9d6da18,119992 6 120511 8 121030 10 121549 12 122069 13 122590 12 123110 13 123632 11 124156 4
550450e4bff4036fd671decdc5d42fec23578198d6a2fd79179c4368b9d6da18,154320 8 154838 12 155357 14 155876 16 156402 11 156924 10 157445 10 157967 8 158489 7 159012 4
550450e4bff4036fd671decdc5d42fec23578198d6a2fd79179c4368b9d6da18,52922 7 52937 3 53441 19 53961 20 54481 21 55001 23 55522 24 56042 25 56563 24 57083 25 57603 25 58124 24 58644 23 59165 21 59685 20 60206 17 60727 15 61248 13 61768 13 62289 11 62809 11 63329 11 63848 12 64368 12 64887 13 65406 15 65924 17 66443 18 66961 19 67480 20 67999 20 68519 19 69040 16 69560 15 70081 11 70602 5
550450e4bff4036fd671decdc5d42fec23578198d6a2fd79179c4368b9d6da18,81008 2 81525 7 82043 10 82564 9 83085 8 83606 7 84126 7 84647 6 85168 4 85688 4 86209 3 86729 3 87250 2 87770 2 88290 3 88811 2 89331 3 89851 3 90371 4 90891 5 91411 5 91932 4 92454 2
550450e4bff4036fd671decdc5d42fec23578198d6a2fd79179c4368b9d6da18,19152 12 19669 16 20166 3 20186 20 20686 40 21207 39 21728 37 22248 36 22769 33 23290 25 23811 21 24332 18 24855 14 25377 11 25901 4
550450e4bff4036fd671decdc5d42fec23578198d6a2fd79179c4368b9d6da18,111692 4 112211 7 112730 8 113249 9 113769 10 114290 9 114810 10 115330 10 115851 10 116371 10 116891 11 117411 11 117932 10 118453 9 118974 8 119495 6 120017 4 120539 2
550450e4bff4036fd671decdc5d42fec23578198d6a2fd79179c4368b9d6da18,136152 4 136670 7 137188 10 137707 11 138225 13 138743 15 139255 23 139771 27 140290 15 140312 4 140810 13 141329 12 141849 11 142369 10 142889 9 143409 8 143929 7 144450 6 144971 3
550450e4bff4036fd671decdc5d42fec23578198d6a2fd79179c4368b9d6da18,32140 15 32656 20 33174 23 33693 25 34213 25 34735 23 35256 20 35777 16 36298 10
550450e4bff4036fd671decdc5d42fec23578198d6a2fd79179c4368b9d6da18,124701 2 125221 3 125740 5 126260 6 126779 6 127298 6 127817 6 128336 5 128856 2
550450e4bff4036fd671decdc5d42fec23578198d6a2fd79179c4368b9d6da18,95061 12 95582 12 96102 13 96623 13 97144 13 97667 12 98192 9 98714 10 99236 9 99756 9 100277 9 100797 9 101318 8 101838 8 102359 6 102879 6 103400 4 103921 3 104441 2
550450e4bff4036fd671decdc5d42fec23578198d6a2fd79179c4368b9d6da18,156434 7 156953 10 157471 13 157991 15 158510 17 159029 18 159548 18 160067 18 160585 20 161101 23 161621 23 162142 22 162662 21 163182 21 163703 19 164224 18 164745 16 165268 13 165795 5 166318 1
550450e4bff4036fd671decdc5d42fec23578198d6a2fd79179c4368b9d6da18,957 13 1476 15 1996 15 2514 18 3033 20 3553 21 4072 24 4591 25 5111 23 5632 13 6157 6
550450e4bff4036fd671decdc5d42fec23578198d6a2fd79179c4368b9d6da18,146037 11 146555 12 147074 11
550450e4bff4036fd671decdc5d42fec23578198d6a2fd79179c4368b9d6da18,103430 2 103950 3 104469 4 104989 5 105508 8 106027 11 106545 16 107064 19 107583 21 108103 22 108622 22 109142 21 109662 20 110183 16 110703 14 111225 10 111745 9 112266 8 112786 7 113307 6 113342 4 113827 6 113861 7 114347 7 114380 8 114866 8 114899 10 115386 9 115419 11 115906 10 115939 12 116425 12 116458 12 116945 13 116978 11 117464 15 117497 12 117984 15 118015 13 118504 16 118533 15 119025 17 119051 17 119546 18 119567 21 120068 40 120590 38 121111 38 121631 38 122152 38 122672 38 123167 4 123192 6 123202 29 123685 7 123712 4 123724 27 124204 9 124231 5 124245 26 124723 10 124751 4 124766 24 125242 11 125270 5 125287 23 125761 13 125788 7 125808 21 126281 13 126306 8 126329 19 126801 14 126823 11 126851 15 127321 16 127341 13 127372 11 127842 7 127854 19 128363 3 128376 17 128898 14 129419 13 129939 12 130460 11 130980 10 131501 9 132021 9 132542 7 133063 5 133584 3
550450e4bff4036fd671decdc5d42fec23578198d6a2fd79179c4368b9d6da18,28564 3 29081 8 29599 11 30118 13 30637 15 31156 16 31676 16 32196 15 32717 12 33237 11 33758 9 34278 7 34799 5 35319 5 35840 3 36360 3 36880 2 37401 1 37921 1 38441 1 38960 2 39480 3 39999 4 40518 6 41038 7 41558 8 42077 8 42597 7 43116 7 43634 6 44139 1 44151 7 44657 4 44669 8 45175 6 45189 8 45692 11 45707 9 46211 25 46730 26 47250 25 47770 25 48290 25 48810 24 49330 24 49851 22 50371 21 50893 18 51414 15 51935 7 52458 1
550450e4bff4036fd671decdc5d42fec23578198d6a2fd79179c4368b9d6da18,35299 5 35818 8 36337 10 36855 13 37375 13 37894 14 38415 11 38937 6 39460 1
550450e4bff4036fd671decdc5d42fec23578198d6a2fd79179c4368b9d6da18,58178 4 58697 14 59216 16 59736 17 60256 16 60777 14 61297 13 61819 10 62342 6
550450e4bff4036fd671decdc5d42fec23578198d6a2fd79179c4368b9d6da18,93022 1 93541 3 94059 7 94577 12 95095 14 95616 12 96139 9 96662 6 97185 3
550450e4bff4036fd671decdc5d42fec23578198d6a2fd79179c4368b9d6da18,149715 2 150234 2 150752 3 151271 2 151789 3 152308 2 152827 2 153345 4 153864 4 154383 5 154902 5 155421 6 155940 6 156459 7 156978 7 157497 8 158015 9 158536 8 159057 7 159579 5 160099 4 160620 3 161141 1 161661 1
550450e4bff4036fd671decdc5d42fec23578198d6a2fd79179c4368b9d6da18,13979 3 14497 8 15017 10 15537 11 16058 11 16578 11 17098 12 17619 12 18139 14 18660 13 19180 13 19700 11 20222 8 20745 1
550450e4bff4036fd671decdc5d42fec23578198d6a2fd79179c4368b9d6da18,75351 4 75869 6 76387 7 76906 7 77425 6 77944 5 78463 6 78982 6 79501 7 80019 8 80538 9 81058 9 81578 10 82098 10 82618 11 83139 11 83659 12 84179 14 84699 14 85220 14 85740 14 86260 15 86780 16 87301 17 87823 19 88351 14 88873 14 89394 14 89914 15 90435 14 90955 14 91475 14 91994 14 92514 1
550450e4bff4036fd671decdc5d42fec23578198d6a2fd79179c4368b9d6da18,171021 3 171541 4 172060 6 172579 7 173099 7 173619 7 174140 6 174661 6 175181 6 175702 6 176222 7 176742 7 177262 7 177782 7 178306 3
550450e4bff4036fd671decdc5d42fec23578198d6a2fd79179c4368b9d6da18,164288 5 164804 11 165323 13 165841 16 166361 17 166879 20 167399 20 167918 20 168438 18 168958 15 169478 8 169999 4
550450e4bff4036fd671decdc5d42fec23578198d6a2fd79179c4368b9d6da18,53532 5 54051 6 54570 7 55089 8 55609 8 56128 8 56647 9 57167 8 57686 8 58205 8 58724 8 59244 7 59766 4
550450e4bff4036fd671decdc5d42fec23578198d6a2fd79179c4368b9d6da18,138292 2 138811 5 139330 6 139850 7 140369 8 140889 9 141409 9 141928 11 142448 11 142967 11 143487 8
550450e4bff4036fd671decdc5d42fec23578198d6a2fd79179c4368b9d6da18,73832 8 74350 10 74868 12 75387 13 75906 14 76424 16 76943 17 77462 18 77981 19 78500 20 79019 21 79539 20 80059 18 80579 16 81099 14 81620 12 82140 10 82660 9 83181 7 83702 5 84223 4 84743 3 85264 2 85784 2 86304 2 86824 2 87344 3 87863 4 88383 5 88903 5 89423 6 89944 6 90464 6 90986 5 91507 4 92029 3 92550 2 93072 1
550450e4bff4036fd671decdc5d42fec23578198d6a2fd79179c4368b9d6da18,29632 4 30150 10 30668 12 31188 12 31708 12 32228 12 32748 12 33269 11 33789 11 34310 10 34830 10 35351 9 35872 6
550450e4bff4036fd671decdc5d42fec23578198d6a2fd79179c4368b9d6da18,155470 1 155990 1 156509 2 157029 2 157549 3 158070 2 158591 2 159113 2 159634 6 160155 5
5cee644e5ffbef1ba021c7f389b33bafd3b1841f04d3edd7922d5084c2c4e0c7,142907 5 143415 12 143924 19 144432 26 144938 35 145449 37 145960 40 146470 44 146981 46 147491 49 148003 50 148514 52 149026 52 149538 52 150050 52 150562 51 151074 51 151586 51 152098 50 152610 50 153122 49 153635 48 154147 48 154660 46 155173 45 155685 45 156197 45 156710 43 157222 43 157734 43 158246 43 158759 42 159271 42 159783 41 160295 41 160808 39 161321 38 161833 37 162346 35 162859 34 163372 32 163885 30 164397 30 164910 28 165423 27 165936 25 166449 24 166963 22 167478 16 167992 13 168507 7 169021 2
5cee644e5ffbef1ba021c7f389b33bafd3b1841f04d3edd7922d5084c2c4e0c7,202848 3 203359 7 203871 14 204382 28 204894 29 205406 29 205918 30 206430 31 206942 31 207454 32 207966 33 208478 33 208990 33 209501 35 210013 36 210525 36 211036 37 211548 37 212060 36 212572 36 213084 36 213596 36 214108 36 214620 36 215133 35 215645 35 216158 34 216670 34 217183 33 217696 32 218208 31 218721 30 219234 29 219747 27 220259 26 220772 25 221285 24 221799 21 222314 17 222827 15 223340 12 223854 4
5cee644e5ffbef1ba021c7f389b33bafd3b1841f04d3edd7922d5084c2c4e0c7,44178 5 44684 15 45195 16 45707 17 46219 18 46730 20 47242 21 47754 22 48266 23 48778 24 49289 26 49801 27 50313 27 50824 29 51335 30 51846 31 52357 33 52868 34 53369 3 53377 37 53882 44 54395 43 54908 42 55421 41 55935 3 55948 26 56463 23 56977 21 57491 19 58004 17 58517 16 59030 14 59543 12 60056 11 60569 10 61082 8 61596 5 62109 3
5cee644e5ffbef1ba021c7f389b33bafd3b1841f04d3edd7922d5084c2c4e0c7,173697 1 174208 3 174719 5 175231 6 175742 7 176254 8 176765 10 177277 10 177788 11 178300 11 178811 12 179323 12 179834 13 180346 13 180858 12 181370 12 181882 12 182394 12 182906 12 183419 11 183931 11 184444 10 184957 9 185469 7 185982 5
5cee644e5ffbef1ba021c7f389b33bafd3b1841f04d3edd7922d5084c2c4e0c7,25276 1 25787 3 26298 5 26810 5 27323 5 27836 5 28349 4 28862 4 29375 3 29888 2 30400 3 30913 2 31425 2 31937 3 32450 3 32962 3 33474 4 33987 4 34499 5 35011 6 35523 7 36035 8 36547 9 37059 10 37571 11 38083 12 38595 13 39107 14 39619 15 40132 14 40644 15 41156 16 41669 15 42181 16 42693 16 43206 16 43718 16 44231 15 44743 15 45256 15 45768 14 46281 13 46793 13 47306 12 47819 11 48331 11 48845 9 49358 8 49872 6 50385 5
5cee644e5ffbef1ba021c7f389b33bafd3b1841f04d3edd7922d5084c2c4e0c7,177921 7 178430 13 178941 15 179451 19 179963 19 180476 19 180989 17 181501 17 182014 15 182527 14 183041 11 183554 8
5cee644e5ffbef1ba021c7f389b33bafd3b1841f04d3edd7922d5084c2c4e0c7,264594 1 265105 2 265616 4 266127 6 266625 2 266636 9 267137 21 267648 22 268159 24 268671 24 269182 26 269694 26 270206 26 270718 26 271229 25 271741 24 272253 23 272764 23 273276 7 273290 7 273788 3 273805 2
5cee644e5ffbef1ba021c7f389b33bafd3b1841f04d3edd7922d5084c2c4e0c7,136093 1 136605 1 137116 2 137627 3 138138 3 138648 5 139157 8 139665 10
5cee644e5ffbef1ba021c7f389b33bafd3b1841f04d3edd7922d5084c2c4e0c7,157124 5 157634 8 158144 10 158655 12 159167 12 159678 13 160190 13 160702 13 161214 12 161726 12 162237 12 162749 12 163261 11 163772 12 164283 13 164794 13 165305 14 165816 15 166297 1 166327 16 166810 2 166837 18 167323 2 167347 20 167836 1 167859 20 168349 1 168370 21 168862 1 168882 21 169375 1 169393 23 169888 1 169904 24 170401 1 170415 25 170913 2 170926 26 171425 5 171435 29 171938 38 172450 39 172963 10 172978 23 173475 7 173493 20 173987 6 174007 17 174500 4 174521 15 175012 3 175034 14 175524 2 175547 13 176036 2 176061 10 176548 2 176576 6 177060 1 177091 1 177572 1 178084 1
5cee644e5ffbef1ba021c7f389b33bafd3b1841f04d3edd7922d5084c2c4e0c7,21936 11 22445 17 22953 23 23463 26 23973 28 24484 29 24995 31 25507 31 26019 31 26532 29 27046 27 27559 26 28072 24 28585 23 29098 21 29611 19 30124 17 30636 16 31149 14 31661 13 32174 12 32686 11 33199 9 33711 9 34223 8 34736 5
5cee644e5ffbef1ba021c7f389b33bafd3b1841f04d3edd7922d5084c2c4e0c7,138171 1 138681 5 139192 7 139703 8 140214 10 140726 11 141238 11 141751 10 142264 8 142777 6
648c8ffa496e1716017906d0bf135debfc93386ae86aa3d4adbda9a505985fd9,15196 3 15451 5 15707 6 15963 6 16219 7 16475 7 16732 7 16988 7 17244 7 17500 7 17757 6 18013 7 18269 6 18525 6 18781 6 19037 6 19293 6 19549 6 19806 4
648c8ffa496e1716017906d0bf135debfc93386ae86aa3d4adbda9a505985fd9,3009 4 3263 7 3519 8 3775 8 4032 7 4288 8 4544 7 4800 7 5056 7 5312 6 5568 6 5825 3
648c8ffa496e1716017906d0bf135debfc93386ae86aa3d4adbda9a505985fd9,12519 5 12774 7 13030 8 13285 9 13542 9 13798 8 14057 5 14316 1
697a05c6fe4a07c601d46da80885645ad574ea19b47ee795ccff216c9f1f1808,43026 5 43278 10 43541 5 43799 3 44057 2 44314 1 44570 1 44827 1 45083 1
697a05c6fe4a07c601d46da80885645ad574ea19b47ee795ccff216c9f1f1808,22039 7 22293 10 22547 13 22803 13 23059 13 23315 13 23571 14 23826 15 24082 15 24338 15 24594 14 24850 9 24863 1 25107 2
697a05c6fe4a07c601d46da80885645ad574ea19b47ee795ccff216c9f1f1808,59161 5 59415 8 59671 8 59926 9 60181 9 60436 10 60692 11 60949 10 61206 9 61464 6 61722 4
697a05c6fe4a07c601d46da80885645ad574ea19b47ee795ccff216c9f1f1808,48672 2 48928 2 49184 2 49441 1 49696 2 49952 2 50207 3 50462 4 50717 5 50971 7 51226 8 51483 4
697a05c6fe4a07c601d46da80885645ad574ea19b47ee795ccff216c9f1f1808,27681 1 27936 4 28193 6 28450 7 28706 7 28963 6 29219 6 29474 7 29730 7 29979 1 29985 7 30236 2 30239 9 30492 11 30748 10 31003 10 31259 9
697a05c6fe4a07c601d46da80885645ad574ea19b47ee795ccff216c9f1f1808,43050 8 43305 9 43561 9 43816 11 44072 11 44329 9 44586 8 44844 5
697a05c6fe4a07c601d46da80885645ad574ea19b47ee795ccff216c9f1f1808,49208 2 49460 7 49716 9 49972 11 50228 10 50484 10 50740 10 50996 9 51252 9 51507 9 51763 8 52018 7 52273 6 52529 5 52785 4
697a05c6fe4a07c601d46da80885645ad574ea19b47ee795ccff216c9f1f1808,54081 3 54337 4 54592 6 54848 6 55103 8 55359 9 55615 1 55617 7 55875 5 56132 5 56388 5 56645 4 56901 4 57159 1
697a05c6fe4a07c601d46da80885645ad574ea19b47ee795ccff216c9f1f1808,59731 2 59986 4 60240 6 60495 7 60751 7 61010 3
697a05c6fe4a07c601d46da80885645ad574ea19b47ee795ccff216c9f1f1808,24680 1 24937 2 25193 4 25449 4 25704 6 25960 6 26206 1 26215 7 26463 2 26469 8 26720 12 26976 11 27233 9
697a05c6fe4a07c601d46da80885645ad574ea19b47ee795ccff216c9f1f1808,57962 5 58216 8 58471 11 58727 11 58983 12 59239 13 59495 13 59752 12 60008 11 60264 11 60520 11 60777 9
697a05c6fe4a07c601d46da80885645ad574ea19b47ee795ccff216c9f1f1808,34414 2 34667 10 34922 13 35178 13 35434 13 35690 13 35946 14 36202 14 36458 14 36715 13 36971 11 37227 10 37484 8 37741 7 37997 2
697a05c6fe4a07c601d46da80885645ad574ea19b47ee795ccff216c9f1f1808,63619 4 63875 8 64131 10 64387 11 64642 12 64898 12 65154 12
697a05c6fe4a07c601d46da80885645ad574ea19b47ee795ccff216c9f1f1808,22678 1 22935 1 23191 1 23447 1 23702 2 23958 3 24213 4 24463 1 24467 6 24720 9 24977 7 25234 4
697a05c6fe4a07c601d46da80885645ad574ea19b47ee795ccff216c9f1f1808,59544 1 59801 1 60056 2 60312 2 60567 3 60822 4 61077 5 61331 6
697a05c6fe4a07c601d46da80885645ad574ea19b47ee795ccff216c9f1f1808,31653 1 31907 4 32162 4 32167 1 32418 2 32673 2 32929 2 32938 1 33185 1 33195 2 33441 2 33450 3 33698 1 33706 4 33954 2 33961 5 34211 3 34215 7 34467 10 34724 8 34981 6
697a05c6fe4a07c601d46da80885645ad574ea19b47ee795ccff216c9f1f1808,55720 5 55975 7 56231 7 56487 7 56744 6 57001 5 57258 1
697a05c6fe4a07c601d46da80885645ad574ea19b47ee795ccff216c9f1f1808,60076 2 60079 3 60332 7 60588 7 60843 8 61100 7 61357 6 61614 5 61871 3
697a05c6fe4a07c601d46da80885645ad574ea19b47ee795ccff216c9f1f1808,25279 3 25534 6 25790 6 26045 7 26300 8 26555 8 26809 10 27065 10 27321 10 27578 9 27835 6
697a05c6fe4a07c601d46da80885645ad574ea19b47ee795ccff216c9f1f1808,29138 1 29393 3 29648 3 29905 2 30162 2 30418 2 30675 2 30931 2 31186 4 31442 4 31697 5 31944 1 31952 6 32201 1 32207 6 32457 3 32461 7 32714 9
697a05c6fe4a07c601d46da80885645ad574ea19b47ee795ccff216c9f1f1808,4298 1 4554 6 4810 7 5066 8 5322 10 5578 10 5834 11 6091 11 6347 13 6604 12 6860 11 7117 9 7373 9 7629 8 7885 8 8141 7 8399 5
697a05c6fe4a07c601d46da80885645ad574ea19b47ee795ccff216c9f1f1808,17871 5 18128 4 18385 4 18641 4 18898 4 19154 4 19411 2 19666 2 19922 1 20177 2 20431 3 20685 4 20941 4
697a05c6fe4a07c601d46da80885645ad574ea19b47ee795ccff216c9f1f1808,44503 4 44757 6 45013 6 45270 4 45525 5 45781 4 46038 1
697a05c6fe4a07c601d46da80885645ad574ea19b47ee795ccff216c9f1f1808,4575 1 4831 2 5086 5 5341 7 5597 7 5852 9 6107 10 6363 11 6621 9 6878 7 7135 5
697a05c6fe4a07c601d46da80885645ad574ea19b47ee795ccff216c9f1f1808,49377 2 49631 6 49887 6 50144 5 50401 3
697a05c6fe4a07c601d46da80885645ad574ea19b47ee795ccff216c9f1f1808,22757 3 23013 5 23269 5 23525 5 23781 5 24037 5
697a05c6fe4a07c601d46da80885645ad574ea19b47ee795ccff216c9f1f1808,12528 5 12781 10 13036 12 13291 14 13547 15 13802 18 14058 22 14314 22 14570 22 14826 22 15083 21 15339 21 15595 21 15851 21 16108 20 16364 20 16620 20 16876 20 17131 1 17135 17 17393 15 17650 14 17907 13 18164 12 18426 6 18684 4 18941 3 19199 1
699f2992cd71e2e28cf45f81347ff22e76b37541ce88087742884cd0e9aadc68,782 5 1042 5 1302 5 1562 5 1822 5 2082 5 2342 5 2602 4 2862 3 3122 3 3382 2 3642 2 3902 2 4162 2 4422 2 4682 2 4942 2
699f2992cd71e2e28cf45f81347ff22e76b37541ce88087742884cd0e9aadc68,68141 4 68382 1 68396 10 68642 1 68652 14 68902 2 68909 17 69162 24 69425 20 69687 17 69952 11 70217 3
699f2992cd71e2e28cf45f81347ff22e76b37541ce88087742884cd0e9aadc68,60333 4 60591 8 60851 5 61111 4 61371 3 61631 3 61892 2 62152 2 62413 1
699f2992cd71e2e28cf45f81347ff22e76b37541ce88087742884cd0e9aadc68,38764 1 39023 3 39283 10 39543 9 39803 8 40063 7 40324 4 40584 2 40844 1 41103 2 41363 2 41622 3 41881 4 42143 3 42404 2 42664 3 42917 1 42924 3 43177 2 43183 5 43437 11 43697 11 43957 12 44217 12 44477 12 44737 11 44998 10 45258 9 45520 5
699f2992cd71e2e28cf45f81347ff22e76b37541ce88087742884cd0e9aadc68,86087 2 86346 3 86606 4 86865 5 87124 6 87383 7 87642 7 87900 9 88157 11 88422 3
699f2992cd71e2e28cf45f81347ff22e76b37541ce88087742884cd0e9aadc68,50732 4 50989 8 51248 10 51506 12 51765 13 52025 12 52284 13 52544 12 52804 11 53064 10 53324 9 53584 8 53844 5
699f2992cd71e2e28cf45f81347ff22e76b37541ce88087742884cd0e9aadc68,62171 2 62429 5 62687 7 62947 7 63207 6 63467 6 63726 4
699f2992cd71e2e28cf45f81347ff22e76b37541ce88087742884cd0e9aadc68,34617 3 34875 6 35135 6 35395 5 35656 4 35918 1
699f2992cd71e2e28cf45f81347ff22e76b37541ce88087742884cd0e9aadc68,50497 2 50753 8 51011 13 51271 14 51530 15 51790 15 52051 14 52312 13 52573 11
699f2992cd71e2e28cf45f81347ff22e76b37541ce88087742884cd0e9aadc68,30218 1 30477 5 30736 6 30994 9 31254 9 31513 11 31773 11 32034 10 32294 11 32554 11 32814 11 33075 10 33335 10 33596 8 33858 2
699f2992cd71e2e28cf45f81347ff22e76b37541ce88087742884cd0e9aadc68,20081 2 20341 3 20601 3 20861 3 21120 4 21380 4 21639 4 21899 2
699f2992cd71e2e28cf45f81347ff22e76b37541ce88087742884cd0e9aadc68,69748 4 70005 9 70264 11 70523 10 70782 6
699f2992cd71e2e28cf45f81347ff22e76b37541ce88087742884cd0e9aadc68,29196 5 29457 11 29719 12
699f2992cd71e2e28cf45f81347ff22e76b37541ce88087742884cd0e9aadc68,56513 4 56770 6 57029 7 57289 7 57550 6 57812 5
699f2992cd71e2e28cf45f81347ff22e76b37541ce88087742884cd0e9aadc68,66923 2 67181 5 67440 6 67697 9 67958 7 68218 6 68478 6 68739 5 69000 4
699f2992cd71e2e28cf45f81347ff22e76b37541ce88087742884cd0e9aadc68,74210 3 74468 7 74726 9 74984 12 75242 14 75501 14 75760 11 76020 9 76280 8 76540 6 76803 1
699f2992cd71e2e28cf45f81347ff22e76b37541ce88087742884cd0e9aadc68,45607 6 45864 10 46123 11 46390 4
699f2992cd71e2e28cf45f81347ff22e76b37541ce88087742884cd0e9aadc68,56266 1 56527 1 56787 1 57047 1 57307 2 57568 2 57828 4 58089 3 58349 3 58610 3 58870 3 59130 4 59390 4 59650 3
699f2992cd71e2e28cf45f81347ff22e76b37541ce88087742884cd0e9aadc68,1148 6 1407 7 1668 5 1928 4
699f2992cd71e2e28cf45f81347ff22e76b37541ce88087742884cd0e9aadc68,6611 12 6870 5 6878 7 7130 4 7139 8 7390 4 7399 8 7650 4 7659 9 7912 3 7918 9 8174 12
699f2992cd71e2e28cf45f81347ff22e76b37541ce88087742884cd0e9aadc68,70056 4 70315 5 70575 5 70835 4 71096 3 71356 2 71616 1 71875 1
699f2992cd71e2e28cf45f81347ff22e76b37541ce88087742884cd0e9aadc68,39126 4 39383 9 39642 11 39900 13 40160 13 40421 12 40682 11 40943 9 41204 8 41465 6 41726 3
699f2992cd71e2e28cf45f81347ff22e76b37541ce88087742884cd0e9aadc68,54208 3 54467 4 54726 6 54985 6 55245 6 55506 5 55767 4 56027 4 56287 4 56547 4 56807 4 57067 4 57326 5 57585 6 57845 6 58105 6 58365 5 58624 6 58884 5 59145 3
699f2992cd71e2e28cf45f81347ff22e76b37541ce88087742884cd0e9aadc68,79174 4 79433 7 79692 8 79952 9 80213 8 80474 7 80737 4
699f2992cd71e2e28cf45f81347ff22e76b37541ce88087742884cd0e9aadc68,36027 4 36283 8 36541 9 36801 9 37061 8 37321 7
699f2992cd71e2e28cf45f81347ff22e76b37541ce88087742884cd0e9aadc68,40708 3 40966 4 41224 6 41483 7 41743 7 42003 7 42263 8 42525 6
699f2992cd71e2e28cf45f81347ff22e76b37541ce88087742884cd0e9aadc68,68531 5 68789 6 69048 6 69306 7 69565 8 69824 8 70083 8 70344 3
699f2992cd71e2e28cf45f81347ff22e76b37541ce88087742884cd0e9aadc68,49290 2 49548 7 49808 8 50070 6 50332 3
699f2992cd71e2e28cf45f81347ff22e76b37541ce88087742884cd0e9aadc68,4054 4 4310 9 4571 8 4831 6
699f2992cd71e2e28cf45f81347ff22e76b37541ce88087742884cd0e9aadc68,19160 3 19419 5 19679 5 19940 5 20200 5 20461 4 20723 1
699f2992cd71e2e28cf45f81347ff22e76b37541ce88087742884cd0e9aadc68,32168 2 32427 3 32686 4 32945 5 33204 7 33465 5 33726 4 33986 3
699f2992cd71e2e28cf45f81347ff22e76b37541ce88087742884cd0e9aadc68,56612 2 56871 3 57130 5 57390 6 57650 7 57909 8 58168 9 58429 7
699f2992cd71e2e28cf45f81347ff22e76b37541ce88087742884cd0e9aadc68,66768 4 67026 6 67287 4 67547 3 67807 2 68066 2 68325 1
699f2992cd71e2e28cf45f81347ff22e76b37541ce88087742884cd0e9aadc68,44693 2 44953 3 45213 4 45473 4 45733 5 45993 4 46252 5 46512 4
699f2992cd71e2e28cf45f81347ff22e76b37541ce88087742884cd0e9aadc68,504 2 763 4 1024 5 1285 4 1545 4 1805 4 2064 6 2323 7 2583 7
699f2992cd71e2e28cf45f81347ff22e76b37541ce88087742884cd0e9aadc68,516 4 775 5 1036 4 1297 3 1558 2 1818 2 2078 2 2339 1 2599 1 2859 1 3119 1 3379 1 3639 1 3899 1 4159 1
699f2992cd71e2e28cf45f81347ff22e76b37541ce88087742884cd0e9aadc68,49399 1 49658 2 49917 2 50176 2 50436 2 50696 2 50955 3 51215 4 51475 4 51736 2 51997 1
78a981bd27ba0c65a9169548665a17bda9f49050d0d3893a6567d1eb92cd003d,522 15 1042 15 1562 15 2082 14 2602 13 3122 10 3642 8 4162 6
78a981bd27ba0c65a9169548665a17bda9f49050d0d3893a6567d1eb92cd003d,10416 10 10934 12 11451 15 11967 19 12482 22 13002 18 13522 14 14042 12 14562 10 15082 9 15602 8 16122 7 16642 6 17162 6 17682 5 18204 1
78a981bd27ba0c65a9169548665a17bda9f49050d0d3893a6567d1eb92cd003d,22884 2 23402 5 23922 5 24442 5 24962 5 25482 6 26002 6 26522 7 27042 8 27562 10 28082 13 28602 15 29122 18 29642 19 30162 20 30682 20 31202 21 31723 19 32246 16 32769 13 33292 9
78a981bd27ba0c65a9169548665a17bda9f49050d0d3893a6567d1eb92cd003d,62922 1 63442 1 63962 2 64482 3 65002 5 65522 11 66042 12 66564 11 67085 10 67607 8 68128 7 68649 6
78a981bd27ba0c65a9169548665a17bda9f49050d0d3893a6567d1eb92cd003d,88930 9 89444 15 89962 17 90482 16 91002 16 91522 16 92042 15 92564 12 93086 9
78a981bd27ba0c65a9169548665a17bda9f49050d0d3893a6567d1eb92cd003d,104525 8 105042 11 105562 11 106082 11 106602 11 107122 11 107642 11 108162 11 108682 11 109202 10 109722 10 110242 7 110762 5 111282 4 111802 3 112322 2 112842 2 113362 1 113882 1 114402 1 114922 1
78a981bd27ba0c65a9169548665a17bda9f49050d0d3893a6567d1eb92cd003d,129482 9 130002 11 130522 12 131042 13 131562 13 132082 13 132602 13 133122 13 133642 13 134162 13 134682 13 135202 13 135722 12 136242 12 136762 11 137284 6
78a981bd27ba0c65a9169548665a17bda9f49050d0d3893a6567d1eb92cd003d,172645 5 173162 8 173682 8 174202 8 174725 4
78a981bd27ba0c65a9169548665a17bda9f49050d0d3893a6567d1eb92cd003d,54097 4 54612 10 55131 11 55653 9 56176 5
78a981bd27ba0c65a9169548665a17bda9f49050d0d3893a6567d1eb92cd003d,153430 1 153948 4 154467 5 154987 5 155506 6 156026 5 156545 6 157065 6 157584 6 158104 6 158623 6 159142 7 159661 7 160180 7 160698 9 161216 10 161733 13 162251 14 162771 13 163291 11 163811 9 164334 2
78a981bd27ba0c65a9169548665a17bda9f49050d0d3893a6567d1eb92cd003d,75420 3 75937 9 76456 11 76976 13 77496 13 78016 13 78536 13 79057 11 79577 11 80098 9 80620 6 81141 4
78a981bd27ba0c65a9169548665a17bda9f49050d0d3893a6567d1eb92cd003d,46825 2 47345 3 47864 5 48384 6 48905 5
78a981bd27ba0c65a9169548665a17bda9f49050d0d3893a6567d1eb92cd003d,163330 6 163364 4 163850 7 163880 7 164369 9 164399 7 164889 10 164918 8 165408 13 165437 8 165928 14 165956 9 166448 16 166474 10 166968 18 166992 13 167488 37 168007 39 168527 40 169046 43 169565 4 169571 40 170083 4 170094 40 170601 5 170617 40 171113 12 171147 5 171153 25 171631 13 171675 24 172149 15 172197 22 172667 16 172718 22 173185 16 173240 20 173704 15 173761 20 174223 14 174282 17 174743 12 174803 11 175263 11 175784 8 176305 6
78a981bd27ba0c65a9169548665a17bda9f49050d0d3893a6567d1eb92cd003d,90524 3 91043 5 91563 6 92082 7 92602 6 93122 6 93642 5 94162 5 94681 5 95201 4 95720 4 96239 4 96757 6 97274 8 97792 10 98311 11 98831 12 99351 12 99871 13 100391 14 100911 16 101432 13 101952 10 102473 7 102993 6 103514 5 104034 4 104553 5 105073 5 105593 5 106113 6 106633 6 107152 8 107672 10 108192 11 108713 11 109234 12 109755 13 110276 14 110797 15 111317 17 111838 18 112358 19 112879 19 113399 19 113919 20 114439 20 114959 21 115479 21 115999 21 116520 19 117040 17 117562 12 118084 7
78a981bd27ba0c65a9169548665a17bda9f49050d0d3893a6567d1eb92cd003d,563 6 1083 6 1602 8 2120 10 2639 11 3158 12 3678 12 4197 12 4716 12 5236 11 5756 10 6278 7
78a981bd27ba0c65a9169548665a17bda9f49050d0d3893a6567d1eb92cd003d,31778 5 32284 1 32296 5 32800 10 32814 4 33319 17 33839 15 34359 14 34879 14 35398 14 35918 14 36438 14 36958 13 37478 13 37999 11 38519 10 39040 7
78a981bd27ba0c65a9169548665a17bda9f49050d0d3893a6567d1eb92cd003d,57245 8 57763 10 58282 11 58802 11 59322 11 59842 12 60362 12 60882 13 61407 10 61929 15 62451 13 62972 12 63492 12 64013 11 64533 11 65053 10 65573 10 66093 9 66614 8 67135 5
78a981bd27ba0c65a9169548665a17bda9f49050d0d3893a6567d1eb92cd003d,6339 2 6857 8 7375 12 7894 15 8412 18 8930 20 9448 23 9965 26 10480 12 10496 14 10984 7 10996 14 11018 8 11500 29 12020 28 12540 27 13062 24 13587 19 14113 12 14635 10 15156 8 15677 8 16198 7 16718 8 17239 8 17759 9 18279 10 18799 10 19318 11 19838 12 20357 13 20877 12 21396 12 21915 11 22433 12 22952 12 23473 11 23993 10 24514 9 25034 9 25555 8 26075 9 26596 8 27116 8 27636 8 28156 8 28677 7 29197 6 29718 5 30238 4 30758 3 31278 3 31798 2 32318 2
78a981bd27ba0c65a9169548665a17bda9f49050d0d3893a6567d1eb92cd003d,43751 7 44268 13 44787 15 45307 17 45826 20 46346 19 46865 18 47385 15 47904 14 48424 13 48944 12 49464 11 49984 9 50504 6
78a981bd27ba0c65a9169548665a17bda9f49050d0d3893a6567d1eb92cd003d,588 10 1108 10 1628 10 2149 8 2671 5
78a981bd27ba0c65a9169548665a17bda9f49050d0d3893a6567d1eb92cd003d,81191 3 81710 4 82228 6 82748 6 83268 6 83789 5 84310 4 84832 2
78a981bd27ba0c65a9169548665a17bda9f49050d0d3893a6567d1eb92cd003d,120197 5 120716 7 121234 10 121753 12 122272 14 122791 16 123310 18 123829 19 124350 18 124871 16 125393 14
78a981bd27ba0c65a9169548665a17bda9f49050d0d3893a6567d1eb92cd003d,62997 6 63516 8 64036 9 64557 8 65077 9 65598 8 66118 8 66638 7 67159 5 67681 2
78a981bd27ba0c65a9169548665a17bda9f49050d0d3893a6567d1eb92cd003d,87436 1 87957 2 88477 11 88998 10 89519 9 90040 8 90563 5
78a981bd27ba0c65a9169548665a17bda9f49050d0d3893a6567d1eb92cd003d,72884 4 73402 8 73921 9 74440 10 74959 11 75479 11 75998 12 76518 10 77038 6 77558 3
78a981bd27ba0c65a9169548665a17bda9f49050d0d3893a6567d1eb92cd003d,134246 7 134763 10 135281 12 135800 13 136320 14 136841 13 137365 10 137887 10 138409 11 138930 12 139451 12 139971 13 140492 11 141012 11 141532 10 142052 10 142572 9 143092 9 143612 8 144132 7 144653 6 145174 4 145695 2
78a981bd27ba0c65a9169548665a17bda9f49050d0d3893a6567d1eb92cd003d,99408 5 99926 9 100446 10 100967 10 101489 9 102012 8 102534 8 103056 11 103577 10 104097 11 104618 10 105141 8 105663 7 106185 7 106706 9 107227 10 107748 9 108268 8 108789 8 109309 8 109829 8 110350 7 110870 7 111390 7 111911 6 112431 6 112952 5 113473 3
78a981bd27ba0c65a9169548665a17bda9f49050d0d3893a6567d1eb92cd003d,149336 1 149855 3 150374 5 150892 7 151411 8 151930 8 152448 9 152967 8 153486 7 154005 6 154525 4 155046 1
78a981bd27ba0c65a9169548665a17bda9f49050d0d3893a6567d1eb92cd003d,19341 9 19859 12 20379 13 20899 13 21420 13 21941 12 22463 8
78a981bd27ba0c65a9169548665a17bda9f49050d0d3893a6567d1eb92cd003d,648 18 1168 18 1687 20 2206 21 2726 20 3246 20 3765 21 4285 20 4805 20 5326 19 5846 19 6366 19 6887 19 7407 19 7928 19 8448 19 8969 19 9489 19 10009 20 10529 20 11049 20 11570 20 12090 20 12611 19 13131 19 13651 19 14172 18 14692 17 15213 15 15733 14 16253 12 16774 9 17294 8 17814 8 18333 8 18853 8 19372 8 19892 8 20411 9 20931 9 21451 9 21971 9 22491 9 23010 9 23530 9 24049 8 24568 8 25088 6 25607 5 26126 4 26644 5 27162 7 27678 10 28196 12 28715 13 29233 15 29752 16 30271 16 30790 17 31310 6 31322 4 31829 5 31844 1 32348 5 32867 5 33386 6 33905 6 34423 9 34942 10 35461 12 35983 11 36506 10 36522 1 37028 16 37549 15 38070 15 38591 14 39111 14 39632 12 40152 12 40673 10 41193 10 41713 10 42234 8 42755 6
78a981bd27ba0c65a9169548665a17bda9f49050d0d3893a6567d1eb92cd003d,71347 5 71866 6 72384 9 72903 10 73423 11 73943 11 73992 3 74463 12 74484 2 74508 6 74984 12 75003 6 75022 11 75504 14 75521 10 75538 14 76024 29 76055 17 76544 47 77065 45 77587 42 78116 27 78638 16 79160 12 79681 9 80201 8 80722 6 81242 6 81763 4
78a981bd27ba0c65a9169548665a17bda9f49050d0d3893a6567d1eb92cd003d,61466 9 61986 12 62506 14 63026 15 63547 15 64067 14 64588 11
78a981bd27ba0c65a9169548665a17bda9f49050d0d3893a6567d1eb92cd003d,158714 2 159231 4 159747 8 160265 10 160785 9 161305 9 161825 8 162345 8 162865 8 163385 6 163392 2 163905 4 164425 2
78a981bd27ba0c65a9169548665a17bda9f49050d0d3893a6567d1eb92cd003d,91110 3 91628 7 92147 9 92667 9 93188 8 93709 6
78a981bd27ba0c65a9169548665a17bda9f49050d0d3893a6567d1eb92cd003d,173277 1 173793 6 174309 10 174829 10 175349 10 175870 8 176391 5 176913 1
78a981bd27ba0c65a9169548665a17bda9f49050d0d3893a6567d1eb92cd003d,163953 6 164471 8 164956 1 164989 10 165477 9 165507 12 165997 12 166026 13 166518 13 166545 13 167038 15 167063 4 167559 17 167580 5 168079 25 168599 24 169120 6 169132 10 169640 3 169654 8 170175 6 170696 5 171217 3
78a981bd27ba0c65a9169548665a17bda9f49050d0d3893a6567d1eb92cd003d,138451 3 138968 7 139486 11 140005 14 140525 14 141045 14 141565 14 142085 14 142606 13 143126 13 143647 12 144169 9 144692 3
78a981bd27ba0c65a9169548665a17bda9f49050d0d3893a6567d1eb92cd003d,57344 11 57863 12 58383 12 58903 12 59422 14 59942 14 60461 15 60979 17 61497 19 62011 24 62530 25 63049 26 63568 27 64090 25 64611 20 65132 12 65653 7 66174 4
78a981bd27ba0c65a9169548665a17bda9f49050d0d3893a6567d1eb92cd003d,128574 3 129093 4 129611 6 130130 7 130649 8 131168 9 131688 9 132208 9 132729 7
78a981bd27ba0c65a9169548665a17bda9f49050d0d3893a6567d1eb92cd003d,153535 8 154052 12 154570 13 155089 13 155608 14 156128 13 156647 13 157167 12 157689 8 158210 5
78a981bd27ba0c65a9169548665a17bda9f49050d0d3893a6567d1eb92cd003d,47451 6 47972 6 48492 7 49012 7 49532 8 50052 8 50571 9 51091 9 51611 8 52131 8 52650 9 53170 8 53691 7 54211 6
78a981bd27ba0c65a9169548665a17bda9f49050d0d3893a6567d1eb92cd003d,105173 5 105692 10 106211 13 106731 13 107251 13 107771 12 108295 6
78a981bd27ba0c65a9169548665a17bda9f49050d0d3893a6567d1eb92cd003d,85442 3 85960 9 86478 15 86997 15 87515 15 88034 15 88554 14 89073 14 89592 14 90097 1 90111 13 90616 3 90629 14 91135 5 91148 14 91656 6 91666 14 92177 19 92699 15 93220 13 93741 11 94261 11 94782 9 95302 9 95822 9 96342 9 96862 8 97383 6
78a981bd27ba0c65a9169548665a17bda9f49050d0d3893a6567d1eb92cd003d,34979 12 35497 15 36017 15 36537 15 37057 15 37578 14 38100 11 38622 9
78a981bd27ba0c65a9169548665a17bda9f49050d0d3893a6567d1eb92cd003d,119760 7 120268 19 120789 19 121310 19 121831 18 122352 18 122872 19 123393 19 123914 11 123929 4 124435 7 124452 3 124464 5 124957 2 124974 4 124981 8 125495 15 126017 13 126538 12 127059 11 127579 11 128100 11 128620 11 129140 12 129660 13 130180 2
78a981bd27ba0c65a9169548665a17bda9f49050d0d3893a6567d1eb92cd003d,151477 4 151995 7 152514 10 152527 1 153034 13 153553 14 154072 14 154593 14 155114 13 155634 13 156155 13 156676 12 157196 12 157717 10 158237 10 158758 7 159280 1
78a981bd27ba0c65a9169548665a17bda9f49050d0d3893a6567d1eb92cd003d,18366 4 18885 5 19405 5 19924 6 20443 7 20962 8 21481 9 21999 11 22518 12 23037 13 23555 14 24078 8
78a981bd27ba0c65a9169548665a17bda9f49050d0d3893a6567d1eb92cd003d,88599 1 89118 1 89637 2 90157 1 90661 6 90676 2 91179 9 91195 3 91699 10 91714 3 92218 13 92232 3 92738 15 93258 14 93779 12 94299 11 94819 10 95340 5 95860 3 96379 2 96899 1 97418 2 97937 2 98455 4 98972 7 99491 8 100010 10 100529 11 101049 12 101568 13 102087 14 102607 14 103127 15 103647 15 104167 7 104175 8 104686 6 104697 7 105206 4 105218 8 105725 4 105738 10 106244 5 106259 10 106762 6 106779 10 107280 9 107298 12 107798 11 107818 13 108317 13 108337 14 108836 14 108856 16 109356 12 109378 14 109876 9 109899 13 110423 7
78a981bd27ba0c65a9169548665a17bda9f49050d0d3893a6567d1eb92cd003d,133815 1 134333 3 134850 6 135367 8 135884 11 136401 13 136919 14 137438 14 137957 13 138476 12 138995 10
78a981bd27ba0c65a9169548665a17bda9f49050d0d3893a6567d1eb92cd003d,66743 6 67260 8 67777 10 68296 10 68814 11 69333 11 69852 12 70370 13 70889 14 71408 15 71926 18 72457 7 72979 6 73500 6 74021 7 74541 9 75062 8 75582 8 76102 8 76622 8 77142 8 77662 8 78182 8 78703 7 79224 6 79746 4 80267 3 80788 2
78a981bd27ba0c65a9169548665a17bda9f49050d0d3893a6567d1eb92cd003d,169702 1 170221 3 170739 6 171257 9 171775 12 172293 15 172811 16 173329 16 173848 16 174367 16 174887 15 175407 14 175927 14 176447 13 176968 12 177488 12 178008 11 178528 11 179049 10 179570 8 180090 8
78a981bd27ba0c65a9169548665a17bda9f49050d0d3893a6567d1eb92cd003d,53730 3 54249 5 54769 5 55289 5 55809 5 56329 5 56850 4 57370 4 57891 3
78a981bd27ba0c65a9169548665a17bda9f49050d0d3893a6567d1eb92cd003d,147338 5 147854 10 148372 13 148892 13 149412 14 149932 16 150451 19 150971 1 150973 19 151495 19 152017 18 152538 18 153059 17 153579 18 154100 17 154621 17 155142 16 155663 15 156184 14 156705 12 157226 10 157747 7 158267 5 158788 3 159307 3 159827 3 160346 3 160865 4 161383 6 161899 11 162418 12 162939 11 163459 11 163980 11 164501 9 165021 7 165542 4 166063 2 166583 1
78a981bd27ba0c65a9169548665a17bda9f49050d0d3893a6567d1eb92cd003d,696 15 1216 14 1736 14 2256 13 2777 12 3298 10
78a981bd27ba0c65a9169548665a17bda9f49050d0d3893a6567d1eb92cd003d,7482 6 8001 7 8519 8 9038 8 9556 10 10074 11 10592 12 11112 11 11633 10 12153 9 12674 8 13194 8 13714 7 14234 7 14753 8 15273 8 15792 9 16312 9 16831 9 17351 9 17870 10 18389 11 18909 10 19428 11 19947 12 20466 13 20987 12 21514 6 22036 4 22557 4 23078 3 23598 4 24119 5 24639 10 25159 9 25679 9 26200 7 26721 4
78a981bd27ba0c65a9169548665a17bda9f49050d0d3893a6567d1eb92cd003d,37648 6 38167 10 38686 19 39205 15 39724 12 40243 11 40762 11 41281 11 41800 11 42318 12 42836 13 43354 15 43874 14 44393 15 44911 16 45429 18 45948 17 46467 9 46987 7 47507 6 48027 5 48548 3 49068 2
78a981bd27ba0c65a9169548665a17bda9f49050d0d3893a6567d1eb92cd003d,96921 11 97440 13 97960 14 98479 15 98999 15 99518 16 100038 16 100559 14 101081 11 101603 8 102126 3
78a981bd27ba0c65a9169548665a17bda9f49050d0d3893a6567d1eb92cd003d,64688 2 65207 4 65726 6 66245 8 66765 8 67285 9 67805 9 68325 10 68845 10 69365 11 69884 13 70404 15 70427 6 70924 17 70943 10 71445 27 71966 25 72486 24 73007 21 73527 20 74048 18 74568 17 75088 16 75608 15 76128 15 76648 14 77167 15 77687 15 78207 15 78726 16 79246 16 79767 14 80289 11 80811 8 81332 3
78a981bd27ba0c65a9169548665a17bda9f49050d0d3893a6567d1eb92cd003d,139573 9 140091 13 140611 14 141130 15 141650 15 142170 16 142690 16 143209 17 143729 17 144249 17 144769 16 145289 16 145810 14 146330 13 146851 11 147372 9 147896 2
78a981bd27ba0c65a9169548665a17bda9f49050d0d3893a6567d1eb92cd003d,157251 12 157771 11 158292 9 158813 7 159333 7 159854 5 160374 5 160894 5 161414 5 161934 6 162454 6 162973 7 163493 8 164012 9 164531 11 165051 11 165570 12 166090 13 166610 13 167130 12 167651 11 168171 11 168692 10 169213 9 169733 8 170254 7 170775 5 171296 3
78a981bd27ba0c65a9169548665a17bda9f49050d0d3893a6567d1eb92cd003d,178583 5 179102 7 179623 6 180143 6
78a981bd27ba0c65a9169548665a17bda9f49050d0d3893a6567d1eb92cd003d,15839 5 16344 22 16865 22 17386 22 17908 21 18429 20 18951 18 19473 16 19995 14 20516 13 21036 14 21557 13 22077 14 22598 14 23118 16 23637 18 24157 19 24676 20 25195 21 25714 21 26232 22 26750 24 27269 24 27788 24 28307 24 28826 24 29346 22 29870 14
78a981bd27ba0c65a9169548665a17bda9f49050d0d3893a6567d1eb92cd003d,748 7 1268 7 1787 9 2306 10 2826 11 3346 11 3866 11 4386 10 4907 9 5430 5
78a981bd27ba0c65a9169548665a17bda9f49050d0d3893a6567d1eb92cd003d,112549 6 113068 10 113587 13 114107 14 114627 14 115146 15 115666 14 116186 12 116706 11 117226 10 117747 8 118269 5
78a981bd27ba0c65a9169548665a17bda9f49050d0d3893a6567d1eb92cd003d,100074 1 100589 5 101109 5 101629 4 102148 5 102668 5 103188 5 103708 5 104228 5 104748 4 105268 4 105789 3
78a981bd27ba0c65a9169548665a17bda9f49050d0d3893a6567d1eb92cd003d,68921 4 69440 6 69959 8 70479 9 70998 10 71518 10 72037 12 72556 13 73075 14 73594 15 74113 15 74631 16 75150 16 75188 5 75669 17 75707 8 76190 15 76225 11 76711 14 76745 12 77233 11 77265 13 77754 10 77785 14 78274 10 78305 16 78795 10 78826 21 79286 4 79315 10 79346 22 79805 4 79835 11 79865 24 80323 6 80354 13 80385 25 80842 7 80874 14 80904 27 81361 7 81393 15 81423 29 81880 8 81911 18 81942 30 82399 8 82429 21 82460 33 82917 10 82947 25 82976 37 83436 10 83465 68 83956 10 83984 42 84031 22 84476 9 84504 39 84554 19 84995 10 85023 37 85078 15 85515 10 85543 35 85601 11 86034 10 86063 17 86081 15 86125 7 86554 10 86583 15 86603 12 87076 8 87105 12 87124 10 87597 7 87626 10 87645 8 88118 6 88146 10 88165 7 88638 7 88667 8 88686 5 89159 6 89187 9 89206 4 89679 7 89707 9 89725 5 90199 8 90226 11 90245 4 90719 10 90746 12 90764 5 91239 10 91265 15 91282 6 91759 10 91784 25 92279 11 92304 25 92800 10 92823 26 93320 11 93342 27 93839 13 93861 28 94359 14 94380 29 94878 17 94898 30 95398 49 95918 1 95924 42 96446 39 96967 36 97488 34 98008 33 98529 30 99051 26 99573 4 99581 14 100103 10
78a981bd27ba0c65a9169548665a17bda9f49050d0d3893a6567d1eb92cd003d,41323 3 41843 7 42363 8 42883 9 43404 9 43925 8 44446 8 44966 9 45487 10 46007 12 46528 15 47048 14 47568 12 48087 12 48607 11 49127 11 49647 10 50167 10 50686 12 51206 12 51726 13 52246 14 52766 14 53286 15 53806 16 54326 17 54846 18 55366 20 55886 24 56406 23 56926 7 56936 12 57446 5 57458 10 57966 3 57979 8 58500 7 59021 5 59541 5 60062 3 60582 3 61101 4 61621 2 62140 1 62659 1 63167 6 63177 2 63687 11 64206 12 64727 10 65247 10 65767 10 66289 7
78a981bd27ba0c65a9169548665a17bda9f49050d0d3893a6567d1eb92cd003d,145845 4 146364 6 146883 8 147403 8 147923 9 148443 9 148963 9 149484 8 150004 8 150525 7 151045 8 151565 8 152085 9 152605 9 153125 10 153644 11 154164 11 154684 11 155204 11 155724 11 156245 10 156765 10 157285 10 157806 9 158327 8 158849 5
78a981bd27ba0c65a9169548665a17bda9f49050d0d3893a6567d1eb92cd003d,791 5 817 7 1311 5 1337 7 1830 7 1857 7 2349 9 2378 6 2868 11 2898 7 3387 12 3419 6 3906 13 3939 6 4425 13 4460 5 4935 3 4943 15 4980 5 5454 23 5500 5 5974 8 5986 11 6021 4 6493 7 6508 9 6541 4 7012 7 7029 8 7060 5 7530 9 7550 7 7580 5 8048 10 8071 6 8099 6 8567 11 8593 5 8619 6 9087 10 9114 4 9138 7 9607 10 9634 5 9657 8 10127 9 10155 5 10175 10 10647 5 10675 7 10693 11 11195 9 11211 11 11715 24 12234 9 12246 10 12754 4 13273 2
78a981bd27ba0c65a9169548665a17bda9f49050d0d3893a6567d1eb92cd003d,170310 1 170830 2 171349 3 171868 5 172387 7 172404 5 172906 9 172921 9 173425 12 173439 12 173944 28 174449 5 174463 30 174968 8 174981 33 175488 23 175515 20 176007 22 176037 18 176527 16 176558 17 177047 14 177079 15 177567 13 177599 14 178087 13 178120 12 178607 12 178640 11 179128 10 179161 9 179649 8 179682 7 180169 8 180202 7
78a981bd27ba0c65a9169548665a17bda9f49050d0d3893a6567d1eb92cd003d,159391 2 159909 7 160428 8 160947 10 161466 11 161984 13 162502 15 163021 14 163541 13 164060 13 164580 12 165101 10 165621 10 166143 7 166665 5 167187 3 167709 1
78a981bd27ba0c65a9169548665a17bda9f49050d0d3893a6567d1eb92cd003d,30433 2 30952 4 31471 6 31990 7 32509 9 33029 9 33549 9 34069 9 34589 8 35108 8 35628 7 36147 7 36667 7 37187 6 37707 5 38227 5 38747 4
78a981bd27ba0c65a9169548665a17bda9f49050d0d3893a6567d1eb92cd003d,135994 9 136513 11 137032 13 137552 14 138071 14 138591 13 139111 11 139631 10 140151 8 140672 6 141193 4 141713 4 142234 2 142754 2 143273 4 143793 4 144312 6 144831 7 145350 9 145870 10 146389 12 146910 11 147430 12 147951 8
78a981bd27ba0c65a9169548665a17bda9f49050d0d3893a6567d1eb92cd003d,22118 1 22636 4 23155 5 23674 6 24193 6 24713 6 25233 5 25754 2 26274 1
78a981bd27ba0c65a9169548665a17bda9f49050d0d3893a6567d1eb92cd003d,35146 3 35663 5 36183 5 36702 6 37222 6 37741 7 38260 9 38779 10 39298 12 39816 14 40335 14 40854 14 41373 13 41892 12 42411 12 42930 10 43449 7 43967 7 44485 7 45004 6 45523 6 46042 6 46562 6 47081 6 47599 8 48120 7 48640 7 49160 8 49679 9 50199 10 50718 11 51238 11 51757 12 52277 11 52797 10 53316 3 53836 1
78a981bd27ba0c65a9169548665a17bda9f49050d0d3893a6567d1eb92cd003d,117801 8 118319 12 118839 12 119360 10 119880 10 120401 9 120921 8 121443 7 121965 5 122486 5 123006 6 123527 7 124047 15 124567 19 125087 20 125607 21 126127 21 126648 15 127168 12 127688 10 128210 5
78a981bd27ba0c65a9169548665a17bda9f49050d0d3893a6567d1eb92cd003d,102738 8 102748 1 103256 12 103775 12 104294 13 104813 13 105332 14 105851 14 106370 15 106888 16 107407 17 107925 19 108447 16 108972 9
78a981bd27ba0c65a9169548665a17bda9f49050d0d3893a6567d1eb92cd003d,130842 5 131360 8 131879 9 132398 10 132918 9 133438 9 133958 7 134478 5 134998 4 135517 4 136037 4 136557 3 137076 4 137596 4 138115 5 138635 5 139154 6 139672 8 140190 10 140708 12 141225 13 141744 13 142263 13 142783 11 143303 10 143823 10 144344 8 144865 6 145385 6 145906 4 146426 4 146945 5 147465 6 147984 7 148504 8 149023 9 149542 10 150060 12 150579 13 151097 16 151615 18 152132 22 152650 24 153170 24 153690 24 154210 6 154220 14 154742 13 155264 11 155785 11 156305 12 156826 11 157346 12 157866 13 158385 9 158905 6 159424 5 159943 5 160461 6 160979 8 161498 8 162017 9 162537 9 163056 10 163576 10 164096 9 164616 9 165137 7 165658 6 166179 4
78a981bd27ba0c65a9169548665a17bda9f49050d0d3893a6567d1eb92cd003d,60613 10 61133 12 61653 12 62173 13 62693 13 63213 13 63733 13 64253 13 64774 12 65294 13 65815 12 66336 10 66857 9 67379 7 67901 4
78a981bd27ba0c65a9169548665a17bda9f49050d0d3893a6567d1eb92cd003d,47112 8 47632 9 48152 10 48673 9 49193 9 49714 8 50236 6 50758 4 51280 2
78a981bd27ba0c65a9169548665a17bda9f49050d0d3893a6567d1eb92cd003d,99120 4 99638 6 100156 8 100674 8 101193 3
78a981bd27ba0c65a9169548665a17bda9f49050d0d3893a6567d1eb92cd003d,113681 7 114200 12 114719 17 115238 21 115760 21 116282 19 116804 17 117326 15 117847 14 118367 14 118888 13 119409 12 119929 11 120450 9 120970 8 121492 5
78a981bd27ba0c65a9169548665a17bda9f49050d0d3893a6567d1eb92cd003d,53884 1 54404 2 54923 5 55443 8 55962 11 56482 12 57002 12 57521 13 58041 13 58560 14 59080 14 59601 13 60121 13 60642 11 61163 10 61684 8 62205 6 62726 4
78a981bd27ba0c65a9169548665a17bda9f49050d0d3893a6567d1eb92cd003d,178167 6 178682 12 179201 14 179721 14 180241 15
78a981bd27ba0c65a9169548665a17bda9f49050d0d3893a6567d1eb92cd003d,4489 2 5007 7 5526 9 6046 10 6566 11 7086 11 7606 12 8126 12 8647 11 9168 9 9689 7 10213 1
78a981bd27ba0c65a9169548665a17bda9f49050d0d3893a6567d1eb92cd003d,67427 4 67945 6 68462 7 68979 9 69495 12 70013 14 70530 16 71050 15 71570 14 72090 13 72610 2 72613 10 73137 5 73659 3 74180 1
78a981bd27ba0c65a9169548665a17bda9f49050d0d3893a6567d1eb92cd003d,27896 5 27906 2 28413 14 28933 14 29453 13 29974 12 30494 11 31015 10 31535 9 32056 8 32576 8 33095 9 33615 10 34134 11 34654 12 35174 13 35694 14 36214 15 36735 15 37256 16 37778 14 38299 14 38820 13 39341 12 39861 13 40382 12 40903 11 41423 12 41944 11 42004 5 42464 11 42520 8 42985 10 43038 9 43505 10 43555 11 44026 9 44073 13 44546 9 44592 13 45066 9 45113 12 45586 9 45634 11 46107 9 46154 11 46628 8 46675 10 47150 7 47195 10 47672 6 47716 10 48193 6 48236 10 48714 5 48756 11 49234 5 49276 11 49755 3 49796 12 50275 3 50316 12 50795 2 50835 13 51315 2 51355 12 51835 2 51874 13 52355 2 52393 13 52875 3 52911 15 53396 2 53425 20 53916 2 53939 16 53959 5 54436 2 54458 15 54481 3 54956 2 54978 14 55476 3 55497 14 55996 3 56016 14 56516 4 56535 15 57036 5 57053 4 57556 7 57571 4 58077 9 58088 6 58598 15 59119 13 59640 11 60161 9 60681 9 61202 7 61722 6 62242 6 62762 5 63282 4 63802 3
78a981bd27ba0c65a9169548665a17bda9f49050d0d3893a6567d1eb92cd003d,141254 4 141774 5 142294 6 142815 5 143335 5 143856 4
78a981bd27ba0c65a9169548665a17bda9f49050d0d3893a6567d1eb92cd003d,156858 11 157377 14 157897 14 158416 16 158936 16 159456 16 159976 16 160497 15 161017 14 161539 11 162062 6
78a981bd27ba0c65a9169548665a17bda9f49050d0d3893a6567d1eb92cd003d,167779 7 168297 10 168816 13 169335 15 169856 14 170378 12 170909 1
78a981bd27ba0c65a9169548665a17bda9f49050d0d3893a6567d1eb92cd003d,96027 16 96541 24 97061 24 97581 23 98102 22 98624 19 99146 16 99667 14 100189 12 100711 9 101233 7 101754 7 102275 6 102795 7 103316 7 103836 9 103852 4 104356 22 104875 24 105395 24 105914 25 106434 25 106954 25 107474 25 107994 26 108514 26 109034 27 109555 27 110076 26 110615 8 111140 4
78a981bd27ba0c65a9169548665a17bda9f49050d0d3893a6567d1eb92cd003d,178190 1 178709 3 179227 5 179746 7 180264 10
78a981bd27ba0c65a9169548665a17bda9f49050d0d3893a6567d1eb92cd003d,14918 4 15436 6 15955 7 16475 6 16994 7 17018 11 17514 7 17536 13 18034 6 18055 14 18555 5 18575 14 19076 4 19095 13 19597 4 19614 13 20117 4 20134 13 20638 4 20653 13 21158 5 21172 14 21678 7 21690 16 22197 29 22717 30 23236 31 23755 10 23766 21 24273 9 24289 19 24792 8 24811 17 25311 7 25332 16 25831 2 25853 15 26350 1 26374 13 26895 10 27418 4
78a981bd27ba0c65a9169548665a17bda9f49050d0d3893a6567d1eb92cd003d,874 5 898 6 916 8 1394 6 1417 7 1436 7 1913 7 1937 8 1955 7 2433 8 2457 9 2473 9 2952 10 2976 12 2991 10 3472 11 3496 25 3992 12 4015 26 4512 13 4535 26 5032 14 5054 27 5551 16 5572 29 6072 17 6090 31 6593 31 6626 15 7114 28 7148 13 7634 5 7642 19 7670 11 8155 2 8164 16 8191 9 8674 2 8685 14 9205 13 9726 11 10246 10 10766 9 11287 7
78a981bd27ba0c65a9169548665a17bda9f49050d0d3893a6567d1eb92cd003d,120999 7 121519 8 122039 9 122558 11 123078 12 123599 11 124119 12 124640 12 125160 12 125681 12 126201 13 126721 13 127242 13 127762 13 128282 10 128802 4 129322 2 129841 2 130361 2 130880 2 131398 4 131917 6 132437 6 132957 7 133477 7 133997 8 134518 7 135038 7 135558 7 136079 6 136600 5 137122 2
78a981bd27ba0c65a9169548665a17bda9f49050d0d3893a6567d1eb92cd003d,142848 2 143364 12 143883 14 144402 14 144922 14 145441 14 145961 14 146481 13 147002 12 147522 11 148043 9 148563 9 149084 7 149604 7 150125 6 150645 6 151165 6 151685 6 152205 6 152725 6 153244 8 153764 8 154284 8 154804 8 155324 8 155844 8 156364 8 156886 5
78a981bd27ba0c65a9169548665a17bda9f49050d0d3893a6567d1eb92cd003d,73163 6 73683 6 74203 6 74723 6 75243 6 75763 5 76283 5
78a981bd27ba0c65a9169548665a17bda9f49050d0d3893a6567d1eb92cd003d,174046 3 174564 6 175083 9 175603 9 176124 9 176644 9 177164 9 177685 8 178205 8 178725 9 179245 9 179764 11 180284 11
78a981bd27ba0c65a9169548665a17bda9f49050d0d3893a6567d1eb92cd003d,41455 1 41974 3 42493 5 43012 7 43532 9 44051 11 44571 12 45092 5
78a981bd27ba0c65a9169548665a17bda9f49050d0d3893a6567d1eb92cd003d,62783 2 63302 5 63822 6 64341 8 64861 9 65381 10 65900 10 66420 10 66940 9 67459 10 67979 10 68499 9 69019 9 69539 8 70059 8 70580 7 71100 6
78a981bd27ba0c65a9169548665a17bda9f49050d0d3893a6567d1eb92cd003d,118962 2 119481 4 119999 7 120518 9 121037 12 121556 15 122074 21 122102 10 122587 18 122608 24 123107 16 123132 21 123627 14 123657 16 124147 13 124179 15 124667 12 124700 14 125186 11 125221 14 125706 9 125742 14 126226 7 126262 16 126746 6 126783 17 127267 4 127303 18 127787 3 127825 17 128308 2 128347 15 128828 1 128869 13 129348 1 129390 12 129868 1 129911 11 130387 3 130412 5 130431 11 130907 3 130930 6 130952 10 131427 4 131449 7 131472 10 131947 4 131969 6 131993 9 132467 5 132489 7 132513 9 132987 5 133009 7 133032 9 133507 6 133529 8 133552 7 134027 6 134049 9 134071 6 134547 5 134569 11 134589 7 135067 5 135089 15 135107 8 135588 3 135609 25 136108 3 136131 22 136629 2 136656 17 137178 14 137699 12 138220 11 138741 9 139262 6
78a981bd27ba0c65a9169548665a17bda9f49050d0d3893a6567d1eb92cd003d,160034 5 160554 5 161073 6 161593 6 162112 7 162632 7 163151 8 163670 9 164190 9 164709 10 165229 11 165748 12 166268 12 166787 13 167307 13 167827 12 168347 12 168867 12 169387 12 169907 12 170427 13 170947 13 171468 13 171988 15 172508 16 173028 15 173550 13 174073 10 174595 8 175116 7 175637 6 176158 5 176678 5 177199 4 177719 4 178239 4 178758 5 179278 5 179798 5 180318 5
78a981bd27ba0c65a9169548665a17bda9f49050d0d3893a6567d1eb92cd003d,145478 9 145997 11 146517 11 147037 12 147557 14 148077 20 148597 20 149118 19 149644 13 150167 10 150689 7
78a981bd27ba0c65a9169548665a17bda9f49050d0d3893a6567d1eb92cd003d,56581 1 57100 1 57619 2 58137 3 58656 3 59174 4 59691 7 60206 11 60725 11 61244 12 61763 12 62282 13 62802 13 63321 14 63841 15 64361 15 64881 16 65402 16 65923 16 66444 16 66965 17 67487 16 68008 16 68528 16 69049 15 69569 15 70090 14 70610 14 71131 13 71653 11 72175 9 72696 8 73219 5
78a981bd27ba0c65a9169548665a17bda9f49050d0d3893a6567d1eb92cd003d,86218 2 86731 13 87249 15 87767 17 88286 19 88806 19 89326 18 89846 17 90367 14 90889 7
78a981bd27ba0c65a9169548665a17bda9f49050d0d3893a6567d1eb92cd003d,18095 2 18613 4 19132 5 19651 7 20170 8 20689 10 21209 10 21729 11 22249 11 22769 10 23289 9 23809 5 24329 2
78a981bd27ba0c65a9169548665a17bda9f49050d0d3893a6567d1eb92cd003d,933 6 949 19 1472 15 1994 12 2515 10 3036 9 3557 7 4077 7 4598 6 5118 5 5639 3
78a981bd27ba0c65a9169548665a17bda9f49050d0d3893a6567d1eb92cd003d,10296 2 10814 9 11333 10 11853 11 12374 10 12894 10 13415 9 13935 9 14456 7 14977 4 15497 2
78a981bd27ba0c65a9169548665a17bda9f49050d0d3893a6567d1eb92cd003d,40983 3 41499 7 42017 9 42535 11 43055 11 43576 10 44096 10 44617 9 45138 8 45659 8 45681 6 46179 8 46200 7 46700 8 46719 9 47220 9 47238 10 47740 10 47757 11 48260 12 48275 13 48780 28 49300 15 49318 10 49820 13 49841 7 50340 12 50364 4 50861 10 51381 10 51902 8 52423 7 52943 6 53464 3 53984 1
78a981bd27ba0c65a9169548665a17bda9f49050d0d3893a6567d1eb92cd003d,161620 2 162140 3 162660 3 163179 5 163699 5 164219 6 164739 6 165259 7 165779 7 166299 7 166819 6 167338 7 167858 7 168379 6 168899 5
78a981bd27ba0c65a9169548665a17bda9f49050d0d3893a6567d1eb92cd003d,177227 3 177742 9 178260 11 178779 12 179299 13 179818 14 180339 12
78a981bd27ba0c65a9169548665a17bda9f49050d0d3893a6567d1eb92cd003d,103386 4 103905 6 104425 6 104944 8 105464 8 105983 9 106503 9 107022 9 107542 9 108062 8 108581 9 109101 9 109621 8 110141 8 110661 6
78a981bd27ba0c65a9169548665a17bda9f49050d0d3893a6567d1eb92cd003d,15011 3 15528 9 16046 11 16565 13 17084 14 17604 14 18124 15 18644 15 19164 16 19684 17 20205 17 20727 16 21249 15 21771 14 22292 14 22813 14 23333 15 23854 14 24374 14 24894 14 25413 14 25933 14 26452 15 26972 14 27491 14 28010 13 28530 12 29049 12 29550 3 29567 14 30069 31 30588 31 31107 31 31627 30 32148 28 32668 26 33188 25 33709 12 33726 4 34229 9 34748 8 35268 6
78a981bd27ba0c65a9169548665a17bda9f49050d0d3893a6567d1eb92cd003d,50385 7 50906 5 51427 4 51948 2 52468 2 52989 2 53509 2 54028 4 54548 5 55067 7 55587 9 56106 11 56625 11 57145 11 57664 12 58184 12 58704 12 59224 11 59745 10 60265 10 60786 8 61308 6 61829 6 62318 3 62350 5 62838 4 62870 6 63358 6 63391 6 63878 8 63911 7 64398 12 64431 8 64917 13 64951 10 65438 12 65470 12 65959 12 65990 13 66480 11 66510 13 67002 10 67029 14 67526 7 67549 13 68048 7 68068 13 68569 9 68586 15 69089 13 69104 16 69610 29 70130 28 70650 26 71170 16 71690 14 72210 13 72730 12 73249 12 73769 12 74288 12 74808 11 75328 10 75849 8
78a981bd27ba0c65a9169548665a17bda9f49050d0d3893a6567d1eb92cd003d,89358 1 89878 1 90398 2 90918 3 91438 4 91958 6 92478 7 92998 8 93518 9 93542 2 94038 9 94059 9 94558 10 94576 14 95078 12 95094 17 95598 33 96118 34 96650 22 97173 18 97696 14
78a981bd27ba0c65a9169548665a17bda9f49050d0d3893a6567d1eb92cd003d,139292 6 139809 11 140328 12 140848 12 141367 13 141887 13 142406 14 142926 14 143445 15 143965 15 144484 16 145003 17 145522 18 146042 18 146562 18 147082 18 147602 17 148123 16 148643 15 149165 13 149687 11 150216 2
78a981bd27ba0c65a9169548665a17bda9f49050d0d3893a6567d1eb92cd003d,163732 8 164250 12 164770 13 165291 13 165813 12 166334 11 166855 11 167376 10 167897 9 168418 8 168938 8 169459 5 169979 3 170499 1
78a981bd27ba0c65a9169548665a17bda9f49050d0d3893a6567d1eb92cd003d,173095 1 173613 3 174132 4 174651 5 175171 5 175691 5 176211 4 176732 2
78a981bd27ba0c65a9169548665a17bda9f49050d0d3893a6567d1eb92cd003d,103942 2 104460 4 104978 6 105497 7 106017 7 106536 8 107056 8 107576 7 108096 3
78a981bd27ba0c65a9169548665a17bda9f49050d0d3893a6567d1eb92cd003d,122661 7 123181 9 123700 10 124221 9 124741 9 125261 8 125781 7 126301 6 126821 5 127341 3 127861 2 128381 1
78a981bd27ba0c65a9169548665a17bda9f49050d0d3893a6567d1eb92cd003d,175707 4 176225 8 176745 8 177265 7 177786 6 178306 5 178827 4 179349 2 179870 1 180390 1
78a981bd27ba0c65a9169548665a17bda9f49050d0d3893a6567d1eb92cd003d,34800 2 35319 4 35837 6 36356 5 36875 4 37394 3 37913 3 38432 3 38951 3 39470 3 39988 3
78a981bd27ba0c65a9169548665a17bda9f49050d0d3893a6567d1eb92cd003d,135167 3 135671 10 135684 8 136191 20 136711 20 137231 16 137752 13 138273 10 138794 8 139316 5 139837 3
78a981bd27ba0c65a9169548665a17bda9f49050d0d3893a6567d1eb92cd003d,73319 1 73836 4 74353 7 74870 10 75389 11 75907 3 75914 2 76420 3 76425 3 76940 6 77459 6 77979 5 78498 5 79017 5 79527 1 79535 7 80034 27 80554 26 81075 24 81595 23 82116 21 82637 18 83158 16 83679 15 84200 13 84721 12 85241 11 85762 10 86283 8 86807 2
78a981bd27ba0c65a9169548665a17bda9f49050d0d3893a6567d1eb92cd003d,8281 11 8799 13 9318 15 9839 14 10359 14 10880 13 11401 12 11921 11 12442 10 12963 8 13483 7 14007 1
78a981bd27ba0c65a9169548665a17bda9f49050d0d3893a6567d1eb92cd003d,22353 1 22870 3 23381 11 23900 12 24419 12 24938 13 25456 14 25962 28 26482 27 27001 28 27521 28 28041 28 28561 15 28580 10 29081 13 29102 8 29601 11 29623 8 30121 9 30144 8 30642 4 30665 9 30677 3 31162 2 31186 14 31708 12 32229 11 32751 9 33272 8 33794 6 34316 4
78a981bd27ba0c65a9169548665a17bda9f49050d0d3893a6567d1eb92cd003d,97210 8 97728 12 98247 12 98766 13 99285 13 99803 14 100323 13 100842 14 101362 13 101882 11 102402 9 102925 3
78a981bd27ba0c65a9169548665a17bda9f49050d0d3893a6567d1eb92cd003d,157010 9 157529 11 158047 14 158566 15 159085 16 159605 16 160124 17 160644 15 161164 13 161683 10 162203 8 162723 6 163243 3
78a981bd27ba0c65a9169548665a17bda9f49050d0d3893a6567d1eb92cd003d,53531 6 54052 7 54574 7 55096 7 55617 5 56138 2
78a981bd27ba0c65a9169548665a17bda9f49050d0d3893a6567d1eb92cd003d,63932 7 64452 9 64973 8 65493 8 66014 6 66535 5 67055 5 67576 4 68098 2 68619 1
78a981bd27ba0c65a9169548665a17bda9f49050d0d3893a6567d1eb92cd003d,118021 1 118540 2 119059 4 119577 6 120096 8 120615 9 121135 10 121654 12 122174 12 122693 14 123212 15 123732 15 124251 16 124771 16 125291 16 125811 15 126332 14 126853 12 127374 10
78a981bd27ba0c65a9169548665a17bda9f49050d0d3893a6567d1eb92cd003d,145573 6 146093 8 146613 10 147134 9 147654 10 148175 9 148697 8
78a981bd27ba0c65a9169548665a17bda9f49050d0d3893a6567d1eb92cd003d,170540 2 171057 9 171575 12 172095 13 172615 13 173136 12 173657 10 174178 9 174700 7
78a981bd27ba0c65a9169548665a17bda9f49050d0d3893a6567d1eb92cd003d,83717 3 84235 5 84754 6 85273 7 85792 8 86311 9 86831 9 87350 10 87872 5
78a981bd27ba0c65a9169548665a17bda9f49050d0d3893a6567d1eb92cd003d,96192 8 96710 10 97232 8 97753 7 98275 5
78a981bd27ba0c65a9169548665a17bda9f49050d0d3893a6567d1eb92cd003d,103998 2 104517 3 105036 4 105555 5 106075 5 106595 5 107115 5 107635 5 108154 6 108674 6 109194 6 109715 5 110237 3
78a981bd27ba0c65a9169548665a17bda9f49050d0d3893a6567d1eb92cd003d,132595 5 133113 7 133634 6 134154 6 134675 5 135195 2
78a981bd27ba0c65a9169548665a17bda9f49050d0d3893a6567d1eb92cd003d,150799 1 151319 1 151839 1 152358 2 152878 2 153398 2 153917 3 154437 3 154957 3 155477 3 155997 3 156517 3 157037 3 157557 3 158077 3 158597 3 159117 3 159637 3 160157 3 160677 3 161197 3
7bdb668e6127b7eafc837a883f0648002bd063c736f55a4f673e787250a3fb04,92681 3 93190 7 93698 15 94210 17 94722 18 95234 19 95746 20 96258 21 96770 22 97282 23 97794 24 98306 26 98818 28 99330 29 99842 30 100354 31 100866 32 101378 32 101890 33 102402 32 102914 32 103426 31 103938 31 104450 31 104962 30 105474 29 105986 29 106498 27 107010 26 107522 25 108034 23 108546 22 109058 21 109570 20 110082 19 110594 18 111106 17 111618 16 112130 15 112642 14 113154 13 113666 12 114178 11 114690 10
7bdb668e6127b7eafc837a883f0648002bd063c736f55a4f673e787250a3fb04,180746 5 181256 8 181762 16 182274 15 182786 14 183298 13 183810 13 184322 12 184834 11 185346 10 185858 10 186370 9 186882 9 187394 9 187906 9 188418 9 188930 9 189442 9 189954 9 190466 9 190978 9 191490 9 192002 9 192514 9 193026 9 193538 8 194050 8 194562 7 195074 7 195586 6 196098 6 196610 5 197122 4 197634 3 198146 2 198658 1 199170 1
7bdb668e6127b7eafc837a883f0648002bd063c736f55a4f673e787250a3fb04,255005 10 255514 15 256024 19 256534 23 257045 26 257556 28 258067 30 258579 30 259091 30 259602 32 260114 33 260626 33 261138 33 261650 34 262162 35 262675 34 263187 34 263699 35 264212 34 264724 35 265237 33 265749 33 266262 31 266775 29 267288 24 267801 19 268314 16 268827 13 269340 11 269854 7 270368 2
7bdb668e6127b7eafc837a883f0648002bd063c736f55a4f673e787250a3fb04,129085 2 129595 5 130106 7 130617 10 131127 13 131638 15 132149 17 132661 18 133172 21 133684 22 134195 23 134707 23 135218 24 135729 25 136241 26 136753 26 137265 26 137776 28 138288 28 138801 27 139315 25 139828 23 140341 22 140854 20 141367 18 141880 17 142393 15 142906 13 143419 11 143932 9 144445 7 144958 4
7bdb668e6127b7eafc837a883f0648002bd063c736f55a4f673e787250a3fb04,188483 8 188993 11 189504 13 190015 15 190527 16 191039 17 191551 16 192063 16 192575 16 193088 13 193600 12 194113 9 194625 7 195138 4
7bdb668e6127b7eafc837a883f0648002bd063c736f55a4f673e787250a3fb04,24648 8 25156 13 25666 18 26177 21 26689 22 27201 23 27713 24 28225 25 28737 26 29249 27 29761 37 30274 40 30786 43 31299 44 31812 44 32325 46 32838 46 33351 47 33864 47 34378 46 34892 45 35406 44 35920 43 36434 42 36947 42 37460 42 37973 42 38486 41 38999 41 39511 42 40024 41 40536 41 41049 41 41561 41 42073 41 42585 42 43097 42 43609 42 44122 41 44634 42 45146 42 45659 41 46171 41 46684 39 47197 38 47710 37 48223 35 48736 34 49249 33 49762 31 50275 30 50788 28 51301 25 51814 22 52328 15 52841 12 53355 7 53868 2
7bdb668e6127b7eafc837a883f0648002bd063c736f55a4f673e787250a3fb04,305247 8 305758 11 306267 18 306778 20 307288 23 307799 25 308310 27 308823 26 309335 26 309847 27 310359 27 310872 27 311384 27 311897 26 312409 25 312922 24 313435 22 313949 19 314463 15 314978 6
7bdb668e6127b7eafc837a883f0648002bd063c736f55a4f673e787250a3fb04,205437 2 205949 3 206461 4 206974 4 207486 4 207999 4 208511 4 209023 4 209535 4 210048 3 210560 3 211073 2 211585 2 212098 1
7bdb668e6127b7eafc837a883f0648002bd063c736f55a4f673e787250a3fb04,126219 2 126731 11 127243 12 127754 14 128266 15 128778 16 129290 17 129801 19 130313 20 130825 21 131336 23 131847 25 132359 26 132872 26 133384 27 133896 27 134409 27 134921 28 135434 28 135947 28 136460 28 136972 29 137485 29 137997 30 138510 30 139023 30 139535 31 140048 32 140560 33 141073 32 141586 32 142100 28 142614 14
7bdb668e6127b7eafc837a883f0648002bd063c736f55a4f673e787250a3fb04,156489 3 156999 9 157510 11 158021 15 158534 15 159046 17 159559 16 160071 17 160584 16 161097 14 161610 11 162123 9 162637 2
7bdb668e6127b7eafc837a883f0648002bd063c736f55a4f673e787250a3fb04,274247 3 274759 5 275270 7 275783 7 276299 3
7bdb668e6127b7eafc837a883f0648002bd063c736f55a4f673e787250a3fb04,134992 1 135504 2 136016 4 136528 6 137040 7 137553 7 138065 8 138577 9 139089 10 139602 10 140121 4 140636 2
7bdb668e6127b7eafc837a883f0648002bd063c736f55a4f673e787250a3fb04,8603 8 9112 13 9621 18 10132 22 10642 26 11153 29 11664 31 12175 33 12687 33 13198 35 13710 35 14222 36 14734 36 15246 36 15758 37 16270 37 16782 37 17293 38 17805 38 18316 39 18827 40 19338 40 19849 41 20360 42 20872 41 21384 41 21897 40 22409 39 22921 39 23433 38 23946 35 24459 23 24972 21 25484 20 25997 17 26510 15 27023 12 27536 10 28050 6
7bdb668e6127b7eafc837a883f0648002bd063c736f55a4f673e787250a3fb04,245155 1 245666 4 246174 11 246684 14 247195 16 247701 23 248212 25 248724 27 249235 30 249746 32 250258 33 250769 34 251280 36 251791 37 252303 37 252814 38 253325 39 253837 40 254349 40 254861 40 255373 40 255885 40 256397 40 256909 40 257421 41 257933 41 258445 41 258957 41 259469 41 259981 41 260492 43 261004 43 261517 42 262029 43 262542 43 263054 44 263567 44 263625 4 264079 45 264134 9 264592 64 265104 65 265617 40 265667 15 266129 39 266181 14 266642 37 266694 13 267154 36 267207 12 267667 34 267721 11 268179 34 268235 9 268692 32 268748 9 269204 32 269262 6 269717 31 269776 4 270230 29 270743 28 271257 26 271771 24 272284 23 272799 19 273315 15 273832 10 274348 5 274863 1
7bdb668e6127b7eafc837a883f0648002bd063c736f55a4f673e787250a3fb04,181662 11 182170 16 182680 19 183191 21 183700 25 184211 27 184723 34 185235 38 185747 41 186258 45 186770 45 187281 46 187792 47 188304 47 188817 46 189329 46 189842 45 190354 46 190867 45 191379 45 191891 46 192403 45 192915 45 193427 44 193939 44 194451 43 194963 43 195475 42 195987 42 196499 41 197011 41 197523 40 198036 39 198548 39 199061 37 199575 34 200088 32 200601 30 201114 29 201627 27 202140 25 202653 23 203167 20 203680 17 204193 15 204706 13 205219 11 205732 9 206245 7 206759 3
7bdb668e6127b7eafc837a883f0648002bd063c736f55a4f673e787250a3fb04,324515 3 325027 5 325539 6 326050 7 326562 8 327074 8
7bdb668e6127b7eafc837a883f0648002bd063c736f55a4f673e787250a3fb04,23509 27 24019 31 24531 33 25043 34 25554 35 26067 35 26579 36 27091 37 27603 37 28115 37 28628 36 29140 36 29653 34 30166 33 30678 33 31191 31 31704 30 32217 28 32731 25 33245 22 33760 17 34274 14 34790 6 35305 1
7f4cbe0b36b5d09466476a7d4e01f4f976c67872d549f4ff47b3e1e3a2b403af,22274 1 22530 3 22786 4 23042 5 23298 5 23554 6 23810 6 24066 6 24322 6 24578 6 24834 6 25090 6 25346 6 25602 5 25858 5 26114 5 26370 5 26626 4 26882 4 27138 5 27394 5 27650 4 27906 4 28162 3 28418 2
7f4cbe0b36b5d09466476a7d4e01f4f976c67872d549f4ff47b3e1e3a2b403af,32002 2 32008 2 32258 9 32514 10 32770 10 33026 10 33282 11 33538 11 33794 11 34050 11 34306 11 34562 11 34818 10 35074 10 35330 10 35586 9 35844 4
7f4cbe0b36b5d09466476a7d4e01f4f976c67872d549f4ff47b3e1e3a2b403af,19227 2 19482 5 19490 3 19737 14 19993 3 19998 9 20249 1 20256 7 20505 1 20512 7 20760 1 20769 6 21016 2 21024 7 21272 2 21280 7 21529 3 21534 9 21785 14 22042 13 22300 11 22559 6
7f4cbe0b36b5d09466476a7d4e01f4f976c67872d549f4ff47b3e1e3a2b403af,33824 7 34078 11 34332 13 34587 15 34842 16 35098 16 35354 16 35609 17 35865 17 36121 16 36377 16 36633 16 36889 15 37145 14 37402 12 37659 10 37916 6 38174 2
7f4cbe0b36b5d09466476a7d4e01f4f976c67872d549f4ff47b3e1e3a2b403af,23613 5 23870 5 24126 5 24383 5 24639 5 24896 3 25151 4 25407 4 25662 5 25905 2 25918 5 26161 2 26173 6 26416 4 26429 5 26673 5 26683 4 26931 10 27188 8 27445 6 27702 4
7f4cbe0b36b5d09466476a7d4e01f4f976c67872d549f4ff47b3e1e3a2b403af,36673 6 36925 10 37179 12 37433 14 37689 15 37945 15 38201 15 38457 15 38713 15 38969 14 39226 13 39482 13 39738 13 39995 11 40252 10
7f4cbe0b36b5d09466476a7d4e01f4f976c67872d549f4ff47b3e1e3a2b403af,30025 4 30279 7 30536 6 30792 6 31048 6 31295 1 31303 7 31551 2 31559 7 31808 3 31813 9 32064 14 32321 13 32582 7 32840 5 33098 2
7f4cbe0b36b5d09466476a7d4e01f4f976c67872d549f4ff47b3e1e3a2b403af,56156 3 56410 7 56665 9 56919 12 57174 14 57429 15 57685 15 57941 15 58197 15 58453 14 58710 12 58966 12 59222 11 59479 10 59735 9 59990 9 60247 6
7f4cbe0b36b5d09466476a7d4e01f4f976c67872d549f4ff47b3e1e3a2b403af,41567 3 41825 3 42081 4 42338 3 42593 5 42849 5 43098 2 43103 7 43354 12 43610 11 43867 9 44124 8
7f4cbe0b36b5d09466476a7d4e01f4f976c67872d549f4ff47b3e1e3a2b403af,18049 1 18305 1 18560 3 18815 4 19070 5 19325 7 19580 8 19826 1 19835 9 20083 2 20089 11 20339 16 20595 16 20850 16 21106 15 21360 3 21365 11 21613 4 21623 8 21865 8 21881 6 22121 7 22139 2 22378 6 22624 1 22634 6 22880 2 22890 6 23136 2 23145 7 23392 3 23401 7 23649 4 23655 8 23905 14 24162 13 24419 11 24676 9
7f4cbe0b36b5d09466476a7d4e01f4f976c67872d549f4ff47b3e1e3a2b403af,32869 6 33125 7 33383 5 33640 5 33896 6 34153 5 34409 6 34664 7 34920 7 35175 8 35429 9 35683 11 35939 10 36196 8 36453 4
7f4cbe0b36b5d09466476a7d4e01f4f976c67872d549f4ff47b3e1e3a2b403af,16752 1 17007 4 17262 6 17517 6 17773 6 18029 5 18285 5 18542 3 18799 2 19056 1 19313 1
7f4cbe0b36b5d09466476a7d4e01f4f976c67872d549f4ff47b3e1e3a2b403af,35707 4 35963 5 36218 7 36474 8 36729 10 36987 9 37244 8 37501 7 37757 7 38014 6 38270 7 38525 8 38781 7 39036 8 39291 8 39546 9 39801 10 40052 2 40055 11 40308 14 40564 13 40821 6
7f4cbe0b36b5d09466476a7d4e01f4f976c67872d549f4ff47b3e1e3a2b403af,13692 3 13947 8 14206 6 14464 5 14722 4 14978 6 15235 5 15491 4 15747 4 16003 4 16259 4 16514 4 16770 3 17026 2 17282 1 17538 1
7f4cbe0b36b5d09466476a7d4e01f4f976c67872d549f4ff47b3e1e3a2b403af,44675 6 44933 5 45180 1 45189 6 45435 1 45446 5 45691 1 45701 6 45947 2 45957 6 46204 1 46212 7 46460 2 46467 8 46716 4 46721 10 46973 14 47231 12 47488 11 47745 9
7f4cbe0b36b5d09466476a7d4e01f4f976c67872d549f4ff47b3e1e3a2b403af,3458 3 3713 10 3967 13 4223 13 4479 13 4735 13 4991 14 5248 13 5504 13 5761 11 6017 11 6274 10 6534 5
7f4cbe0b36b5d09466476a7d4e01f4f976c67872d549f4ff47b3e1e3a2b403af,23690 7 23943 4 23950 5 24198 3 24208 4 24453 4 24465 4 24709 3 24721 5 24965 3 24978 4 25222 3 25233 5 25478 3 25489 5 25735 3 25744 6 25991 5 25998 7 26248 13 26504 12 26761 11 27018 10 27279 4
7f4cbe0b36b5d09466476a7d4e01f4f976c67872d549f4ff47b3e1e3a2b403af,14239 6 14494 8 14748 11 15003 13 15258 14 15514 14 15770 14 16026 14 16282 14 16538 12 16795 11 17051 10 17308 9 17564 8 17821 6
7f4cbe0b36b5d09466476a7d4e01f4f976c67872d549f4ff47b3e1e3a2b403af,51103 4 51358 6 51615 6 51871 7 52128 6 52386 3
7f4cbe0b36b5d09466476a7d4e01f4f976c67872d549f4ff47b3e1e3a2b403af,44457 4 44713 5 44963 1 44971 3 45218 2 45227 2 45474 1 45484 1 45730 1 45739 3 45985 2 45995 3 46241 3 46250 5 46497 3 46505 7 46754 4 46759 10 47010 14 47266 14 47523 12 47781 9 48039 4
7f4cbe0b36b5d09466476a7d4e01f4f976c67872d549f4ff47b3e1e3a2b403af,34726 1 34981 7 35237 9 35491 8 35747 6 36003 6 36016 2 36259 5 36273 1 36515 5 36529 1 36771 5 36785 2 37027 6 37040 3 37283 6 37296 2 37539 7 37551 3 37795 9 37805 5 38051 14 38308 12 38564 11 38820 11 39077 8 39333 3
7f4cbe0b36b5d09466476a7d4e01f4f976c67872d549f4ff47b3e1e3a2b403af,436 13 692 14 948 14 1203 15 1460 13 1716 13 1972 13 2228 12 2485 9 2743 6
7f4cbe0b36b5d09466476a7d4e01f4f976c67872d549f4ff47b3e1e3a2b403af,36799 1 37054 3 37310 4 37566 5 37822 5 38078 6 38333 8 38589 8 38845 8 39101 8 39357 8 39613 8 39869 6 40125 4
7f4cbe0b36b5d09466476a7d4e01f4f976c67872d549f4ff47b3e1e3a2b403af,44994 5 45249 7 45505 7 45761 8 46017 9 46273 3 46277 6 46529 1 46535 4 46785 1 46791 4 47048 4 47304 4 47553 1 47559 5 47809 1 47815 6 48065 3 48069 8 48321 12 48577 12 48833 12 49089 12 49345 12 49602 11 49859 9 50116 8 50373 6
7f4cbe0b36b5d09466476a7d4e01f4f976c67872d549f4ff47b3e1e3a2b403af,17370 2 17624 6 17879 8 18134 9 18389 11 18644 13 18899 14 19154 15 19410 15 19666 15 19922 15 20178 14 20434 13 20690 12 20947 9 21204 6 21462 3
7f4cbe0b36b5d09466476a7d4e01f4f976c67872d549f4ff47b3e1e3a2b403af,27864 3 28118 7 28373 11 28628 15 28884 15 29140 15 29396 14 29652 14 29908 14 30164 13 30420 12 30676 11 30933 8 31189 7 31446 5 31704 2
7f4cbe0b36b5d09466476a7d4e01f4f976c67872d549f4ff47b3e1e3a2b403af,39897 2 40151 5 40405 8 40660 9 40915 10 41171 11 41427 11 41683 10 41939 10 42195 10 42452 8 42709 4
7f4cbe0b36b5d09466476a7d4e01f4f976c67872d549f4ff47b3e1e3a2b403af,46570 5 46823 2 46826 5 47077 2 47084 4 47331 4 47340 5 47586 4 47597 4 47843 4 47852 6 48099 4 48108 6 48355 6 48362 9 48611 16 48868 14 49124 13 49380 13 49637 11 49893 10 50151 7
7f4cbe0b36b5d09466476a7d4e01f4f976c67872d549f4ff47b3e1e3a2b403af,21996 3 22248 8 22503 10 22759 10 23014 11 23269 12 23524 13 23780 13 24036 12 24293 10 24550 9 24807 7
7f4cbe0b36b5d09466476a7d4e01f4f976c67872d549f4ff47b3e1e3a2b403af,36343 1 36591 4 36597 4 36846 4 36855 4 37102 3 37111 5 37358 3 37368 5 37614 2 37623 6 37869 4 37879 7 38125 4 38134 10 38381 6 38388 12 38637 19 38893 19 39149 19 39405 19 39661 19 39917 16 40173 14 40430 11 40686 11 40943 9 41200 8 41458 5
7f4cbe0b36b5d09466476a7d4e01f4f976c67872d549f4ff47b3e1e3a2b403af,16885 6 17140 9 17394 14 17650 14 17905 15 18161 15 18417 15 18674 14 18931 13 19188 12 19445 11 19702 10 19961 7
8922a6ac8fd0258ec27738ca101867169b20d90a60fc84f93df77acd5bf7c80b,130570 1 131074 10 131586 11 132098 12 132610 13 133122 14 133634 15 134146 15 134658 16 135170 17 135682 17 136194 17 136706 17 137220 14 137735 10 138249 8 138763 5 139278 1
8922a6ac8fd0258ec27738ca101867169b20d90a60fc84f93df77acd5bf7c80b,249455 1 249958 14 249979 1 250469 25 250981 26 251492 29 252004 31 252515 35 253026 39 253537 43 254047 46 254557 49 255067 52 255577 55 256089 56 256600 58 257111 60 257623 60 258135 61 258647 62 259160 60 259673 57 260185 56 260699 53 261211 53 261725 50 262240 47 262754 44 263268 42 263781 41 264295 39 264808 37 265321 36 265833 36 266346 35 266859 34 267371 34 267884 33 268398 32 268911 31 269425 29 269938 29 270450 29 270963 28 271476 27 271989 26 272502 25 273015 24 273528 23 274041 22 274555 20 275069 17 275582 14 276096 3
8922a6ac8fd0258ec27738ca101867169b20d90a60fc84f93df77acd5bf7c80b,203937 8 204447 12 204958 14 205468 17 205979 18 206489 21 206999 24 207510 26 208021 28 208532 29 209043 31 209555 32 210067 32 210579 33 211091 34 211603 34 212116 34 212628 34 213141 32 213653 32 214166 30 214679 28 215191 27 215704 26 216216 25 216729 24 217241 23 217754 22 218267 20 218781 18 219293 17 219807 14 220322 10 220836 7
8922a6ac8fd0258ec27738ca101867169b20d90a60fc84f93df77acd5bf7c80b,257705 8 258215 12 258726 14 259236 18 259746 22 260257 25 260769 26 261282 25 261794 25 262307 24 262819 24 263331 25 263843 25 264356 24 264868 24 265380 25 265892 25 266404 25 266916 25 267429 24 267941 24 268454 24 268966 24 269479 23 269991 23 270504 21 271017 19 271529 18 272042 13 272555 9 273068 5
8922a6ac8fd0258ec27738ca101867169b20d90a60fc84f93df77acd5bf7c80b,166079 1 166590 3 167102 3 167613 5 168124 7 168635 8 169146 10 169656 12 170166 14 170676 16 171186 18 171688 28 172198 29 172709 30 173220 31 173731 32 174243 32 174755 32 175267 32 175779 31 176291 31 176803 30 177315 30 177828 29 178341 27 178855 25 179369 23 179882 21 180397 17 180913 11
8922a6ac8fd0258ec27738ca101867169b20d90a60fc84f93df77acd5bf7c80b,169237 6 169749 8 170261 10 170772 12 171285 12 171797 13 172309 13 172821 14 173333 14 173845 15 174357 15 174870 15 175382 15 175895 14 176407 14 176919 14 177431 14 177943 14 178456 13 178968 13 179481 12 179993 12 180506 10 181018 8 181531 6 182044 4 182557 2
8922a6ac8fd0258ec27738ca101867169b20d90a60fc84f93df77acd5bf7c80b,316208 4 316716 14 317227 16 317737 19 318247 21 318757 24 319266 27 319776 30 320287 31 320799 32 321311 32 321823 33 322335 34 322847 36 323360 37 323872 38 324385 38 324897 39 325409 40 325922 40 326434 41 326946 41
8922a6ac8fd0258ec27738ca101867169b20d90a60fc84f93df77acd5bf7c80b,234345 2 234854 7 235365 9 235877 10 236389 10 236901 11 237413 12 237925 14 238438 15 238951 16 239464 19 239976 20 240489 20 241002 20 241515 21 242027 21 242540 21 243053 21 243565 21 244078 20 244591 20 245104 19 245617 17 246130 16 246643 14 247155 14 247668 13 248181 11 248694 9 249208 6
8922a6ac8fd0258ec27738ca101867169b20d90a60fc84f93df77acd5bf7c80b,135084 4 135596 4 136107 4 136619 4 137130 5 137642 5 138153 6 138665 6 139176 7 139687 8 140198 9 140708 11 141219 12 141729 13 142239 15 142748 17 143257 20 143761 27 144272 28 144784 27 145295 28 145807 28 146319 27 146831 27 147344 25 147857 23 148369 21 148882 19 149395 17 149907 17 150420 15 150933 13 151445 12 151958 10 152470 9 152983 8 153495 7 154008 6 154520 5 155032 5 155544 4 156056 4 156568 3 157079 4 157591 4 158102 5 158614 5 159125 6 159635 8 160145 10 160655 12 161164 15 161673 19 162183 21 162693 23 163202 26 163712 27 164223 28 164735 28 165247 28 165759 27 166270 27 166782 26 167294 25 167806 24 168318 23 168830 22 169342 20 169854 18 170365 15 170877 13 171390 9 171903 5
8922a6ac8fd0258ec27738ca101867169b20d90a60fc84f93df77acd5bf7c80b,267152 1 267664 2 268175 3 268687 3 269199 4 269711 4 270223 5 270735 5 271247 6 271759 6 272272 6 272784 8 273297 9 273810 14 274323 14 274836 8
8922a6ac8fd0258ec27738ca101867169b20d90a60fc84f93df77acd5bf7c80b,267217 10 267727 13 268240 13 268752 14 269265 14 269777 15 270289 15 270801 16 271314 15 271826 15 272338 15 272850 16 273362 16 273874 17 274386 17 274897 19 275409 19 275920 21 276432 21 276943 24 277454 27 277933 1 277964 31 278446 2 278475 37 278959 3 278985 41 279471 9 279495 45 279984 76 280497 47 280554 22 281010 44 281068 20 281539 25 281582 18 282053 22 282095 17 282567 19 282608 16 283081 16 283121 15 283595 12 283633 11 284109 9 284147 5 284622 7
8922a6ac8fd0258ec27738ca101867169b20d90a60fc84f93df77acd5bf7c80b,176055 8 176565 12 177077 14 177587 17 178098 19 178609 21 179120 23 179631 24 180143 25 180655 25 181167 26 181679 26 182191 27 182703 27 183216 27 183729 26 184241 26 184754 26 185267 25 185780 24 186293 23 186806 22 187319 22 187833 20 188347 18 188386 2 188860 17 188897 5 188926 2 189381 9 189409 7 189436 4 189895 7 189921 9 189946 6 190409 6 190432 13 190456 8 190922 5 190944 16 190966 10 191435 5 191455 33 191948 4 191967 33 192460 5 192478 34 192973 6 192988 36 193485 8 193498 38 193998 50 194510 50 195022 50 195535 49 196047 49 196559 49 197072 48 197584 48 198097 47 198611 45 199125 43 199639 41 200152 40 200666 38 201180 36 201693 35 202210 30 202724 28 203238 26 203752 24 204265 23 204778 22 205291 21 205805 19 206318 18 206831 17 207344 16 207857 15 208370 14 208884 12 209398 10 209911 9 210424 8 210937 7 211450 6 211963 3
8922a6ac8fd0258ec27738ca101867169b20d90a60fc84f93df77acd5bf7c80b,55760 1 56270 3 56766 2 56777 8 57276 21 57786 23 58297 24 58808 26 59319 27 59831 28 60343 28 60855 28 61367 29 61879 29 62391 29 62904 29 63416 29 63929 28 64441 29 64954 28 65467 27 65979 28 66493 26 67008 24 67522 22 68036 21 68550 18 69064 15 69580 10
8922a6ac8fd0258ec27738ca101867169b20d90a60fc84f93df77acd5bf7c80b,146401 3 146908 10 147418 14 147927 19 148438 22 148949 24 149460 27 149971 29 150481 33 150992 36 151503 38 152013 42 152525 44 153036 47 153547 50 154059 53 154571 53 155082 54 155594 54 156106 54 156618 54 157129 55 157641 55 158153 55 158665 55 159177 55 159690 52 160204 48 160717 45 161231 43 161745 40 162258 38 162772 35 163285 34 163799 31 164312 29 164826 27 165340 24 165853 23 166367 20 166881 18 167396 14
8922a6ac8fd0258ec27738ca101867169b20d90a60fc84f93df77acd5bf7c80b,26088 1 26597 7 27107 10 27618 13 28130 14 28643 14 29155 15 29667 16 30179 16 30691 17 31203 17 31715 17 32228 16 32741 15 33254 14 33767 13 34281 11 34795 8 35308 7 35821 3
8b59819fbc92eefe45b1db95c0cc3a467ddcfc755684c7f2ba2f6ccb9ad740ab,106606 7 107122 14 107642 17 108162 18 108682 21 109202 22 109722 24 110242 25 110762 25 111282 26 111802 26 112322 26 112842 26 113362 26 113882 26 114402 26 114922 26 115442 26 115962 27 116482 27 117002 27 117522 28 117579 7 118042 28 118098 11 118562 5 118574 17 118615 17 119082 2 119097 15 119134 20 119618 15 119652 23 120139 16 120170 26 120660 16 120689 27 121180 19 121206 30 121700 56 122221 55 122741 55 123261 55 123781 54 124301 54 124821 53 125341 52 125861 50 126382 47 126902 46 127422 43 127943 39 128464 31 128986 26 129509 19 130037 4
8b59819fbc92eefe45b1db95c0cc3a467ddcfc755684c7f2ba2f6ccb9ad740ab,163810 1 164329 3 164848 5 165367 7 165885 10 166402 13 166922 13 167442 13 167962 13 168482 13 169005 10 169526 8 170047 7
8b59819fbc92eefe45b1db95c0cc3a467ddcfc755684c7f2ba2f6ccb9ad740ab,226737 2 227255 6 227774 8 228293 10 228813 12 229333 13 229853 14 230372 16 230892 17 231412 19 231931 21 232451 22 232970 25 233489 27 234008 30 234528 33 235047 40 235566 40 236083 42 236602 43 237122 42 237642 42 238162 41 238682 41 239202 38 239722 29 240242 20 240762 17 241282 15 241803 11 242326 6
8b59819fbc92eefe45b1db95c0cc3a467ddcfc755684c7f2ba2f6ccb9ad740ab,267811 18 268329 24 268847 36 269366 40 269883 48 270402 54 270922 56 271442 57 271962 57 272482 58 273002 58 273522 58 274042 58 274562 58 275082 58 275602 58 276122 58 276642 58 277162 58 277685 55 278206 53 278728 51 279249 49 279772 45 280295 41 280816 39 281339 34 281862 29 282386 18 282909 12
8b59819fbc92eefe45b1db95c0cc3a467ddcfc755684c7f2ba2f6ccb9ad740ab,5246 5 5765 6 6284 7 6803 9 7322 11 7842 12 8361 14 8881 16 9400 20 9920 22 10440 23 10959 25 11479 25 11999 25 12518 26 13038 27 13558 27 14078 27 14598 27 15117 27 15637 27 16157 27 16677 27 17197 27 17717 27 18237 28 18756 29 19276 29 19796 29 20316 29 20836 29 21356 28 21876 28 22396 28 22916 28 23436 27 23956 27 24476 27 24996 26 25517 24 26037 24 26557 23 27077 23 27597 22 28117 21 28638 20 29158 19 29678 18 30199 16 30719 15 31240 13 31761 10 32282 7 32804 1
8b59819fbc92eefe45b1db95c0cc3a467ddcfc755684c7f2ba2f6ccb9ad740ab,220035 1 220554 5 221074 6 221594 8 222114 9 222633 11 223153 13 223673 15 224192 18 224712 20 225231 21 225751 22 226271 22 226790 24 227309 25 227829 25 228348 27 228867 28 229386 29 229905 31 230424 29 230455 1 230943 27 231460 29 231979 29 232498 29 233016 30 233538 28 234061 25 234584 21 235106 19 235628 17 236154 11
8b59819fbc92eefe45b1db95c0cc3a467ddcfc755684c7f2ba2f6ccb9ad740ab,593 35 1115 34 1641 28 2164 25 2686 24 3207 24 3728 24 4249 24 4770 24 5291 26 5811 28 6331 29 6852 29 7372 30 7893 30 8413 31 8933 32 9454 32 9974 32 10495 31 11015 32 11536 31 12056 31 12577 30 13098 29 13619 28 14140 27 14662 25 15183 24 15705 21 16226 20 16747 19 17269 16 17791 12 18317 3
8b59819fbc92eefe45b1db95c0cc3a467ddcfc755684c7f2ba2f6ccb9ad740ab,239835 11 240354 14 240872 16 241391 17 241910 18 242430 17 242949 17 243469 15 243988 14 244507 12 245026 12 245545 12 246062 14 246579 16 247097 18 247614 21 248133 21 248653 21 249173 21 249693 20 250213 20 250734 18 251255 16 251777 13
8b59819fbc92eefe45b1db95c0cc3a467ddcfc755684c7f2ba2f6ccb9ad740ab,83863 6 84385 6 84906 8 85427 8 85947 9 86467 10 86988 10 87479 1 87508 11 87997 3 88028 12 88516 4 88549 11 89034 6 89069 12 89553 7 89589 12 90073 8 90109 12 90592 9 90628 13 91111 10 91148 13 91631 11 91668 13 92151 12 92187 14 92671 13 92706 14 93191 13 93224 16 93711 13 93743 16 94232 13 94262 16 94752 14 94780 16 95273 14 95299 14 95794 16 95818 13 96316 17 96335 12 96838 26 97363 15 97887 8
8b59819fbc92eefe45b1db95c0cc3a467ddcfc755684c7f2ba2f6ccb9ad740ab,190464 1 190985 2 191505 3 192025 5 192545 6 193065 7 193561 1 193585 7 194081 1 194105 7 194601 2 194625 7 195121 2 195145 7 195641 3 195664 7 196162 2 196184 7 196682 3 196704 7 197202 3 197223 8 197723 3 197742 9 198244 3 198261 10 198765 3 198780 11 199286 5 199297 14 199808 23 200329 22 200851 20 201373 17 201897 12 202420 1
8b59819fbc92eefe45b1db95c0cc3a467ddcfc755684c7f2ba2f6ccb9ad740ab,243543 4 244062 6 244581 7 245100 9 245620 9 246141 8 246661 9 247181 10 247702 10 248222 10 248742 11 249263 10 249783 11 250304 10 250824 11 251345 10 251865 10 252386 10 252906 10 253427 9 253947 9 254467 9 254988 8 255508 8 256029 7 256549 7 257069 7 257590 6 258110 7 258630 7 259151 6 259672 5
8b59819fbc92eefe45b1db95c0cc3a467ddcfc755684c7f2ba2f6ccb9ad740ab,57918 2 58438 4 58959 4 59479 6 60000 6 60520 8 61040 9 61561 8 62080 10 62600 10 63120 10 63640 10 64160 10 64679 11 65199 11 65719 10 66238 11 66758 10 67277 10 67797 9 68317 7 68836 7 69355 7 69874 5 70391 6 70908 6 71426 5 71943 3 72462 1
8b59819fbc92eefe45b1db95c0cc3a467ddcfc755684c7f2ba2f6ccb9ad740ab,741 29 1260 30 1780 30 2300 30 2820 29 3339 30 3859 29 4379 28 4898 28 5418 8 5432 13 5938 5 5955 8 6457 5 6477 4 6976 5 7495 5 8014 5 8532 6 9051 7 9570 7 10088 9 10607 10 11126 10 11645 10 12164 11 12683 11 13205 8 13727 5
8b59819fbc92eefe45b1db95c0cc3a467ddcfc755684c7f2ba2f6ccb9ad740ab,161423 5 161943 5 162464 4 162984 4 163504 4 164025 3 164545 3 165065 4 165584 5 166104 5 166624 6 167143 8 167663 9 168182 10 168701 12 169221 12 169741 12 170261 12 170781 12 171302 9 171822 8 172342 6 172862 3 173382 1
8b59819fbc92eefe45b1db95c0cc3a467ddcfc755684c7f2ba2f6ccb9ad740ab,165670 4 166186 10 166705 11 167224 12 167743 12 168262 13 168782 13 169301 13 169820 13 170337 15 170856 15 171374 17 171894 16 172414 15 172933 15 173453 14 173973 14 174492 15 175012 14 175531 15 176050 15 176570 14 177089 13 177610 11 178131 7 178654 1
8b59819fbc92eefe45b1db95c0cc3a467ddcfc755684c7f2ba2f6ccb9ad740ab,3526 1 4042 6 4091 5 4561 8 4609 9 5081 9 5128 11 5601 9 5648 12 6121 10 6168 13 6641 11 6688 13 7162 11 7207 15 7682 12 7727 16 8202 15 8247 16 8723 17 8766 18 9244 17 9286 18 9765 17 9805 20 10286 17 10324 21 10807 19 10843 23 11328 21 11360 26 11850 24 11876 30 12372 54 12894 52 13417 48 13940 45 14464 40 14987 34 15512 27 16040 14
8b59819fbc92eefe45b1db95c0cc3a467ddcfc755684c7f2ba2f6ccb9ad740ab,120562 1 121076 13 121593 16 122115 14 122636 13 123158 11 123679 10 124200 9 124720 8 125241 7 125761 7 126281 7 126802 6 127322 6 127842 6 128363 5 128883 5 129403 5 129923 5 130442 6 130962 6 131482 6 132002 6 132521 7 133041 7 133561 6 134080 7 134600 7 135087 1 135120 6 135607 1 135639 6 136127 2 136158 7 136647 2 136677 7 137167 3 137195 9 137687 4 137714 9 138207 5 138233 9 138728 5 138752 10 139248 6 139272 9 139769 6 139791 9 140289 9 140310 10 140810 9 140828 11 141331 11 141345 13 141852 25 142373 22 142894 20 143416 17 143937 9
8b59819fbc92eefe45b1db95c0cc3a467ddcfc755684c7f2ba2f6ccb9ad740ab,225051 2 225570 4 226089 5 226608 7 227128 7 227647 8 228167 8 228692 3
8b59819fbc92eefe45b1db95c0cc3a467ddcfc755684c7f2ba2f6ccb9ad740ab,238584 1 239104 1 239625 1 240145 1 240665 1 241185 1 241705 1 242225 1 242745 2 243265 2 243784 3 244304 3 244824 3 245343 4 245863 4 246383 4 246902 5 247421 6 247941 6 248460 6 248980 6 249499 7 250018 8 250537 9 251055 11 251567 1 251572 14 252088 18 252608 18 253128 18 253649 16 254169 16 254690 15 255210 15 255731 13 256252 12 256772 11 257293 10 257814 7 258336 4
8b59819fbc92eefe45b1db95c0cc3a467ddcfc755684c7f2ba2f6ccb9ad740ab,142428 12 142945 18 143464 20 143983 23 144502 27 144535 4 145021 41 145540 43 146059 45 146578 47 147097 49 147617 49 148136 50 148656 26 148687 19 149175 24 149210 16 149695 23 149731 15 150215 22 150253 13 150734 22 150775 11 151253 22 151296 9 151772 22 151819 6 152291 22 152340 3 152810 22 153329 22 153849 21 154369 18 154888 16 155408 14 155907 2 155927 13 156426 3 156446 13 156945 5 156964 14 157464 7 157483 14 157984 10 158000 17 158503 33 159023 33 159543 33 160063 32 160583 32 161103 32 161624 31 162144 31 162665 29 163185 29 163706 27 164227 26 164748 25 165268 24 165789 23 166310 22 166831 21 167351 21 167872 21 168393 20 168915 18 169436 18 169957 17 170479 16 171000 15 171523 13 172046 11 172570 7 173093 5 173615 1
8b59819fbc92eefe45b1db95c0cc3a467ddcfc755684c7f2ba2f6ccb9ad740ab,284928 10 285447 13 285964 17 286482 20 286999 23 287515 27 288031 31 288549 32 289068 33 289587 34 290106 35 290625 35 291144 36 291663 36 292182 36 292701 37 293221 36 293740 36 294259 36 294779 35 295298 35 295818 34 296338 33 296858 32 297378 31 297898 30 298418 29 298938 27 299459 25 299979 24 300501 19 301024 15 301549 8
8b59819fbc92eefe45b1db95c0cc3a467ddcfc755684c7f2ba2f6ccb9ad740ab,316640 1 317157 4 317676 6 318193 9 318710 12 319229 13 319746 16 320265 17 320783 19 321302 20 321822 19 322342 18 322862 17 323381 16 323901 14 324421 11 324941 10
8b59819fbc92eefe45b1db95c0cc3a467ddcfc755684c7f2ba2f6ccb9ad740ab,89392 1 89911 1 90431 1 90950 2 91470 2 91990 2 92509 3 93029 3 93549 4 94069 4 94589 4 95109 5 95630 4 96150 5 96671 5 97192 6 97713 6 98235 5 98756 6 99279 4 99802 2
8b59819fbc92eefe45b1db95c0cc3a467ddcfc755684c7f2ba2f6ccb9ad740ab,84208 13 84731 12 85252 12 85775 10 86296 9 86817 8 87337 8 87858 7 88379 6 88899 6 89419 6 89940 5 90459 6 90979 6 91499 6 92018 7 92538 7 93057 8 93576 10 94095 11 94614 12 95133 14 95653 15 96173 15 96694 15 97214 16 97733 18 98253 19 98773 20 99292 21 99811 19 100328 20
8b59819fbc92eefe45b1db95c0cc3a467ddcfc755684c7f2ba2f6ccb9ad740ab,16626 2 17145 6 17664 8 18184 8 18703 9 19222 10 19742 9 20262 9 20782 9 21302 9 21821 10 22342 9
8b59819fbc92eefe45b1db95c0cc3a467ddcfc755684c7f2ba2f6ccb9ad740ab,122187 2 122707 3 123227 5 123747 5 124267 6 124787 6 125307 6 125828 2
8b59819fbc92eefe45b1db95c0cc3a467ddcfc755684c7f2ba2f6ccb9ad740ab,261038 2 261557 3 262075 5 262594 6 263113 7 263633 7 264152 8 264672 8 265192 8 265713 7 266233 7 266753 7 267274 6 267794 6 268315 5 268836 4 269357 3 269878 2 270399 1
912a679e4b9b1d1a75170254fd675b8c24b664d80ad7ea7e460241a23535a406,15364 7 15618 10 15874 10 16130 10 16386 10 16642 9 16898 8 17154 5 17410 3
912a679e4b9b1d1a75170254fd675b8c24b664d80ad7ea7e460241a23535a406,37890 3 38146 4 38402 5 38658 6 38914 6 39170 6 39426 6 39682 6 39938 5 40194 5
912a679e4b9b1d1a75170254fd675b8c24b664d80ad7ea7e460241a23535a406,8711 7 8966 9 9222 10 9478 10 9734 10 9990 9 10247 8 10505 4
912a679e4b9b1d1a75170254fd675b8c24b664d80ad7ea7e460241a23535a406,28173 5 28428 7 28684 9 28697 2 28940 15 29195 16 29451 16 29708 14 29964 13 30220 13 30477 11 30736 8 30994 6 31251 4 31508 3
912a679e4b9b1d1a75170254fd675b8c24b664d80ad7ea7e460241a23535a406,50703 4 50958 6 51213 7 51469 7 51725 7 51981 7 52237 7 52493 6 52750 3
912a679e4b9b1d1a75170254fd675b8c24b664d80ad7ea7e460241a23535a406,61974 6 62229 8 62485 7 62740 8 62997 7 63253 6 63511 2
912a679e4b9b1d1a75170254fd675b8c24b664d80ad7ea7e460241a23535a406,57114 2 57367 5 57622 6 57878 6 58133 7 58390 5 58646 4
912a679e4b9b1d1a75170254fd675b8c24b664d80ad7ea7e460241a23535a406,18973 5 19227 8 19482 9 19737 10 19993 10 20250 8 20506 7 20765 2
912a679e4b9b1d1a75170254fd675b8c24b664d80ad7ea7e460241a23535a406,25903 4 26158 5 26413 7 26669 7 26925 7 27181 7 27436 8 27693 7 27949 6 28205 5 28462 3
912a679e4b9b1d1a75170254fd675b8c24b664d80ad7ea7e460241a23535a406,1584 4 1839 6 2095 6 2351 6 2608 5 2866 2
912a679e4b9b1d1a75170254fd675b8c24b664d80ad7ea7e460241a23535a406,35644 3 35899 4 36154 5 36409 6 36665 6 36921 6 37178 4 37435 3
912a679e4b9b1d1a75170254fd675b8c24b664d80ad7ea7e460241a23535a406,60735 5 60990 6 61245 7 61501 6 61758 5
912a679e4b9b1d1a75170254fd675b8c24b664d80ad7ea7e460241a23535a406,24648 4 24903 5 25158 7 25414 7 25670 7 25926 7 26182 7 26438 7 26694 7 26950 6 27207 3
912a679e4b9b1d1a75170254fd675b8c24b664d80ad7ea7e460241a23535a406,36430 3 36685 5 36941 5 37197 5 37453 4 37709 4 37966 3
912a679e4b9b1d1a75170254fd675b8c24b664d80ad7ea7e460241a23535a406,29026 5 29282 6 29538 7 29794 7 30050 7 30306 8 30563 7 30819 7 31077 4
912a679e4b9b1d1a75170254fd675b8c24b664d80ad7ea7e460241a23535a406,18025 4 18280 6 18536 7 18792 7 19048 7 19305 6 19562 5 19819 4
912a679e4b9b1d1a75170254fd675b8c24b664d80ad7ea7e460241a23535a406,38764 1 39019 3 39275 4 39530 7 39787 9 40043 9 40299 9 40554 10 40811 8 41068 7 41324 6 41581 5 41837 4 42093 3 42350 1
912a679e4b9b1d1a75170254fd675b8c24b664d80ad7ea7e460241a23535a406,26732 7 26988 8 27244 8 27500 9 27757 8 28013 7 28269 7 28526 6
912a679e4b9b1d1a75170254fd675b8c24b664d80ad7ea7e460241a23535a406,12918 7 13174 8 13431 7 13688 6 13945 3
912a679e4b9b1d1a75170254fd675b8c24b664d80ad7ea7e460241a23535a406,19843 2 20097 5 20352 6 20608 5 20865 4
912a679e4b9b1d1a75170254fd675b8c24b664d80ad7ea7e460241a23535a406,56721 6 56975 9 57229 12 57484 14 57738 16 57993 18 58249 18 58504 19 58760 19 59016 19 59272 19 59528 18 59784 17 60041 13 60298 7
912a679e4b9b1d1a75170254fd675b8c24b664d80ad7ea7e460241a23535a406,4501 3 4755 6 5010 7 5266 7 5522 7 5778 7 6034 6 6290 6 6546 5 6804 2
912a679e4b9b1d1a75170254fd675b8c24b664d80ad7ea7e460241a23535a406,32661 4 32916 6 33171 8 33426 9 33682 9 33939 8 34195 8 34451 8 34708 7 34964 6 35221 4
912a679e4b9b1d1a75170254fd675b8c24b664d80ad7ea7e460241a23535a406,24470 5 24725 6 24981 7 25237 6 25493 6 25750 4 26008 1
912a679e4b9b1d1a75170254fd675b8c24b664d80ad7ea7e460241a23535a406,10400 7 10655 9 10910 10 11166 10 11421 10 11677 10 11934 8 12190 7 12447 5 12704 3
912a679e4b9b1d1a75170254fd675b8c24b664d80ad7ea7e460241a23535a406,42666 6 42921 8 43177 8 43433 8 43689 8 43946 7 44203 6 44460 4
912a679e4b9b1d1a75170254fd675b8c24b664d80ad7ea7e460241a23535a406,429 7 685 7 940 8 1196 8 1452 9 1708 9 1964 9 2221 7 2478 6
912a679e4b9b1d1a75170254fd675b8c24b664d80ad7ea7e460241a23535a406,25780 1 26032 6 26287 7 26543 7 26800 5
912a679e4b9b1d1a75170254fd675b8c24b664d80ad7ea7e460241a23535a406,30135 3 30390 5 30644 7 30896 10 31152 10 31409 9 31666 7 31924 4
912a679e4b9b1d1a75170254fd675b8c24b664d80ad7ea7e460241a23535a406,18101 8 18355 10 18610 12 18866 12 19122 11 19378 10 19640 3
912a679e4b9b1d1a75170254fd675b8c24b664d80ad7ea7e460241a23535a406,41431 3 41687 3 41942 4 42197 5 42453 5 42709 5 42966 4 43222 4 43479 2
912a679e4b9b1d1a75170254fd675b8c24b664d80ad7ea7e460241a23535a406,59628 7 59881 11 60136 13 60391 14 60648 13 60904 13 61161 12 61418 10 61675 9 61933 7 62190 5 62446 5 62703 4 62959 5 63214 6 63470 8 63725 11 63981 12 64237 13 64493 14 64749 14 65005 14 65261 15
9ab2d381f90b485a68b82bc07f94397a0373e3215ad20935a958738e55f3cfc2,253975 11 254484 16 254994 20 255504 25 256015 29 256526 32 257037 34 257548 35 258059 37 258570 39 259080 42 259588 47 260098 50 260610 51 261122 51 261634 51 262146 51 262658 51 263170 51 263682 52 264194 52 264706 52 265218 52 265730 52 266242 52 266754 53 267266 53 267778 53 268290 53 268802 52 269314 52 269826 51 270338 51 270850 50 271362 50 271874 49 272386 48 272898 47 273410 47 273922 46 274434 45 274948 42 275464 38 275978 35 276491 34 277004 32 277517 29 278030 26 278543 23 279056 20 279568 18 280081 16 280594 14 281106 12 281619 10 282134 3
9ab2d381f90b485a68b82bc07f94397a0373e3215ad20935a958738e55f3cfc2,177755 5 178262 10 178774 10 179287 10 179800 9 180313 8 180826 7 181338 7 181851 7 182364 6 182876 6 183388 6 183900 7 184413 6 184925 6 185437 7 185949 8 186461 9 186974 9 187486 10 187998 11 188509 13 189021 11
9ab2d381f90b485a68b82bc07f94397a0373e3215ad20935a958738e55f3cfc2,161401 1 161912 4 162423 8 162931 12 163444 11 163957 10 164470 9 164983 8 165496 7 166009 6 166522 5 167035 4 167548 3 168061 2 168573 2 169085 2 169598 1 170110 1
9ab2d381f90b485a68b82bc07f94397a0373e3215ad20935a958738e55f3cfc2,264918 7 265426 12 265934 17 266444 20 266954 23 267464 27 267975 30 268485 33 268996 34 269508 35 270019 37 270530 39 271042 40 271553 24 271580 15 272064 21 272096 12 272576 20 272609 13 273088 19 273122 15 273599 19 273635 16 274111 18 274148 15 274622 19 274660 15 275134 19 275172 15 275646 19 275684 15 276157 19 276197 14 276669 19 276709 14 277180 20 277221 14 277692 20 277733 15 278204 21 278244 16 278716 21 278756 16 279228 21 279268 16 279740 21 279780 17 280252 22 280291 18 280764 23 280802 20 281276 24 281313 21 281788 25 281824 22 282300 29 282332 26 282812 59 283323 60 283835 60 284347 61 284860 60 285373 59 285886 59 286399 58 286912 58 287424 58 287936 58 288448 58 288961 57 289473 57 289985 57 290497 58 291009 58 291521 58 292033 58 292545 58 293057 58 293569 58 294080 60 294592 60 295104 60 295616 60 296129 58 296641 55 297153 52 297665 50 298177 49 298690 47 299203 45 299715 44 300228 42 300741 40 301254 37 301767 35 302280 33 302793 30 303305 29 303817 28 304329 27 304842 25 305354 22 305866 21 306378 14 306890 10 307402 7 307914 3 308426 1
9f17aea854db13015d19b34cb2022cfdeda44133323fcd6bb3545f7b9404d8ab,219143 5 219650 11 220162 11 220676 9 221190 7 221703 6 222216 5 222729 4 223241 4 223753 4 224265 3 224777 3 225289 2 225801 1
9f17aea854db13015d19b34cb2022cfdeda44133323fcd6bb3545f7b9404d8ab,234546 1 235054 6 235565 8 236077 11 236590 9 237102 8 237615 6 238128 3
9f17aea854db13015d19b34cb2022cfdeda44133323fcd6bb3545f7b9404d8ab,164915 1 165426 5 165938 6 166450 9 166962 11 167473 14 167985 19 168504 15 169017 16 169530 18 170042 19 170555 18 171067 18 171579 18 172092 17 172605 16 173119 14 173637 7 174151 5
9f17aea854db13015d19b34cb2022cfdeda44133323fcd6bb3545f7b9404d8ab,164972 4 165479 12 165990 15 166501 16 167013 16 167042 3 167527 15 167553 6 168041 14 168064 9 168555 13 168574 12 169068 31 169582 30 170095 30 170609 23 171130 11 171648 3
9f17aea854db13015d19b34cb2022cfdeda44133323fcd6bb3545f7b9404d8ab,176304 3 176814 6 177325 7 177837 7 178348 7 178859 8 179370 9 179881 9 180393 8 180904 9 181415 9 181926 9 182438 9 182949 9 183460 10 183972 9 184483 10 184994 10 185505 10 186017 10 186528 10 187041 7 187555 3
9f17aea854db13015d19b34cb2022cfdeda44133323fcd6bb3545f7b9404d8ab,204976 1 205486 3 205996 5 206506 7 207017 8 207529 8 208040 9 208552 9 209064 10 209576 11 210089 14 210601 18 211114 19 211628 16 212142 13 212657 8
9f17aea854db13015d19b34cb2022cfdeda44133323fcd6bb3545f7b9404d8ab,124119 5 124629 9 125139 14 125648 20 126159 29 126670 22 126699 2 127181 21 127212 1 127692 10 127712 1 128203 10 128714 9 129224 10 129734 11 130245 11 130756 11 131266 12 131777 13 132288 13 132799 14 133310 15 133821 15 134334 13 134852 5
9f17aea854db13015d19b34cb2022cfdeda44133323fcd6bb3545f7b9404d8ab,161513 2 162023 4 162534 5 163043 9 163553 11 164063 14 164573 16 165084 17 165595 18 166106 20 166617 21 167128 22 167639 23 168150 24 168661 24 169172 25 169684 24 170195 25 170707 24 171218 25 171729 25 172241 24 172753 24 173264 24 173776 24 174287 24 174799 24 175311 24 175822 24 176344 13 176857 7
9f17aea854db13015d19b34cb2022cfdeda44133323fcd6bb3545f7b9404d8ab,131851 2 132361 4 132871 6 133381 8 133891 10 134389 12 134409 4 134898 14 134922 4 135411 12 135435 3 135924 11 135947 4 136437 10 136459 4 136950 9 136971 5 137463 8 137483 6 137975 8 137995 7 138017 1 138487 8 138506 9 138527 2 138999 9 139017 11 139038 3 139511 10 139528 23 140023 11 140039 21 140535 35 141047 33 141559 32 142071 30 142583 28 143095 25 143607 19 144119 15 144631 12 145143 9 145655 7
9f17aea854db13015d19b34cb2022cfdeda44133323fcd6bb3545f7b9404d8ab,125219 1 125730 2 125744 4 126239 6 126255 6 126750 8 126766 7 127263 22 127776 20 128289 19 128802 17 129315 15 129827 14 130339 13 130852 11 131364 10 131876 9 132389 7 132901 6 133413 5 133925 4 134437 2 134949 1 135460 1
9f17aea854db13015d19b34cb2022cfdeda44133323fcd6bb3545f7b9404d8ab,108339 4 108851 5 109363 6 109875 4 110387 3 110898 3 111409 3 111920 4 112432 3 112944 3 113457 2 113969 2 114482 1 114994 1 115506 2 116018 2 116531 2
9f17aea854db13015d19b34cb2022cfdeda44133323fcd6bb3545f7b9404d8ab,118075 7 118107 1 118589 6 118617 3 119104 6 119128 4 119618 26 120133 22 120653 4
9f17aea854db13015d19b34cb2022cfdeda44133323fcd6bb3545f7b9404d8ab,324989 2 325500 4 326010 7 326521 8 327032 9 327528 4 327542 9 328042 20 328556 14 329070 9 329584 5
9f17aea854db13015d19b34cb2022cfdeda44133323fcd6bb3545f7b9404d8ab,281499 4 282010 5 282521 6 283033 7 283545 7
a4816cc1fb76cb3c5e481186833fc0ae9cf426a1406a2607e974e65e9cddba4f,34795 4 35311 8 35828 10 36345 12 36862 15 37376 19 37895 19 38414 19 38933 19 39452 19 39971 18 40490 17 41009 17 41528 17 42047 16 42566 15 43086 12 43606 9 44128 3
a4816cc1fb76cb3c5e481186833fc0ae9cf426a1406a2607e974e65e9cddba4f,548 1 1067 1 1585 3 2103 5 2621 7 3139 9 3657 10 4175 11 4694 12 5213 12 5732 12 6250 14 6769 14 7288 14 7807 14 8325 15 8844 15 9363 15 9883 14 10402 14 10921 13 11441 12 11960 11 12480 10 13000 8 13520 7 14041 3
a4816cc1fb76cb3c5e481186833fc0ae9cf426a1406a2607e974e65e9cddba4f,81519 6 82037 9 82555 11 83074 12 83593 13 84112 13 84631 14 85151 13 85670 13 86189 13 86708 13 87228 12 87747 12 88267 10 88786 10 89306 7
a4816cc1fb76cb3c5e481186833fc0ae9cf426a1406a2607e974e65e9cddba4f,43653 2 44168 7 44685 10 45203 11 45722 11 46240 12 46759 11 47278 11 47798 10 48317 9 48836 9 49356 7 49878 2
a4816cc1fb76cb3c5e481186833fc0ae9cf426a1406a2607e974e65e9cddba4f,116835 3 117352 8 117869 12 118387 15 118905 18 119424 20 119943 21 120462 22 120981 24 121500 24 122020 24 122539 25 123059 24 123578 24 124098 24 124618 23 125139 21 125659 20 126180 18 126701 16 127222 14 127742 13 128262 13 128781 14 129301 14 129821 14 130340 16
a4816cc1fb76cb3c5e481186833fc0ae9cf426a1406a2607e974e65e9cddba4f,72222 2 72738 7 73256 9 73774 10 74292 11 74810 12 75329 13 75847 14 76365 15 76884 15 77403 15 77922 14 78441 14 78960 14 79479 14 79998 14 80517 13 81036 12 81556 11 82075 11 82595 9 83114 8 83633 8 84152 8 84671 8 85190 8 85709 8 86228 8 86747 8 87266 8 87785 9 88303 11 88822 12 89341 13 89861 13 90380 14 90899 14 91418 14 91937 15 92456 15 92975 14 93494 14 94013 14 94532 13 95051 12 95570 10 96089 8 96608 7 97126 7 97644 7 98162 7 98680 8 99197 10 99715 11 100232 13 100749 15 101266 17 101783 19 102301 20 102820 20 103338 21 103856 22 104375 22 104895 20 105414 19 105934 17 106454 15 106975 10 107497 4
a4816cc1fb76cb3c5e481186833fc0ae9cf426a1406a2607e974e65e9cddba4f,15113 7 15630 11 16148 13 16666 14 17185 15 17703 17 18222 17 18741 17 19260 18 19780 17 20299 17 20820 16 21341 13 21862 11 22383 8 22903 7 23423 5 23944 1
a4816cc1fb76cb3c5e481186833fc0ae9cf426a1406a2607e974e65e9cddba4f,53020 1 53535 7 54052 10 54569 11 55087 12 55605 12 56123 12 56641 12 57160 11 57679 10 58198 8 58719 3
a4816cc1fb76cb3c5e481186833fc0ae9cf426a1406a2607e974e65e9cddba4f,58749 13 59266 17 59784 19 60301 20 60819 20 61340 16 61862 10
a4816cc1fb76cb3c5e481186833fc0ae9cf426a1406a2607e974e65e9cddba4f,28675 9 29190 14 29707 17 30224 19 30742 20 31259 23 31777 24 32295 25 32819 19 33346 11 33868 8 34389 5 34910 2 35430 1
a4816cc1fb76cb3c5e481186833fc0ae9cf426a1406a2607e974e65e9cddba4f,65014 2 65530 6 66047 9 66565 10 67084 10 67602 11 68121 11 68639 12 69158 12 69677 12 70196 12 70715 12 71234 12 71753 13 72272 14 72791 15 73310 16 73829 18 73864 6 74348 21 74381 9 74867 24 74898 12 75386 44 75907 42 76428 41 76948 40 77468 39 77988 39 78508 38 79027 38 79546 38 80065 38 80584 38 81103 38 81621 39 82139 40 82657 41 83175 42 83687 27 83724 13 84204 12 84225 6 84246 10 84722 12 84768 1 85241 11 85760 10 86279 10 86798 10 87318 9 87837 9 88356 9 88875 9 89395 8 89914 8 90433 8 90952 8 91472 7 91991 6 92511 5 93032 2
a4816cc1fb76cb3c5e481186833fc0ae9cf426a1406a2607e974e65e9cddba4f,649 16 1168 16 1687 16 2206 16 2725 16 3245 15 3764 15 4283 15 4802 15 5321 15 5841 14 6360 13 6879 13 7399 12 7919 11 8439 10 8959 9 9479 8 10000 6 10522 3 11042 3 11562 3 12081 13 12600 15 13119 15 13638 15 14157 16 14676 16 15195 16 15714 16 16233 16 16752 15 17271 15 17790 14 18309 13 18828 12 19347 10 19866 9 20385 8 20904 7 21423 6 21941 5 22461 2
a4816cc1fb76cb3c5e481186833fc0ae9cf426a1406a2607e974e65e9cddba4f,38027 1 38546 2 39065 3 39584 6 40102 9 40621 10 41139 12 41657 13 42175 14 42693 15 43212 15 43730 15 44249 15 44767 16 45286 15 45805 14 46324 12 46845 7
a4816cc1fb76cb3c5e481186833fc0ae9cf426a1406a2607e974e65e9cddba4f,117955 6 118471 16 118989 19 119507 21 120024 23 120543 23 121061 23 121580 23 122098 22 122617 21 123136 19 123655 17 124174 15 124693 12 125213 9 125732 8 126252 6 126771 4 127291 1
a4816cc1fb76cb3c5e481186833fc0ae9cf426a1406a2607e974e65e9cddba4f,112275 6 112792 11 113310 14 113829 15 114347 17 114867 16 115386 16 115906 14 116428 8
a4816cc1fb76cb3c5e481186833fc0ae9cf426a1406a2607e974e65e9cddba4f,17826 5 18343 9 18860 12 19378 14 19897 14 20416 14 20934 15 21453 15 21972 15 22491 15 23010 14 23529 14 24049 13 24568 13 25088 12 25607 12 26127 11 26648 9 27169 7 27689 6 28209 6 28729 6 29249 7 29769 10 30288 13 30807 14 31326 14 31845 14 32364 14 32883 14 33401 14 33920 14 34439 13 34958 12 35477 12 35996 11 36515 10 37034 9 37553 8 38073 6 38592 4
a4816cc1fb76cb3c5e481186833fc0ae9cf426a1406a2607e974e65e9cddba4f,65096 3 65614 6 66133 8 66652 9 67171 10 67690 10 68209 11 68728 11 69247 12 69766 12 70285 12 70804 13 71323 13 71842 14 72360 15 72878 16 73397 17 73915 18 74433 19 74952 18 75470 19 75989 19 76507 19 77026 18 77546 16 78065 15 78584 15 79103 15 79622 15 80142 14 80661 14 81180 14 81699 14 82218 14 82718 1 82737 14 83235 6 83256 15 83752 9 83775 15 84269 11 84294 15 84787 12 84813 14 85304 14 85332 14 85822 16 85850 15 86336 22 86368 14 86856 22 86885 14 87375 41 87894 40 88413 39 88932 38 89451 37 89970 16 89992 15 90489 15 90512 14 91009 13 91032 13 91528 12 91552 12 92047 10 92071 12 92567 7 92590 12 93087 3 93109 12 93629 11 94148 11 94667 10 95186 10 95706 9 96225 8 96744 8 97264 6 97783 6 98303 4 98822 3 99342 1
a4816cc1fb76cb3c5e481186833fc0ae9cf426a1406a2607e974e65e9cddba4f,25145 2 25662 6 26180 7 26699 8 27217 9 27735 10 28254 10 28773 10 29292 11 29810 12 30329 12 30848 12 31367 11 31887 10 32406 10 32925 10 33445 9 33965 8 34485 7 35005 6 35525 5 36045 4 36565 4 37084 5 37603 7 38122 7 38641 8 39160 8 39678 10 40197 10 40716 11 41234 12 41753 12 42271 13 42790 13 43309 13 43828 13 44347 12 44866 10 45386 7
a4816cc1fb76cb3c5e481186833fc0ae9cf426a1406a2607e974e65e9cddba4f,42824 6 43340 15 43857 19 44374 22 44892 22 45409 24 45927 24 46446 23 46966 21 47486 19 48006 16 48527 12 49049 5
a4816cc1fb76cb3c5e481186833fc0ae9cf426a1406a2607e974e65e9cddba4f,77590 1 78107 6 78625 9 79143 11 79662 12 80181 12 80700 13 81219 14 81738 14 82257 14 82776 15 83295 15 83814 16 84333 16 84852 16 85372 15 85891 15 86410 15 86930 14 87449 14 87969 13 88489 11 89009 10 89530 7 90051 4
a4816cc1fb76cb3c5e481186833fc0ae9cf426a1406a2607e974e65e9cddba4f,780 7 1299 7 1817 9 2335 10 2854 10 3372 11 3891 11 4410 11 4929 11 5448 11 5967 11 6486 11 7005 10 7524 10 8043 10 8562 10 9081 10 9600 10 10119 9 10638 9 11157 9 11677 7 12196 6 12715 6 13235 4 13755 1
a4816cc1fb76cb3c5e481186833fc0ae9cf426a1406a2607e974e65e9cddba4f,96309 9 96823 14 97339 16 97856 18 98373 19 98891 18 99410 17 99928 15 100447 13 100965 12 101484 10 102003 7
a4816cc1fb76cb3c5e481186833fc0ae9cf426a1406a2607e974e65e9cddba4f,123288 2 123804 10 124321 14 124840 16 125359 17 125878 17 126398 17 126919 16 127439 15 127959 13 128479 11 129001 6 129521 4 130041 2 130560 2
a4816cc1fb76cb3c5e481186833fc0ae9cf426a1406a2607e974e65e9cddba4f,54287 8 54804 12 55321 14 55838 16 56357 15 56876 14 57395 14 57914 13 58433 12 58952 12 59472 10 59992 8 60514 2
a4816cc1fb76cb3c5e481186833fc0ae9cf426a1406a2607e974e65e9cddba4f,15900 3 16414 10 16929 16 17446 18 17963 20 18480 22 18999 22 19519 21 20040 18 20561 15 21083 9
a4816cc1fb76cb3c5e481186833fc0ae9cf426a1406a2607e974e65e9cddba4f,105687 7 106203 13 106720 17 107238 18 107755 21 108273 22 108792 23 109310 24 109829 23 110347 24 110866 23 111385 23 111904 22 112424 19 112944 15 113466 7
a4816cc1fb76cb3c5e481186833fc0ae9cf426a1406a2607e974e65e9cddba4f,67292 3 67809 7 68326 8 68844 9 69362 10 69880 10 70399 10 70917 10 71435 10 71954 10 72472 9 72991 8 73510 7 74029 5
a4816cc1fb76cb3c5e481186833fc0ae9cf426a1406a2607e974e65e9cddba4f,118161 8 118676 15 119193 20 119711 23 120230 25 120748 27 121267 28 121786 28 122305 28 122824 29 123343 28 123862 28 124382 27 124901 26 125421 24 125941 22 126461 20 126982 16 127502 14 128022 12 128542 10 129065 2
a4816cc1fb76cb3c5e481186833fc0ae9cf426a1406a2607e974e65e9cddba4f,22152 2 22668 8 23184 12 23701 15 24219 17 24738 17 25256 17 25775 17 26294 16 26812 17 27331 16 27850 15 28368 16 28887 14 29406 13 29926 11 30445 9 30965 6
a4816cc1fb76cb3c5e481186833fc0ae9cf426a1406a2607e974e65e9cddba4f,85993 3 86510 7 87027 10 87545 11 88063 13 88582 14 89100 15 89618 16 90137 15 90656 15 91174 15 91693 15 92212 14 92731 13 93250 12 93770 9 94291 4
a4816cc1fb76cb3c5e481186833fc0ae9cf426a1406a2607e974e65e9cddba4f,46037 5 46555 6 47072 8 47591 8 48110 8 48628 9 49146 10 49665 10 50184 10 50703 9 51222 8 51741 8 52260 7 52779 6 53300 3
a4816cc1fb76cb3c5e481186833fc0ae9cf426a1406a2607e974e65e9cddba4f,900 23 1419 22 1937 21 2456 20 2974 20 3493 19 4011 18 4530 17 5050 15 5570 12 6089 10 6611 5
a4816cc1fb76cb3c5e481186833fc0ae9cf426a1406a2607e974e65e9cddba4f,87586 6 88102 10 88618 13 89136 15 89654 16 90172 17 90690 18 91209 18 91728 18 92248 17 92768 16 93288 14 93808 12 94329 9 94851 4
a4816cc1fb76cb3c5e481186833fc0ae9cf426a1406a2607e974e65e9cddba4f,30004 7 30520 12 31037 14 31554 16 32072 16 32590 17 33108 17 33626 17 34145 16 34663 16 35182 15 35702 12 36222 7
a4816cc1fb76cb3c5e481186833fc0ae9cf426a1406a2607e974e65e9cddba4f,52321 3 52837 9 53354 12 53872 13 54391 13 54909 14 55428 13 55947 13 56466 13 56985 11 57505 9 58025 4
a4816cc1fb76cb3c5e481186833fc0ae9cf426a1406a2607e974e65e9cddba4f,107336 5 107854 7 108373 8 108891 10 109410 11 109929 11 110448 11 110967 12 111486 13 112005 13 112525 12 113044 12 113563 12 114082 13 114601 13 115121 12 115640 12 116159 12 116679 11 117198 10 117717 10 118237 9 118756 7 119276 5 119795 4 120314 3 120833 2 121352 1 121871 1 122390 1 122909 1 123427 2 123945 4 124463 5 124981 6 125499 8 126017 9 126535 11 127053 12 127572 12 128091 12 128610 12 129129 12 129648 12 130168 10 130687 10
a4816cc1fb76cb3c5e481186833fc0ae9cf426a1406a2607e974e65e9cddba4f,966 10 1485 10 2003 12 2521 14 3038 16 3555 18 4073 19 4591 19 5110 19 5629 18 6148 18 6667 17 7186 16 7705 14 8225 12 8745 9 9267 4
a4816cc1fb76cb3c5e481186833fc0ae9cf426a1406a2607e974e65e9cddba4f,72587 1 73103 6 73622 7 74140 9 74659 9 75177 10 75696 11 76215 11 76734 11 77253 11 77772 11 78291 11 78810 10 79329 10 79848 10 80368 9 80887 8 81407 7 81926 6 82446 5 82965 5 83485 3 84005 1
a4816cc1fb76cb3c5e481186833fc0ae9cf426a1406a2607e974e65e9cddba4f,47177 4 47694 7 48211 9 48729 10 49247 10 49765 11 50283 12 50802 11 51321 11 51839 11 52358 11 52876 11 53395 11 53914 10 54433 10 54951 10 55470 10 55989 9 56507 9 57026 9 57545 8 58065 7 58584 6 59104 3
a4816cc1fb76cb3c5e481186833fc0ae9cf426a1406a2607e974e65e9cddba4f,37863 2 38381 5 38900 6 39419 7 39938 7 40457 8 40976 8 41495 9 42014 9 42534 8 43053 9 43572 9 44092 8 44611 8 45130 8 45649 8 46169 7 46689 5 47208 5 47728 3
a4816cc1fb76cb3c5e481186833fc0ae9cf426a1406a2607e974e65e9cddba4f,81992 5 82509 9 83026 14 83544 15 84062 16 84580 17 85098 16 85616 16 86135 15 86653 15 87172 14 87690 14 88209 13 88728 12 89246 13 89765 12 90284 11 90802 11 91321 10 91841 8 92361 5
a4816cc1fb76cb3c5e481186833fc0ae9cf426a1406a2607e974e65e9cddba4f,115723 6 116242 8 116760 11 117279 13 117798 15 118318 14 118837 14 119357 13 119876 13 120395 13 120915 12 121434 12 121954 11 122473 11 122992 11 123512 10 124032 9 124551 9 125071 8 125591 7 126111 6 126631 5 127150 5 127670 4 128189 4 128708 4 129227 4 129746 4 130265 4 130783 5
a984e7fb886aa02e29d112766d3ce26a4f78eac540ce7bbdbd42af2761928f6d,521 2 1040 1 1559 1 3635 1 4154 1 4673 2 5192 3 5711 5 5718 1 6230 8 6749 8 7268 8 7787 8 8306 5 8825 2
a984e7fb886aa02e29d112766d3ce26a4f78eac540ce7bbdbd42af2761928f6d,45674 1 46193 2 46712 4 46719 2 47231 9 47750 10 48269 10 48788 9 49307 9 49826 8 50345 7 50864 7 51383 6 51904 3 52423 3 52943 1 53461 3 53980 3 54497 6 55016 8 55536 7 56058 3
a984e7fb886aa02e29d112766d3ce26a4f78eac540ce7bbdbd42af2761928f6d,61251 6 61769 9 62288 11 62806 14 63325 14 63843 15 64361 16 64880 16 65400 4 65408 8 65919 2 65931 4 66452 3 66973 2 67494 2 68014 2 68534 2 69055 1
a984e7fb886aa02e29d112766d3ce26a4f78eac540ce7bbdbd42af2761928f6d,76333 5 76823 1 76839 2 76851 6 77342 5 77357 3 77369 7 77862 7 77874 6 77887 8 78381 20 78404 10 78901 31 79421 30 79941 28 80462 23 80982 20 81501 20 82022 16 82541 16
a984e7fb886aa02e29d112766d3ce26a4f78eac540ce7bbdbd42af2761928f6d,546 5 1065 5 1584 6 2103 6 2623 5 3142 5 3661 5 4181 3 4700 4 5220 3 5739 4 6258 4 6776 6 7295 6 7813 7 8330 9 8848 10 9367 10 9887 10 10407 9 10927 8 11447 7 11967 6 12487 6 13007 5 13527 5 14047 6 14566 14 15086 13 15605 13 16125 11 16645 9 17167 4
a984e7fb886aa02e29d112766d3ce26a4f78eac540ce7bbdbd42af2761928f6d,43626 2 44145 2 44663 3 45182 3 45700 4 46219 4 46738 5 47256 6 47775 7 48292 9 48812 7 49331 6 49851 5 50370 4 50889 5 51409 4 51928 6 52448 10 52968 10 53487 10 54007 8 54526 8 55046 7 55565 7 56085 6 56604 7 57124 6 57643 7 58162 7 58682 6 59203 4
a984e7fb886aa02e29d112766d3ce26a4f78eac540ce7bbdbd42af2761928f6d,22345 2 22863 4 23382 5 23901 5 24420 5
a984e7fb886aa02e29d112766d3ce26a4f78eac540ce7bbdbd42af2761928f6d,569 12 1088 12 1607 11 2126 11 2645 11 3164 11 3683 10 4203 9 4722 9 5241 9 5760 9 6279 9 6798 9 7318 8 7838 6
a984e7fb886aa02e29d112766d3ce26a4f78eac540ce7bbdbd42af2761928f6d,47800 1 48318 2 48835 6 49354 8 49877 4 50398 2 50917 2 51437 1 51956 1 52475 2 52994 1 53513 1
a984e7fb886aa02e29d112766d3ce26a4f78eac540ce7bbdbd42af2761928f6d,42095 1 42614 1 43131 4 43651 3 44170 4 44688 5 45207 2 45210 2
a984e7fb886aa02e29d112766d3ce26a4f78eac540ce7bbdbd42af2761928f6d,68561 1 68567 2 69080 3 69084 4 69599 8 70118 8 70637 9 71157 8 71676 7 72196 6 72716 6 73239 2 73760 1 74280 2 74284 7 74800 13 75320 13 75839 13 76359 12 76878 12 77398 11 77917 11 78436 11 78955 12 79474 12 79993 12 80512 12 81031 12 81550 12 82070 12 82589 12
a984e7fb886aa02e29d112766d3ce26a4f78eac540ce7bbdbd42af2761928f6d,8909 7 9427 9 9946 9 10465 10 10984 10 11503 10 12022 10 12541 10 13060 10 13579 10 14097 11 14616 11 15134 12 15653 12 16172 12 16691 12 17210 12 17729 12 18248 12 18767 12 19286 12 19805 11 20324 11 20843 10 21362 10 21881 10 22400 10 22919 10 23438 10 23957 10 24476 11 24995 11 25514 11 26033 12 26551 12 27070 12 27588 13 28107 14 28627 12 29146 12 29666 10 30185 9 30704 9 31223 8 31742 8 32261 7 32780 7 33299 6 33818 5 34338 4
a984e7fb886aa02e29d112766d3ce26a4f78eac540ce7bbdbd42af2761928f6d,51998 4 52516 5 53035 6 53554 6 54073 6 54592 6 55112 5 55632 4 56152 3 56671 3 57191 1 57710 1 58229 1 58748 1 59267 1 59786 1 60305 1 60824 1 61342 2 61861 2 62378 4 62894 7 63413 7 63932 7 64451 7 64970 7 65489 7 66007 9 66526 9 67045 9 67563 10 68082 10 68602 9 69121 9 69641 8 70160 8 70679 8 71198 8 71717 8 72236 8 72755 8 73274 8 73793 8 74312 8 74831 8 75350 7 75870 6 76389 4
a984e7fb886aa02e29d112766d3ce26a4f78eac540ce7bbdbd42af2761928f6d,36456 1 36975 1 37492 3 38003 5 38009 5 38521 12 39040 12 39559 12 40078 12 40597 12 41116 12 41635 12 42154 11 42673 11 43192 11 43711 11 44230 11 44749 11 45268 11 45787 10 46306 10 46826 8 47345 7 47864 6
a984e7fb886aa02e29d112766d3ce26a4f78eac540ce7bbdbd42af2761928f6d,640 7 1159 8 1676 10 2196 9 2715 10 3234 10 3753 10 4272 10 4791 10 5310 9 5830 8 6350 6 6870 3
a984e7fb886aa02e29d112766d3ce26a4f78eac540ce7bbdbd42af2761928f6d,12058 6 12576 8 13095 9 13614 9 14133 11 14652 11 15171 12 15690 13 16209 13 16734 8 17257 5 17778 3 18299 2 18819 2 19339 1 19859 1
a984e7fb886aa02e29d112766d3ce26a4f78eac540ce7bbdbd42af2761928f6d,76431 2 76950 7 77469 10 77988 13 78508 16 79027 17 79545 19 80064 19 80582 2 80591 3 80595 7 81116 6 81638 3 82159 1 82678 1
a984e7fb886aa02e29d112766d3ce26a4f78eac540ce7bbdbd42af2761928f6d,20910 3 21429 3 21947 4 22466 5 22985 5 23503 6 24022 7 24542 6 25060 8 25580 7 26103 4 26624 2 27144 2 27664 1
a984e7fb886aa02e29d112766d3ce26a4f78eac540ce7bbdbd42af2761928f6d,41672 1 42191 2 42710 4 42716 2 43229 8 43748 8 44268 7 44787 7 45306 6 45825 6 46344 6 46863 6 47382 7 47900 8 48419 8 48938 8 49457 8 49976 8 50495 8 51015 7 51534 6 52055 4 52574 4 53095 2
a984e7fb886aa02e29d112766d3ce26a4f78eac540ce7bbdbd42af2761928f6d,681 6 1200 5 1718 6 2237 5 2755 6 3274 6 3792 7 4311 7 4829 8 5348 9 5867 9 6385 10 6904 10 7422 11 7941 10 8460 9 8979 9 9498 8 10017 8 10536 7 11055 7 11574 6 12093 6 12612 6 13131 5 13650 5 14169 4 14688 3 15207 3
a984e7fb886aa02e29d112766d3ce26a4f78eac540ce7bbdbd42af2761928f6d,67631 4 68149 5 68667 7 69186 8 69707 6
a984e7fb886aa02e29d112766d3ce26a4f78eac540ce7bbdbd42af2761928f6d,54175 3 54692 7 55209 11 55221 2 55731 10
a984e7fb886aa02e29d112766d3ce26a4f78eac540ce7bbdbd42af2761928f6d,44835 1 45354 1 45872 3 46391 3 46909 5 47428 5 47947 6 48467 6 48987 5 49506 6 50026 5 50545 6 51064 1 51068 2 51589 1
a984e7fb886aa02e29d112766d3ce26a4f78eac540ce7bbdbd42af2761928f6d,2810 2 3329 1 3847 2 4366 1 4884 2 5403 1 5920 3 6433 8 6954 5 7473 4 7993 3 8511 3 9030 3 9547 6 10067 5 10588 3 11107 3 11627 2 12147 1
a984e7fb886aa02e29d112766d3ce26a4f78eac540ce7bbdbd42af2761928f6d,20471 5 20989 5 21507 6 22026 6 22544 7 23062 8 23580 8 24099 8 24619 6 25138 5 25658 3 26177 3 26696 2 27215 2 27734 1 28253 1
a984e7fb886aa02e29d112766d3ce26a4f78eac540ce7bbdbd42af2761928f6d,3877 1 4397 7 4917 10 5437 12 5958 11 6478 12 6999 13 7520 13 8044 11 8566 11 9087 12 9608 12 10127 12 10647 12 11165 13 11684 14 12193 2 12201 18 12710 2 12720 19 13228 2 13240 16 13747 1 13759 15 14265 2 14279 14 14784 1 14797 14 15302 3 15316 14 15821 3 15833 16 16339 5 16350 18 16858 7 16866 7 16876 12 17377 13 17397 10 17896 13 17916 10 18415 12 18436 9 18934 12 18956 8 19453 11 19475 8 19973 10 19995 7 20493 8 21013 6 21534 2
a984e7fb886aa02e29d112766d3ce26a4f78eac540ce7bbdbd42af2761928f6d,44386 2 44906 2 45424 4 45943 5 46461 7 46982 5 47503 4 48022 4 48542 4 49061 4 49581 4 50100 4 50621 2 51140 2 51660 1 52179 2 52698 2 53217 2 53735 4 54254 4 54772 4 55290 5 55809 4 56328 4 56847 4 57365 5 57884 4 58402 5 58920 5 59441 3 59962 1
a984e7fb886aa02e29d112766d3ce26a4f78eac540ce7bbdbd42af2761928f6d,62039 1 62557 3 63076 4 63594 6 64113 7 64634 5 65155 3 65675 2 66194 1
a984e7fb886aa02e29d112766d3ce26a4f78eac540ce7bbdbd42af2761928f6d,75028 1 75538 3 75545 2 76057 10 76576 10 77096 9 77615 10 78135 8 78655 7 79177 3
a984e7fb886aa02e29d112766d3ce26a4f78eac540ce7bbdbd42af2761928f6d,805 13 824 2 1324 13 1343 1 1844 14 1860 2 2363 18 2882 17 3402 15 3921 14 4440 13 4959 12 5477 12 5996 11 6516 9 7037 5
a984e7fb886aa02e29d112766d3ce26a4f78eac540ce7bbdbd42af2761928f6d,21063 4 21581 5 22100 6 22619 7 23138 7 23657 8 24177 6 24696 6 25215 5 25735 4 26254 4 26773 4 27292 2
a984e7fb886aa02e29d112766d3ce26a4f78eac540ce7bbdbd42af2761928f6d,31443 1 31962 3 31969 2 32481 10 33000 10 33519 10 34037 11 34556 11 35075 12 35594 11 36113 10 36632 8 37151 7 37670 7 38189 6 38708 6 39227 6 39746 6 40265 4
a984e7fb886aa02e29d112766d3ce26a4f78eac540ce7bbdbd42af2761928f6d,51687 4 52206 4 52725 4 53244 4 53763 4 54282 5 54801 5 55321 4 55840 4 56360 3 56879 4 57398 4 57917 5 58436 7 58956 9 59475 9 59995 8 60514 7 61033 8 61553 7 62072 8 62591 8 63111 7 63631 7 64150 7 64670 7 65189 8 65708 9 66228 9 66747 9 67266 8 67785 8 68305 7 68824 7 69343 7 69862 7 70381 8 70900 8 71418 10 71937 9 72455 9 72974 8 73493 8 74012 7 74531 7 75050 7 75569 7 76089 6 76608 6 77128 6 77647 6 78167 6 78686 6 79206 6 79726 5 80246 5 80766 4 81287 3 81809 1
a984e7fb886aa02e29d112766d3ce26a4f78eac540ce7bbdbd42af2761928f6d,842 10 1361 9 1879 10 2398 10 2917 10 3436 10 3955 10 4474 9 4993 9 5512 9 6031 8 6550 8 7069 8 7589 7
a984e7fb886aa02e29d112766d3ce26a4f78eac540ce7bbdbd42af2761928f6d,47040 3 47050 1 47557 5 47569 1 48075 7 48087 2 48594 9 48604 5 49112 16 49631 16 50150 16 50670 15 51191 13 51712 11 52234 1 52238 4 52759 3 53278 3 53798 4 54316 7 54835 9 55352 13 55867 17 56387 16 56906 7 56916 7 57426 4 57437 5 57945 4 57957 5 58465 2 58476 5 58984 2 58996 4 59504 1 59515 4 60023 1 60034 5 60542 1 60553 5 61061 1 61072 5 61580 1 61590 6 62099 1 62110 5 62631 2
a984e7fb886aa02e29d112766d3ce26a4f78eac540ce7bbdbd42af2761928f6d,29930 2 30449 3 30968 3 31488 2 32006 3 32525 2 33043 3 33560 6 34080 5 34600 4 35120 3 35639 3 36159 2
a984e7fb886aa02e29d112766d3ce26a4f78eac540ce7bbdbd42af2761928f6d,70927 2 71447 3 71453 2 71966 8 72485 9 73004 10 73523 11 74043 10 74563 7 75084 1
a984e7fb886aa02e29d112766d3ce26a4f78eac540ce7bbdbd42af2761928f6d,5040 5 5545 6 5556 8 6063 19 6582 19 7102 19 7621 19 8139 21 8658 23 9176 26 9693 29 10212 6 10224 18 10732 3 10747 15 11251 3 11268 13 11771 1 11789 12 12290 2 12309 12 12808 3 12829 11 13327 3 13349 11 13869 11 14391 9 14912 8 15431 9 15951 10 16470 12 16989 16 17508 19 18027 21 18546 23 19066 23 19586 14 19603 6 20106 11 20124 5 20627 9 20643 7 21148 6 21163 7 21669 4 21681 9 22190 3 22200 11 22711 1 22718 13 23231 2 23235 16 23751 21 24272 20 24791 22 25311 22 25831 22 26351 22 26871 7 26879 14 27391 4 27400 13 27912 2 27921 12 28442 11 28962 10 29481 11 30001 10 30520 11 31038 12 31557 13 32074 15 32591 18 33111 17 33631 17 34151 16 34671 15 35191 14 35711 14 36231 12 36751 11 37271 10 37792 7 38314 3
a984e7fb886aa02e29d112766d3ce26a4f78eac540ce7bbdbd42af2761928f6d,24242 2 24761 2 25279 4 25798 5 26315 7 26832 8 27350 10 27869 10 28388 10 28908 9 29427 9 29947 9 30467 8 30987 7 31506 6 32026 5 32546 4 33065 3 33585 2 34104 2 34623 1
a984e7fb886aa02e29d112766d3ce26a4f78eac540ce7bbdbd42af2761928f6d,39806 4 40325 4 40843 4 41362 4 41881 4 42400 3 42920 2
a984e7fb886aa02e29d112766d3ce26a4f78eac540ce7bbdbd42af2761928f6d,66813 1 67331 2 67850 3 68368 4 68886 5 69405 6 69923 7 70440 10 70958 11 71479 9 71999 9 72518 9 73038 9 73557 10 74075 11 74594 12 75112 13 75630 14 76144 2 76147 15 76664 17 77183 16 77703 15 78223 14 78743 13 79263 11 79783 10 80307 1
a984e7fb886aa02e29d112766d3ce26a4f78eac540ce7bbdbd42af2761928f6d,48124 7 48641 15 49160 16 49678 18 50195 5 50206 9 50714 3 50727 7 51233 2 51247 6 51752 1 51767 5 52271 1 52286 5 52806 4 53325 4 53844 4 54363 4 54884 2 55404 1 55923 1
a984e7fb886aa02e29d112766d3ce26a4f78eac540ce7bbdbd42af2761928f6d,56427 6 56946 6 57466 6 57480 1 57987 4 57999 1 58507 5 58516 3 59027 10 59546 10 60066 8 60585 8 61104 8 61622 9 62141 8 62659 9 63176 7 63695 5 64216 3 64736 1 65255 1
a984e7fb886aa02e29d112766d3ce26a4f78eac540ce7bbdbd42af2761928f6d,900 11 1419 11 1938 9 2457 7
a984e7fb886aa02e29d112766d3ce26a4f78eac540ce7bbdbd42af2761928f6d,78772 3 79291 4 79809 6 80328 7 80846 9 81365 9 81883 10 82401 11 82919 13
a984e7fb886aa02e29d112766d3ce26a4f78eac540ce7bbdbd42af2761928f6d,54393 2 54910 4 55427 5 55946 5 56466 4 56986 3 57507 1
a984e7fb886aa02e29d112766d3ce26a4f78eac540ce7bbdbd42af2761928f6d,42468 4 42985 8 43504 9 44022 11 44541 11 45060 3 45066 6 45579 1 45588 4 46098 1 46109 2 46630 2 47150 1
a984e7fb886aa02e29d112766d3ce26a4f78eac540ce7bbdbd42af2761928f6d,50270 1 50788 2 51307 2 51826 3 52346 2 52865 2 53384 2 53903 2 54421 3 54940 2 55458 3 55976 3 56493 6 57010 8 57526 12 58045 12 58564 13 59084 13 59604 13 60125 12 60645 11 61166 9 61688 6 62209 4 62730 3 63250 2 63769 4 64289 6 64808 11 65327 12 65846 12 66366 11 66885 11 67404 12 67924 11 68443 12 68962 13 69481 13 70001 13 70520 13 71040 12 71559 13 72078 13 72597 13 73117 12 73636 12 74155 12 74675 11 75194 11 75714 10 76233 10 76753 6 76760 2 77272 4 77281 1 77792 3 77800 1 78311 2 78830 2 79350 2 79357 1 79869 2 79876 1 80389 3 80393 3 80908 7 81428 6 81950 4 82471 2 82990 3
a984e7fb886aa02e29d112766d3ce26a4f78eac540ce7bbdbd42af2761928f6d,7724 4 8244 6 8763 8 9284 7 9803 8 10324 7 10843 9 11364 9 11885 8 12407 6
a984e7fb886aa02e29d112766d3ce26a4f78eac540ce7bbdbd42af2761928f6d,73697 1 74214 3 74733 3 75250 5 75768 6 76286 7 76804 6 77322 7 77839 8 78357 9 78875 10 79393 10 79911 11 80430 10 80948 10 81467 10 81985 10 82504 10 83022 12
a984e7fb886aa02e29d112766d3ce26a4f78eac540ce7bbdbd42af2761928f6d,11406 5 11925 6 12443 7 12962 8 13481 8 13999 10 14518 11 15038 10 15557 10 16076 9 16596 7 17115 7 17634 6 18153 5 18673 3 19192 3
a984e7fb886aa02e29d112766d3ce26a4f78eac540ce7bbdbd42af2761928f6d,23349 1 23869 2 24388 3 24908 4 25427 4 25946 4 26466 3 26986 2 27506 1 28025 1
ab298b962a63e4be9582513aaa84a5e270adba5fd2b16a50e59540524f63c3b8,41990 3 42245 5 42499 7 42754 8 43010 8 43266 8 43522 8 43778 8 44034 8 44290 8 44546 8 44802 7 45060 5 45317 3
ab298b962a63e4be9582513aaa84a5e270adba5fd2b16a50e59540524f63c3b8,26485 2 26740 4 26995 5 27250 6 27506 6 27761 7 28016 8 28272 8 28528 8 28783 8 29039 8 29295 7 29551 6 29807 5 30063 3
ab298b962a63e4be9582513aaa84a5e270adba5fd2b16a50e59540524f63c3b8,21669 6 21924 7 22179 8 22434 9 22690 9 22946 7 23205 1
ab298b962a63e4be9582513aaa84a5e270adba5fd2b16a50e59540524f63c3b8,64424 4 64680 6 64936 7 65192 7
ab298b962a63e4be9582513aaa84a5e270adba5fd2b16a50e59540524f63c3b8,4019 5 4275 6 4531 6 4787 6
ab298b962a63e4be9582513aaa84a5e270adba5fd2b16a50e59540524f63c3b8,15615 1 15868 4 16122 6 16377 7 16632 8 16887 9 17142 10 17397 11 17653 11 17909 11 18166 8
ab298b962a63e4be9582513aaa84a5e270adba5fd2b16a50e59540524f63c3b8,53501 1 53754 6 54010 6 54266 6 54521 7 54777 7 55033 7 55289 7 55545 7 55801 7 56057 7 56314 6 56570 6 56826 6 57083 5 57340 4
ade080c6618cbbb0a25680cf847f312b5e19b22bfe1cafec0436987ebe5b1e7e,331302 4 331818 10 332336 13 332855 15 333374 16 333893 18 334413 18 334933 18 335452 20 335972 20 336493 20 337013 20 337533 20 338053 20 338573 21 339093 21 339613 22 340133 22 340653 23 341173 24 341693 25 342213 27 342733 29 343253 34 343773 36 344292 39 344812 40 345331 42 345851 42 346371 42 346890 43 347410 43 347929 44 348449 44 348969 43 349489 43 350009 43 350529 43 351049 42 351569 42 352090 41 352610 40 353131 39 353651 39 354172 37 354692 37 355213 35 355733 35 356254 34 356775 32 357296 30 357818 28 358339 26 358860 25 359380 24 359901 23 360421 23 360941 23
ade080c6618cbbb0a25680cf847f312b5e19b22bfe1cafec0436987ebe5b1e7e,279331 17 279848 22 280366 26 280884 30 281402 33 281920 36 282439 38 282957 40 283475 43 283994 44 284513 45 285032 46 285551 47 286070 47 286589 48 287108 24 287145 11 287628 20 288147 19 288666 19 289186 17 289705 16 290225 15 290745 13 291264 13 291784 12 292303 12 292823 11 293343 10 293863 9 294382 10 294902 9 295422 9 295942 8 296463 7 296983 6 297503 5 298024 4 298545 2
ade080c6618cbbb0a25680cf847f312b5e19b22bfe1cafec0436987ebe5b1e7e,77571 5 78087 11 78604 16 79123 17 79641 18 80160 19 80679 19 81198 20 81718 19 82237 20 82757 20 83277 19 83797 19 84317 18 84837 18 85358 16 85879 13 86400 10 86922 4
ade080c6618cbbb0a25680cf847f312b5e19b22bfe1cafec0436987ebe5b1e7e,178969 1 179489 2 180009 2 180529 2 181049 3 181569 2 182088 3 182608 3 183127 3 183646 4 184165 4 184685 4 185204 4 185724 3 186243 4 186762 4 187281 4 187800 4 188320 3 188839 2
ade080c6618cbbb0a25680cf847f312b5e19b22bfe1cafec0436987ebe5b1e7e,85432 3 85926 4 85946 11 85977 2 86445 7 86464 15 86492 9 86964 61 87483 63 88003 64 88522 65 89041 67 89561 67 90080 29 90122 26 90599 28 90644 24 91119 14 91166 22 91638 12 91688 19 92157 9 92209 18 92677 7 92730 16 93196 6 93252 13 93715 6 93773 11 94235 5 94754 5 95273 6 95792 6 96311 6 96832 2
ade080c6618cbbb0a25680cf847f312b5e19b22bfe1cafec0436987ebe5b1e7e,284100 1 284620 1 285139 2 285659 2 286178 3 286698 3 287218 3 287739 3 288259 3 288780 2 289301 2 289822 1 290343 1
ade080c6618cbbb0a25680cf847f312b5e19b22bfe1cafec0436987ebe5b1e7e,280482 1 281002 6 281522 8 282043 7 282563 6 283084 4 283604 3 284124 3 284644 2 285164 2 285684 1 286204 1 286723 2 287243 2 287763 2 288282 3 288802 3 289321 4 289840 5 290359 6 290877 8 291396 10 291914 12 292428 18 292949 18 293470 17 293992 16 294513 15 295035 13 295557 9
ade080c6618cbbb0a25680cf847f312b5e19b22bfe1cafec0436987ebe5b1e7e,286784 2 287302 6 287821 9 288340 11 288858 15 289378 17 289897 19 290398 3 290415 22 290917 8 290933 25 291437 42 291957 42 292476 44 292996 45 293516 45 294035 47 294555 47 295074 49 295593 50 296112 52 296631 53 297152 52 297672 51 298193 50 298714 25 298748 14 299235 22 299755 20 300276 18 300797 17 301318 15 301839 14 302361 11 302882 9 303407 1
ade080c6618cbbb0a25680cf847f312b5e19b22bfe1cafec0436987ebe5b1e7e,31012 6 31530 9 32047 11 32565 11 33083 11 33587 23 34102 26 34618 25 35133 27 35651 27 36168 28 36686 28 37204 29 37722 30 38241 29 38759 30 39278 30 39797 30 40317 29 40836 30 41354 31 41872 32 42391 33 42909 34 43424 38 43943 39 44464 37 44985 34 45507 30 46034 15
ade080c6618cbbb0a25680cf847f312b5e19b22bfe1cafec0436987ebe5b1e7e,332600 1 333120 2 333640 3 334160 5 334680 6 335200 7 335720 8 336240 8 336760 9 337280 9 337799 10 338319 10 338838 11 339357 12 339876 12 340396 12 340886 1 340915 12 341407 2 341434 12 341929 2 341952 12 342450 3 342460 1 342470 13 342973 29 343495 25 344017 21 344547 6 345070 1
ade080c6618cbbb0a25680cf847f312b5e19b22bfe1cafec0436987ebe5b1e7e,242183 1 242702 2 243222 2 243742 3 244262 3 244782 3 245303 3 245823 3 246344 2 246864 2 247385 1
ade080c6618cbbb0a25680cf847f312b5e19b22bfe1cafec0436987ebe5b1e7e,47724 2 48243 13 48762 11 49280 10 49799 9 50318 4
ade080c6618cbbb0a25680cf847f312b5e19b22bfe1cafec0436987ebe5b1e7e,237539 4 238059 5 238579 5 239099 5 239619 5 240139 4 240659 4 241179 4 241699 3 242219 2 242739 2 243259 1 243778 2 244298 1 244818 1 245337 1 245857 1 246376 1 246894 3 247414 2 247933 3 248453 2 248972 2 249490 2
ade080c6618cbbb0a25680cf847f312b5e19b22bfe1cafec0436987ebe5b1e7e,37866 4 38386 5 38906 7 39426 7 39946 7 40466 8 40986 8 41506 9 42026 9 42546 8 43066 7 43586 7 44106 5 44625 5 45145 4 45664 4 46182 3 46701 2 47220 1
ade080c6618cbbb0a25680cf847f312b5e19b22bfe1cafec0436987ebe5b1e7e,165287 18 165805 23 166323 29 166842 40 167361 43 167881 46 168401 47 168921 48 169442 48 169962 49 170483 48 171004 48 171526 45 172050 41 172572 38 173095 34 173635 5
ade080c6618cbbb0a25680cf847f312b5e19b22bfe1cafec0436987ebe5b1e7e,285447 1 285964 8 286480 16 286996 24 287514 28 288032 32 288550 35 289068 38 289587 40 290105 43 290624 44 291143 44 291663 43 292182 30 292219 6 292703 24 292741 4 293223 5 293235 10 293263 1 293743 3 293757 6 294263 2 294278 2 294783 1
ade080c6618cbbb0a25680cf847f312b5e19b22bfe1cafec0436987ebe5b1e7e,311454 6 311972 11 312491 15 313010 16 313530 7 314050 5 314569 4
ade080c6618cbbb0a25680cf847f312b5e19b22bfe1cafec0436987ebe5b1e7e,117507 1 118025 5 118544 8 119064 7 119585 6 120106 5 120627 4 121148 3 121669 2 122190 1
ade080c6618cbbb0a25680cf847f312b5e19b22bfe1cafec0436987ebe5b1e7e,83711 1 84230 1 84749 2 85268 3 85787 3 86306 4 86826 4 87346 4 87866 4 88386 3 88906 3 89427 2 89947 2 90468 1 90988 1
b83d1d77935b6cfd44105b54600ffc4b6bd82de57dec65571bcb117fa8398ba3,161534 1 162057 3 162580 4 163103 5 163627 4 164151 4 164676 3
b83d1d77935b6cfd44105b54600ffc4b6bd82de57dec65571bcb117fa8398ba3,109226 2 109750 3 110273 4 110797 4 111320 5 111843 6 112366 6 112889 6 113412 5 113935 5
b83d1d77935b6cfd44105b54600ffc4b6bd82de57dec65571bcb117fa8398ba3,134945 2 135468 3 135992 2 136515 3 137038 4 137562 4 138085 5 138609 5 138643 1 139132 6 139166 2 139655 7 139690 2 140178 7 140213 3 140702 6 140736 3 141225 2 141259 4 141748 2 141782 5 142271 3 142306 5 142794 4 142829 6 143318 4 143342 3 143353 6 143843 4 143863 8 143876 7 144368 3 144385 22 144893 3 144909 22 145418 2 145431 24 145943 2 145954 25 146468 2 146476 26 146993 22 147018 7 147517 20 147545 3 148042 17 148566 15 149090 15 149614 14 150138 13 150663 1 150672 2 151197 1
b83d1d77935b6cfd44105b54600ffc4b6bd82de57dec65571bcb117fa8398ba3,809 2 1332 6 1855 3 2379 1 2902 2 3426 1 3950 1 4473 2 4997 2 5520 3 6044 3 6568 2 7092 2 7616 2 8140 2 8663 3 9187 3 9711 3 10234 4 10758 4 11281 5 11806 4 12330 4 12854 3 13379 2 13904 1 14428 1
b83d1d77935b6cfd44105b54600ffc4b6bd82de57dec65571bcb117fa8398ba3,21256 1 21779 2 22301 4 22825 4 23347 6 23870 6 24393 6 24916 2 25439 2 25963 2 26486 3 27010 3 27533 4 28057 4 28581 3 29105 3 29629 2 30153 2 30677 2 31201 2 31725 2 32249 2 32773 3 33297 3 33821 3 34345 2 34869 2 35393 1 35917 1 36441 1 36964 2 37488 3 38012 5 38020 4 38537 10 39061 10 39586 7 40111 4
b83d1d77935b6cfd44105b54600ffc4b6bd82de57dec65571bcb117fa8398ba3,112951 3 113473 6 113996 6 114519 7 115042 7 115565 7 116089 4 116614 1
b83d1d77935b6cfd44105b54600ffc4b6bd82de57dec65571bcb117fa8398ba3,158547 2 159071 4 159594 6 160117 7 160641 8 161164 9 161687 10 162208 13 162730 16 163253 2 163263 7 163775 3 163789 5 164299 2 164314 5 164822 2 164838 5 165345 3 165362 5 165869 2 165886 6 166393 1 166410 6 166935 6 167459 7 167984 7 168512 4 169039 2 169563 3 170087 4 170611 5 171135 5 171659 5 172182 6 172706 6 173229 8 173753 7 174276 8 174799 9 175323 8 175846 9 176369 10 176893 9 177417 9 177942 7 178468 2
b83d1d77935b6cfd44105b54600ffc4b6bd82de57dec65571bcb117fa8398ba3,57931 1 58455 1 58978 2 59501 4 60024 5 60547 6 61071 6 61596 5 62120 5 62645 4 63169 4 63693 4 64217 3 64741 3 64753 2 65265 3 65277 2 65789 3 65801 3 66313 3 66325 4 66837 3 66848 5 67361 4 67371 7 67885 15 68409 13 68933 12 69457 11 69981 11 70506 9 71031 8 71556 7 72081 6 72606 4 73131 3 73655 3 74179 2 74703 2 75227 2 75750 3 76274 3 76798 3 77321 3 77845 3 78368 3
b83d1d77935b6cfd44105b54600ffc4b6bd82de57dec65571bcb117fa8398ba3,77872 1 78395 3 78918 4 79441 5 79955 3 79962 8 80478 17 81002 17 81526 17 82050 17 82574 17 83098 17 83622 17 84146 17 84670 6 84681 6 85194 6 85205 6 85717 6 85729 6 86241 6 86254 4 86764 6 86778 4 87288 6 87303 2 87811 6 87827 2 88332 7 88853 8 89376 8 89899 7 90423 5 90947 4 91470 4 91994 4 92517 4 93040 5 93560 8 94086 5 94611 4 95136 3 95660 2 96185 1
b83d1d77935b6cfd44105b54600ffc4b6bd82de57dec65571bcb117fa8398ba3,100917 1 101440 3 101963 5 102486 6 103010 6 103533 7 104057 7 104581 7 105105 7 105629 6 106153 6 106677 6 107201 6 107725 6 108249 6 108773 6 109297 6 109822 5 110347 5 110872 5 111399 2
b83d1d77935b6cfd44105b54600ffc4b6bd82de57dec65571bcb117fa8398ba3,158056 1 158575 8 159099 8 159623 8 160147 8 160672 7 161196 7 161720 7 162245 6 162769 6 163294 5 163818 5 164343 3 164869 1
b83d1d77935b6cfd44105b54600ffc4b6bd82de57dec65571bcb117fa8398ba3,60074 3 60597 5 61121 6 61645 6 62169 7 62693 7 63217 7 63741 7 64266 6 64790 6 65314 6 65838 6 66362 6 66887 6 67412 5 67936 5 68461 4 68986 2
b83d1d77935b6cfd44105b54600ffc4b6bd82de57dec65571bcb117fa8398ba3,176416 2 176940 2 177463 3 177987 4 178511 4 179035 4 179559 4 180084 3 180608 2
b83d1d77935b6cfd44105b54600ffc4b6bd82de57dec65571bcb117fa8398ba3,44372 2 44896 2 45419 3 45943 3 46467 3 46990 4 47514 4 48038 4 48562 4 49086 4 49610 4 50134 4 50658 4 51182 4 51706 4 52230 4 52754 3 53279 2
b83d1d77935b6cfd44105b54600ffc4b6bd82de57dec65571bcb117fa8398ba3,146043 1 146566 3 147090 3 147613 4 148137 5 148660 6 149184 5 149708 5 150232 4 150757 3
b83d1d77935b6cfd44105b54600ffc4b6bd82de57dec65571bcb117fa8398ba3,910 1 1433 3 1956 5 2479 8 3003 8 3526 9 4049 10 4573 10 5097 10 5620 12 6144 12 6667 12 7192 11 7716 10 8240 8 8764 7 9289 5 9813 5 10337 4 10862 2
b83d1d77935b6cfd44105b54600ffc4b6bd82de57dec65571bcb117fa8398ba3,38132 1 38654 3 39178 3 39701 4 40208 4 40224 5 40732 6 40748 5 41256 7 41271 6 41780 8 41795 7 42304 9 42318 8 42829 22 43354 22 43879 21 44403 22 44928 20 45453 17 45978 6 45989 3 46503 3 47028 1
b83d1d77935b6cfd44105b54600ffc4b6bd82de57dec65571bcb117fa8398ba3,20836 1 21359 3 21883 4 22407 5 22930 7 23454 9 23978 8 24501 9 25025 8 25549 8 26073 8 26596 8 27120 8 27644 7 28168 7 28692 6 29216 4 29741 1
b83d1d77935b6cfd44105b54600ffc4b6bd82de57dec65571bcb117fa8398ba3,933 3 1457 3 1981 3 2505 3 3029 3 3553 3 4076 4 4597 7 5120 9 5643 10 6167 11 6691 5 7215 4 7740 3 8264 3 8789 3 9313 3 9837 4 10362 4 10887 4 11413 1
b83d1d77935b6cfd44105b54600ffc4b6bd82de57dec65571bcb117fa8398ba3,99981 2 100504 3 101028 3 101551 3 102075 3 102599 2 103122 3 103646 3 104170 2 104694 1
b83d1d77935b6cfd44105b54600ffc4b6bd82de57dec65571bcb117fa8398ba3,37629 3 38151 5 38673 7 39196 7 39720 7 40244 7 40768 7 41292 7 41817 5 42342 4 42867 3 43392 1
b83d1d77935b6cfd44105b54600ffc4b6bd82de57dec65571bcb117fa8398ba3,23483 3 24006 5 24529 6 25053 6 25577 6 26100 6 26624 6 27148 6 27672 5 28195 6 28719 5 29243 5 29768 2 30292 1
b83d1d77935b6cfd44105b54600ffc4b6bd82de57dec65571bcb117fa8398ba3,69075 3 69598 4 70121 6 70645 6 71168 8 71692 8 72217 7 72741 7 73265 7 73790 6 74314 5 74838 4 75364 1
b83d1d77935b6cfd44105b54600ffc4b6bd82de57dec65571bcb117fa8398ba3,41834 2 42357 5 42881 6 43405 7 43928 9 43942 2 44452 9 44465 3 44976 16 45500 17 46025 15 46549 6 46558 6 47073 5 47084 4 47599 1 47608 4 48132 4 48656 3 49181 2
b83d1d77935b6cfd44105b54600ffc4b6bd82de57dec65571bcb117fa8398ba3,25605 1 26129 1 26652 3 27176 5 27699 7 28223 7 28747 7 29271 8 29794 9 30318 7 30843 5
b83d1d77935b6cfd44105b54600ffc4b6bd82de57dec65571bcb117fa8398ba3,120459 2 120982 3 121506 4 122030 3 122555 2 123079 2 123603 2 124128 1 124652 1 125176 1 125699 2 126223 2 126746 3 127270 2 127793 2
b83d1d77935b6cfd44105b54600ffc4b6bd82de57dec65571bcb117fa8398ba3,34550 3 35073 4 35596 5 36119 6 36643 6 37166 7 37690 6 38213 6 38737 5 39261 2
b83d1d77935b6cfd44105b54600ffc4b6bd82de57dec65571bcb117fa8398ba3,1027 9 1550 10 2073 12 2597 12 3121 12 3645 12 4169 11 4694 9 5220 4
b83d1d77935b6cfd44105b54600ffc4b6bd82de57dec65571bcb117fa8398ba3,49764 2 50286 4 50810 4 51333 5 51857 5 52381 5 52906 4 53431 3 53956 1
bdc789019cee8ddfae20d5f769299993b4b330b2d38d1218646cf89e77fbbd4d,81122 5 81642 7 82164 10 82686 10 83207 11 83727 12 84248 12 84768 13 85288 14 85808 15 86328 16 86848 17 87368 19 87888 20 88407 23 88927 24 89446 26 89964 29 90482 32 91002 32 91522 32 92042 33 92562 33 93082 34 93602 34 94122 35 94642 35 95162 36 95682 27 96204 22 96726 18 97249 9 97771 4
bdc789019cee8ddfae20d5f769299993b4b330b2d38d1218646cf89e77fbbd4d,119082 1 119602 3 120122 5 120642 7 121162 9 121682 11 122202 12 122722 14 123242 16 123762 17 124282 18 124802 19 125322 20 125842 20 126362 20 126882 21 127402 21 127922 21 128447 15 128971 9
bdc789019cee8ddfae20d5f769299993b4b330b2d38d1218646cf89e77fbbd4d,292767 4 293285 7 293802 11 294322 12 294842 12 295362 12 295882 12 296402 12 296922 11 297442 11 297962 11 298482 10 299002 10 299522 9 300042 9 300562 9 301082 9 301602 9 302122 9 302642 9 303162 9 303682 9 304202 9 304722 9 305242 9 305762 9 306282 9 306802 9 307322 8 307842 8 308362 8 308882 8 309402 7 309922 7 310442 7 310962 7 311482 6 312002 6 312522 5 313042 5 313562 4 314082 3 314602 2 315122 1
bdc789019cee8ddfae20d5f769299993b4b330b2d38d1218646cf89e77fbbd4d,187246 1 187766 3 188287 3 188808 3 189329 2 189850 2 190371 2 190891 2 191412 2 191932 2 192452 2 192972 2 193492 2 194012 3 194532 3 195052 3 195572 4 196092 4 196612 4 197132 4 197652 4 198172 4 198691 5 199211 5 199731 5 200251 4 200770 5 201290 4 201809 5 202328 5 202847 6 203366 6 203885 6 204403 8 204901 1 204922 8 205422 4 205441 8 205942 7 205959 9 206462 26 206983 24 207504 22 208025 19 208546 17 209069 13 209591 9 210113 5
bdc789019cee8ddfae20d5f769299993b4b330b2d38d1218646cf89e77fbbd4d,95223 2 95741 6 96258 12 96775 16 97283 29 97804 29 98325 29 98381 1 98846 28 98899 5 99367 28 99416 10 99888 29 99934 14 100409 30 100452 17 100930 60 101451 60 101972 60 102494 58 103016 57 103538 55 104059 55 104581 53 105103 52 105624 51 106146 49 106668 47 107190 44 107712 42 108233 40 108756 36 109278 33 109801 29 110326 20 110849 15
bdc789019cee8ddfae20d5f769299993b4b330b2d38d1218646cf89e77fbbd4d,138953 28 139471 32 139990 35 140509 39 141030 40 141551 41 142072 41 142597 38 143120 36 143642 35 144164 34 144685 34 145206 34 145727 33 146248 32 146769 30 147291 27 147812 26 148335 22 148857 19 149381 14
bdc789019cee8ddfae20d5f769299993b4b330b2d38d1218646cf89e77fbbd4d,258036 1 258556 2 259075 4 259595 5 260115 5 260635 6 261155 7 261675 8 262196 8 262716 8 263236 9 263756 10 264276 10 264796 11 265316 12 265836 12 266356 13 266876 14 267395 16 267915 17 268435 18 268955 20 269476 21 269996 24 270516 30 271036 32 271556 35 272077 35 272597 37 273117 38 273637 39 274157 40 274677 40 275197 41 275718 41 276238 41 276758 42 277279 41 277799 42 278320 41 278840 41 279361 40 279881 41 280402 40 280923 39 281444 37 281965 36 282486 35 283007 34 283528 32 284049 31 284571 28 285092 26 285613 24 286135 20 286659 13 287183 5
bdc789019cee8ddfae20d5f769299993b4b330b2d38d1218646cf89e77fbbd4d,338136 8 338655 10 339173 13 339691 16 340209 18 340728 19 341247 20 341766 22 342285 23 342804 24 343323 25 343842 25 344361 26 344880 27 345399 28 345918 29 346438 28 346957 29 347477 29 347997 29 348516 29 349036 4 349049 16 349556 2 349571 14 350075 2 350092 13 350595 1 350614 11 351115 1 351135 9 351655 9 352182 2
bdc789019cee8ddfae20d5f769299993b4b330b2d38d1218646cf89e77fbbd4d,208699 3 209217 7 209734 13 210253 16 210773 18 211292 21 211812 23 212332 28 212852 32 213372 34 213892 38 214412 40 214933 41 215453 42 215974 41 216494 42 217015 42 217536 41 218057 40 218578 40 219098 40 219620 38 220141 37 220663 35 221185 33 221706 32 222228 30 222749 28 223271 25 223793 22 224314 19 224845 1
bdc789019cee8ddfae20d5f769299993b4b330b2d38d1218646cf89e77fbbd4d,76657 1 77178 1 77698 1 78218 2 78739 2 79259 3 79779 3 80299 4 80819 4 81339 5 81860 4 82380 5 82900 5 83420 6 83940 6 84460 6 84980 6 85499 8 86019 8 86539 7 87058 8 87578 8 88097 9 88617 8 89136 9 89655 9 90173 10 90691 12 91200 22 91721 21 92241 21 92762 19 93283 18 93804 17 94325 15 94847 13 95368 11 95893 4
bdc789019cee8ddfae20d5f769299993b4b330b2d38d1218646cf89e77fbbd4d,331465 3 331983 7 332498 17 333016 20 333535 23 334054 25 334573 27 335092 30 335612 32 336132 34 336653 34 337173 35 337693 36 338214 36 338735 35 339256 35 339777 35 340298 35 340819 34 341341 33 341862 33 342384 32 342906 30 343428 29 343950 27 344471 27 344994 24 345516 23 346038 21 346560 19 347082 16 347607 11 348131 6
bdc789019cee8ddfae20d5f769299993b4b330b2d38d1218646cf89e77fbbd4d,287796 4 288314 8 288833 11 289352 13 289870 16 290389 18 290909 18 291429 19 291950 18 292471 18 292993 16 293514 15 294035 14 294556 14 295077 13 295598 12 296118 12 296639 11 297160 9 297680 9 298201 5 298721 3
bdc789019cee8ddfae20d5f769299993b4b330b2d38d1218646cf89e77fbbd4d,196822 5 197340 9 197858 13 198377 16 198896 18 199414 21 199934 22 200453 23 200972 25 201492 25 202011 26 202531 26 203051 26 203571 26 204091 26 204611 26 205131 25 205651 24 206172 22 206692 21 207212 20 207733 18 208253 16 208773 14 209293 13 209813 12 210333 11 210853 10 211373 10 211893 9 212413 9 212933 9 213453 9 213973 9 214493 9 215013 9 215533 9 216053 10 216573 10 217094 10 217614 12 218135 13 218655 15 219176 16 219697 16 220218 16 220738 17 221259 17 221780 16 222301 16 222822 15 223343 14 223864 13 224385 12 224907 10 225429 7 225952 3
bdc789019cee8ddfae20d5f769299993b4b330b2d38d1218646cf89e77fbbd4d,306564 3 307082 6 307601 8 308120 10 308638 12 309157 13 309662 2 309675 15 310182 28 310703 26 311223 26 311743 26 312264 24 312784 18 313304 16 313825 13 314345 12 314865 11 315385 10 315906 9 316427 7 316948 5 317470 1
bdc789019cee8ddfae20d5f769299993b4b330b2d38d1218646cf89e77fbbd4d,323756 1 324276 3 324796 4 325316 4 325836 4 326356 4 326876 4 327396 4 327916 3 328435 4 328955 3 329474 4 329994 4 330513 5 331032 6 331552 6 332072 6 332592 6 333111 7 333631 7 334151 7 334670 7 335190 5 335710 3
bdc789019cee8ddfae20d5f769299993b4b330b2d38d1218646cf89e77fbbd4d,84566 1 85086 2 85605 3 86125 4 86645 4 87165 5 87686 4 88206 4 88727 3 89247 3 89768 2 90288 2 90809 2 91329 2 91849 3 92369 3 92889 4 93409 4 93929 5 94449 6 94969 6 95489 7 96009 8 96529 10 97049 12 97071 4 97569 27 98089 28 98610 27 99130 27 99650 27 100170 27 100690 26 101210 26 101731 25 102251 25 102771 24 103291 24 103811 24 104330 24 104850 24 105370 24 105891 22 106411 22 106931 21 107451 21 107972 19 108492 18 109012 17 109532 17 110053 15 110573 14 111094 11 111615 9 112137 5
bdc789019cee8ddfae20d5f769299993b4b330b2d38d1218646cf89e77fbbd4d,44034 3 44551 7 45070 9 45589 11 46108 12 46627 14 47146 15 47666 15 48186 15 48705 17 49225 17 49744 18 50263 19 50782 20 51301 22 51820 23 52339 24 52859 24 53378 26 53898 26 54417 28 54937 28 55456 30 55976 31 56496 32 57016 32 57535 34 58055 35 58575 36 59095 37 59615 37 60135 38 60655 39 61175 41 61696 41 62216 10 62241 17 62737 7 62764 15 63259 3 63286 13 63807 13 64327 13 64848 12 65368 12 65889 12 66409 12 66929 12 67449 12 67969 11 68489 11 69009 11 69529 11 70049 10 70569 10 71089 10 71608 11 72128 11 72648 10 73168 10 73687 10 74207 10 74727 10 75247 10 75767 9 76287 9 76807 8 77327 8 77847 7 78367 7 78887 6 79408 4 79928 3 80449 1
bdc789019cee8ddfae20d5f769299993b4b330b2d38d1218646cf89e77fbbd4d,295730 2 296249 3 296768 4 297287 5 297806 6 298306 2 298325 7 298827 5 298843 9 299347 7 299361 12 299867 26 300387 26 300908 26 301428 26 301948 27 302469 26 302989 27 303509 27 304030 26 304550 27 305071 26 305591 26 306112 25 306632 25 307153 24 307674 23 308195 22 308716 21 309237 20 309758 18 310280 16 310801 14 311322 13 311843 12 312363 11 312884 10 313404 9 313925 8 314445 8 314965 8 315486 6 316006 6 316527 4 317048 3 317569 2
bdc789019cee8ddfae20d5f769299993b4b330b2d38d1218646cf89e77fbbd4d,240612 3 241131 5 241650 7 242170 8 242689 10 243209 11 243729 12 244249 13 244769 13 245289 14 245809 15 246329 16 246849 17 247369 19 247889 23 248409 24 248929 24 249450 23 249970 23 250490 23 251010 23 251530 22 252050 22 252570 21 253090 21 253611 19 254131 19 254651 18 255171 17 255691 17 256211 16 256732 15 257252 14 257773 13 258293 12 258813 11 259333 11 259854 9 260374 9 260894 8 261415 7 261935 6 262455 6 262976 4 263496 4 264017 2 264537 2
bdc789019cee8ddfae20d5f769299993b4b330b2d38d1218646cf89e77fbbd4d,285928 2 286446 5 286964 7 287483 9 288002 10 288520 12 289038 14 289557 16 290076 17 290596 17 291116 17 291635 18 292155 18 292674 19 293194 19 293713 20 294233 19 294752 20 295272 20 295791 21 296311 21 296830 22 297350 22 297870 22 298390 22 298909 23 299429 23 299949 23 300469 23 300989 23 301509 23 302028 24 302548 23 303068 23 303588 23 304108 23 304628 23 305148 22 305668 22 306189 21 306709 21 307229 20 307749 20 308270 18 308790 18 309310 17 309830 17 310351 15 310872 13 311393 12 311914 9 312436 4
bdc789019cee8ddfae20d5f769299993b4b330b2d38d1218646cf89e77fbbd4d,247458 3 247971 15 248490 20 249008 24 249528 26 250047 28 250566 29 251085 31 251605 31 252124 33 252644 33 253164 33 253684 33 254203 34 254723 34 255243 34 255763 33 256283 33 256804 32 257324 32 257844 32 258364 31 258887 28 259409 26 259932 22 260454 20 260976 18 261497 16 262018 15 262539 13 263060 12 263581 10 264101 10 264622 8 265143 6 265664 4
bdc789019cee8ddfae20d5f769299993b4b330b2d38d1218646cf89e77fbbd4d,226189 1 226706 9 227224 12 227743 12 228262 12 228781 13 229301 12 229820 13 230339 14 230859 14 231379 8 231898 7 232418 6 232938 5 233457 5 233977 4 234497 4 235017 3 235537 2 236057 1 236577 1 237096 1 237616 1 238136 1
bdc789019cee8ddfae20d5f769299993b4b330b2d38d1218646cf89e77fbbd4d,240735 1 241255 1 241775 2 242295 2 242815 3 243335 3 243855 4 244375 6 244895 8 245415 9 245935 10 246455 11 246975 11 247496 11 248016 12 248536 13 249057 13 249577 15 250098 14 250618 15 251139 15 251660 14 252180 15 252701 15 253222 16 253743 17 254264 14 254785 10 255307 5
c8e79ff4ac55f4b772057de28e539727b7f4f2a3de73bf7a082a0ace86d609eb,70745 6 71266 9 71790 6
c8e79ff4ac55f4b772057de28e539727b7f4f2a3de73bf7a082a0ace86d609eb,97990 1 98514 2 99038 3 99562 4 100086 4 100610 5 101134 5 101658 5 102182 5 102708 3 103232 3
c8e79ff4ac55f4b772057de28e539727b7f4f2a3de73bf7a082a0ace86d609eb,108994 2 109518 2 110042 3 110566 3 111090 4 111614 4 112138 4 112662 4 113186 4 113710 4 114234 4 114759 2
c8e79ff4ac55f4b772057de28e539727b7f4f2a3de73bf7a082a0ace86d609eb,164016 3 164538 6 165062 5 165586 3 166110 3 166634 2 167158 2 167682 2
c8e79ff4ac55f4b772057de28e539727b7f4f2a3de73bf7a082a0ace86d609eb,38318 2 38842 3 39365 4 39888 4 40411 4 40934 4 41457 4 41980 3 42503 4 43027 2 43551 2 44075 1
c8e79ff4ac55f4b772057de28e539727b7f4f2a3de73bf7a082a0ace86d609eb,125850 6 126375 7 126900 7 127424 8 127949 7 128473 7 128997 7 129522 7 130047 6 130574 2
c8e79ff4ac55f4b772057de28e539727b7f4f2a3de73bf7a082a0ace86d609eb,93897 1 94419 3 94942 4 95465 5 95988 5 96512 4 97036 2
c8e79ff4ac55f4b772057de28e539727b7f4f2a3de73bf7a082a0ace86d609eb,128492 2 129015 4 129539 3 130062 4 130586 4 131111 3 131635 3
c8e79ff4ac55f4b772057de28e539727b7f4f2a3de73bf7a082a0ace86d609eb,140553 4 141074 7 141595 9 142117 10 142640 10 143165 8 143691 2
c8e79ff4ac55f4b772057de28e539727b7f4f2a3de73bf7a082a0ace86d609eb,157840 2 158363 4 158886 5 159410 5 159934 6 160458 6 160983 4 161508 1
c8e79ff4ac55f4b772057de28e539727b7f4f2a3de73bf7a082a0ace86d609eb,113837 4 114359 7 114883 7 115407 6 115931 6 116455 6 116979 6 117502 6 118027 4
c8e79ff4ac55f4b772057de28e539727b7f4f2a3de73bf7a082a0ace86d609eb,33668 1 34192 2 34715 3 35239 4 35763 4 36287 4 36811 4 37335 4 37860 3 38384 3 38909 2 39433 1
c8e79ff4ac55f4b772057de28e539727b7f4f2a3de73bf7a082a0ace86d609eb,56751 6 57274 8 57798 9 58321 10 58845 11 59370 10 59894 10 60418 10 60942 10 61467 8 61991 8 62516 6 63041 4
c8e79ff4ac55f4b772057de28e539727b7f4f2a3de73bf7a082a0ace86d609eb,172560 1 173083 3 173606 4 174130 4 174653 4 175177 4 175701 3
c8e79ff4ac55f4b772057de28e539727b7f4f2a3de73bf7a082a0ace86d609eb,93201 1 93724 2 94247 2 94771 2 95295 2 95818 3 96342 3 96866 3 97390 2 97914 2
ca20076870e8fb604e61802605a9ac45419c82dd3e23404c56c4869f9502a5ef,15053 1 15572 1 16091 1 16610 1 17129 2 17648 2 18167 3 18686 3 19205 3 19724 3 20243 3 20762 3 21281 3 21800 3 22319 3 22838 3 23357 3 23876 4 24395 4 24914 4 25433 5 25952 5 26471 5 26990 5 27509 6 28028 6 28547 7 29066 7 29585 7 30104 7 30623 3 31142 1 31661 1 34775 1 35294 1 35813 2 36332 2 36851 3 37371 2 37892 1
ca20076870e8fb604e61802605a9ac45419c82dd3e23404c56c4869f9502a5ef,70086 1 70604 2 71123 3 71640 5 72155 9 72675 8 73195 7 73714 7 74234 6 74754 5 75274 4 75794 3 76315 2
ca20076870e8fb604e61802605a9ac45419c82dd3e23404c56c4869f9502a5ef,52434 2 52954 9 53473 9 53992 9 54511 9 55029 10 55548 9 56067 5 56588 1
ca20076870e8fb604e61802605a9ac45419c82dd3e23404c56c4869f9502a5ef,80472 2 80991 4 81510 5 82029 5 82548 5
ca20076870e8fb604e61802605a9ac45419c82dd3e23404c56c4869f9502a5ef,34808 1 35321 7 35840 7 36360 6 36880 5 37399 6 37919 5 38439 5 38962 2
ca20076870e8fb604e61802605a9ac45419c82dd3e23404c56c4869f9502a5ef,46754 2 47273 2 47791 4 48308 7 48826 8 49345 8 49865 7 50386 4 50906 3 51426 1
ca20076870e8fb604e61802605a9ac45419c82dd3e23404c56c4869f9502a5ef,66998 2 67516 3 68033 6 68552 7 69071 7 69590 8 70110 8 70629 6 71148 4 71668 3 72188 1
ca20076870e8fb604e61802605a9ac45419c82dd3e23404c56c4869f9502a5ef,75311 1 75826 5 76346 4 76865 2 77384 2 77902 2 78421 2 78938 4 79454 6 79970 9 80489 9 81008 10 81528 9 82047 9 82566 10
ca20076870e8fb604e61802605a9ac45419c82dd3e23404c56c4869f9502a5ef,79993 2 80513 3 80522 1 81032 10 81553 8 82072 8 82592 6
ca20076870e8fb604e61802605a9ac45419c82dd3e23404c56c4869f9502a5ef,59766 6 60286 9 60805 13 61324 16 61844 17 62364 17 62884 17 63403 17 63923 17 64442 18 64961 18 65481 18 66000 19 66519 19 67039 18 67558 18 68078 18 68597 17 69116 17 69635 17 70154 17 70673 17 71191 18 71710 17 72228 1 72239 5
ca20076870e8fb604e61802605a9ac45419c82dd3e23404c56c4869f9502a5ef,602 8 1121 8 1640 8 2160 7 2679 7 3198 7 3717 7 4236 8 4755 8 5275 8 5794 8 6314 8 6833 8 7352 9 7872 8 8391 9 8911 8 9430 9 9950 9 10469 10 10989 9 11509 9 12028 9 12548 9 13067 9 13587 8 14106 9 14626 8 15145 9 15665 8 16185 8 16705 7 17224 8 17744 8 18264 7 18784 7 19303 7 19823 7 20342 7 20862 7 21381 8 21901 8 22420 8 22940 8 23460 8 23980 8 24500 9 25020 11 25540 15 26060 17 26580 18 27103 16 27627 13 28150 13 28671 13 29192 12 29712 11 30232 11 30752 11 31272 10 31791 11 32311 11 32831 11 33351 11 33871 11 34391 11 34911 10 35431 10 35951 10 36470 11 36990 10 37510 10 38029 10 38549 10 39069 9 39588 10 40108 9 40628 9 41148 9 41668 8 42187 9 42707 7 43226 7 43746 5 44267 2
ca20076870e8fb604e61802605a9ac45419c82dd3e23404c56c4869f9502a5ef,28110 2 28629 5 29148 7 29668 7 30187 8 30707 8 31228 7 31748 6 32268 6 32789 5 33309 6 33829 7 34348 9 34868 12 35387 16 35906 17 36425 18 36944 20 37463 21 37982 22 38502 21 39022 21 39541 21 40061 20 40581 19 41101 19 41621 18 42141 17 42661 15 43181 14 43701 13 44221 12 44743 8
ca20076870e8fb604e61802605a9ac45419c82dd3e23404c56c4869f9502a5ef,627 12 1146 11 1666 10 2185 9
ca20076870e8fb604e61802605a9ac45419c82dd3e23404c56c4869f9502a5ef,70723 1 71242 1 71761 3 72280 3 72800 4 73319 4 73839 5 74359 4 74878 5 75398 5 75917 6 76436 7 76955 9 77475 10 77994 12 78514 12 79034 12 79553 12 80073 13 80592 13 81112 14 81633 13 82152 14 82672 15
ca20076870e8fb604e61802605a9ac45419c82dd3e23404c56c4869f9502a5ef,8994 1 9512 2 10031 3 10549 4 11068 4 11587 4 12106 4 12626 3 13145 3 13665 2 14184 2 14703 3 15223 2 15742 3 16261 4 16781 5 17300 6 17819 6 18339 6 18860 4 19382 2
ca20076870e8fb604e61802605a9ac45419c82dd3e23404c56c4869f9502a5ef,32872 5 33391 6 33911 5 34430 5 34951 2
ca20076870e8fb604e61802605a9ac45419c82dd3e23404c56c4869f9502a5ef,707 10 1226 10 1745 9 2264 9 2783 9 3302 10 3821 10 4340 11 4860 11 5381 8 5902 4
ca20076870e8fb604e61802605a9ac45419c82dd3e23404c56c4869f9502a5ef,47952 1 48468 3 48984 6 49502 7 50020 8 50538 9 51056 10 51575 10 52094 9 52614 8 53133 8 53652 8 54172 7 54691 7 55211 5
ca20076870e8fb604e61802605a9ac45419c82dd3e23404c56c4869f9502a5ef,32380 1 32899 3 33418 4 33937 5 34457 5 34976 6 35496 5 36015 7 36535 6 37054 7 37574 7 38093 7 38612 8 39132 7 39651 7 40171 6 40690 6 41210 5 41729 5 42249 4 42768 4 43287 4 43806 4 44325 4 44844 4 45362 5 45881 5 46399 7
ca20076870e8fb604e61802605a9ac45419c82dd3e23404c56c4869f9502a5ef,10596 1 11115 1 11634 2 12152 5 12671 6 13188 10 13706 12 14226 11 14745 12 15265 11 15785 11 16304 12 16824 11 17343 11 17863 11 18382 11 18901 11 19419 10 19938 4
ca20076870e8fb604e61802605a9ac45419c82dd3e23404c56c4869f9502a5ef,739 4 1259 4 1779 3 2298 4 2818 3 3337 3 3857 3 4376 3 4895 4 5414 4 5936 2
ca20076870e8fb604e61802605a9ac45419c82dd3e23404c56c4869f9502a5ef,59404 4 59922 8 60441 10 60960 11 61479 12 61999 12 62518 13 63038 12 63558 12 64077 13 64597 13 65117 13 65637 12 66156 13 66676 13 67196 13 67717 13 68238 12 68758 12 69279 12 69800 11 70320 11 70840 11 71360 11 71880 10 72401 8 72923 3
ca20076870e8fb604e61802605a9ac45419c82dd3e23404c56c4869f9502a5ef,770 2 1288 4 1807 4 2318 1 2324 6 2837 12 3357 8 3876 6 4395 6 4913 6 5434 4 5954 3 6473 3 6993 3 7512 3 8032 3 8551 3 9071 3 9590 3 10110 3 10629 4 11149 3 11669 4 12189 4 12709 4 13230 2 13751 1
ca20076870e8fb604e61802605a9ac45419c82dd3e23404c56c4869f9502a5ef,32431 10 32951 11 33471 11 33990 7 34510 4 35029 2 35548 2 36067 1 36586 1 37104 2 37623 2 38141 3 38660 4 39179 4 39698 5 40218 6 40738 6 41258 7 41778 6 42298 7 42818 7 43338 7 43859 5 44379 5 44900 4 45420 4 45940 3 46460 3 46980 2 47500 2 48020 2 48539 3 49059 3 49579 4 50100 3
ca20076870e8fb604e61802605a9ac45419c82dd3e23404c56c4869f9502a5ef,56848 2 57367 3 57885 6 58404 7 58924 7 59444 6 59964 6 60484 6 61003 8 61523 9 62043 10 62562 12 63083 11 63603 11 64123 11 64643 11 65163 10 65683 8 66203 6 66723 3 67244 1
ca20076870e8fb604e61802605a9ac45419c82dd3e23404c56c4869f9502a5ef,23642 1 24161 2 24681 2 25200 3 25720 3 26240 3 26759 4 27279 3 27798 4 28317 5 28837 4 29356 6 29876 5 30396 6 30915 6 31435 6 31954 7 32474 6 32993 7 33513 7 34033 6 34552 7 35072 7 35592 6 36111 7 36631 6 37151 5 37671 4 38191 3 38711 2 39231 1 39750 1
ca20076870e8fb604e61802605a9ac45419c82dd3e23404c56c4869f9502a5ef,14312 5 14833 5 15353 4 15872 5 16392 5 16912 4 17432 4 17952 3 18471 3 18991 2 19511 2 20030 2 20550 1
ca20076870e8fb604e61802605a9ac45419c82dd3e23404c56c4869f9502a5ef,41828 1 42348 2 42867 7 43387 8 43906 9 44425 10 44945 9 45464 10 45983 11 46503 10 47022 11 47542 10 48061 10 48580 11 49100 10 49619 11 50139 10 50658 10 51177 11 51697 10 52216 11 52736 10 53256 9 53776 8 54295 9 54815 8 55334 8 55854 7 56374 6 56893 7 57413 6 57932 6 58452 5 58971 5 59491 4 60011 3
ca20076870e8fb604e61802605a9ac45419c82dd3e23404c56c4869f9502a5ef,5540 1 6059 1 6578 1 7096 3 7615 3 8133 3 8651 4 9149 2 9169 5 9668 4 9676 1 9687 6 10187 9 10205 6 10705 12 10722 8 11225 24 11745 22 12265 21 12785 19 13304 19 13824 18 14343 17 14863 16 15383 15 15903 13 16423 12 16943 10 17464 8 17985 5 18505 3
ca20076870e8fb604e61802605a9ac45419c82dd3e23404c56c4869f9502a5ef,60560 3 61079 5 61598 6 62117 7 62636 7 63155 8 63675 7 64194 7 64714 6 65234 6 65754 5 66274 4 66793 4 67313 4 67832 4 68352 3 68871 4 69390 4 69909 5 70414 4 70428 5 70932 7 70946 6 71452 6 71465 7 71971 8 71982 9 72491 19 73010 19 73529 19 74049 19 74568 19 75088 18 75607 18 76126 19 76646 18 77165 19 77685 18 78204 18 78724 17 79243 17 79763 16 80282 16 80802 15 81321 15 81841 14 82360 14 82879 15
ca20076870e8fb604e61802605a9ac45419c82dd3e23404c56c4869f9502a5ef,36705 6 37224 6 37743 7 38262 7 38782 7 39301 7 39820 8 40339 8 40858 9 41377 9 41896 10 42415 10 42934 11 43453 11 43972 12 44491 12 45010 12 45528 13 46047 13 46565 14 47084 14 47603 15 48123 14 48642 15 49161 16 49680 17 50199 19 50717 22 51236 22 51754 23 52272 25 52789 27 53307 28 53827 27 54346 28 54865 28 55384 28 55904 27 56425 25 56946 23 57467 21 57988 19 58509 17 59029 16 59549 15 60069 14 60589 14 61109 13 61630 11
ca20076870e8fb604e61802605a9ac45419c82dd3e23404c56c4869f9502a5ef,8169 2 8678 1 8684 7 9197 13 9715 15 10234 15 10752 17 11271 19 11301 2 11791 20 11815 8 12310 32 12830 25 13349 23 13868 21 14387 21 14906 20 15425 20 15944 20 16463 20 16983 19 17502 19 18022 18 18542 17 19061 17 19581 16 20101 15 20620 15 21140 14 21659 14 22179 13 22698 13 23218 12 23737 12 24257 11 24776 10 25296 9 25816 8 26335 7 26855 6 27375 5 27894 5 28414 4
ca20076870e8fb604e61802605a9ac45419c82dd3e23404c56c4869f9502a5ef,57003 9 57521 13 58039 14 58558 16 59076 17 59595 18 60113 19 60632 19 61151 19 61670 19 62189 19 62709 17 63228 17 63747 16 64266 16 64785 15 65305 13 65824 12 66344 10 66864 7 67385 4 67906 1
ca20076870e8fb604e61802605a9ac45419c82dd3e23404c56c4869f9502a5ef,44033 2 44552 4 45071 5 45590 5 46109 6 46628 6 47146 8 47665 8 48186 7 48705 7 49226 5 49745 5 50266 4 50788 1
ca20076870e8fb604e61802605a9ac45419c82dd3e23404c56c4869f9502a5ef,78309 7 78826 11 79344 13 79861 16 80379 18 80897 20 81416 20 81934 22 82453 22 82972 23
ca20076870e8fb604e61802605a9ac45419c82dd3e23404c56c4869f9502a5ef,6172 6 6690 9 7209 10 7728 11 8247 11 8766 12 9285 12 9804 13 10323 13 10843 13 11362 14 11881 14 12401 14 12920 15 13440 14 13960 14 14479 15 14999 15 15518 17 16038 16 16557 16 17077 15 17596 16 18116 15 18635 15 19155 14 19675 12 20194 12 20715 10 21241 3
ca20076870e8fb604e61802605a9ac45419c82dd3e23404c56c4869f9502a5ef,25898 1 26417 1 26935 3 27454 3 27973 4 28492 4 29010 6 29529 6 30049 5 30569 2
ca20076870e8fb604e61802605a9ac45419c82dd3e23404c56c4869f9502a5ef,37838 2 38356 7 38874 7 39393 5 39911 5 40431 3 40950 2
ca20076870e8fb604e61802605a9ac45419c82dd3e23404c56c4869f9502a5ef,48237 3 48756 5 49275 7 49795 7 50314 8 50834 7 51353 8 51873 7 52392 8 52892 2 52911 8 53410 4 53429 9 53929 6 53948 10 54447 9 54466 11 54966 12 54983 14 55485 31 56004 31 56523 31 57042 32 57560 21 57588 5 58080 18 58109 3 58599 17 58630 1 59118 16 59637 16 60156 15 60675 15 61194 14 61713 14 62232 13 62750 14 63270 12 63789 11 64309 8 64831 1
d616d323a9eeb9da1b66f8d5df671d63c092c9919cb2c0b223e29c63257c944d,50345 2 50864 11 51383 12 51902 12 52421 13 52940 13 53459 14 53978 14 54497 15 55016 15 55537 14 56057 14 56577 14 57096 14 57616 12 58135 12 58655 11 59174 11 59693 11 60212 11 60731 11 61251 10 61769 11 62288 11 62808 9 63327 9 63847 8 64366 7
d616d323a9eeb9da1b66f8d5df671d63c092c9919cb2c0b223e29c63257c944d,14544 1 15061 3 15576 7 16096 6 16616 5 17135 6 17655 5 18174 6 18693 7 19212 8 19731 9 20250 10 20769 12 21288 14 21807 15 22327 16 22848 14 23369 11 23890 9 24410 8 24931 6 25451 4 25971 3 26491 2 27011 1
d616d323a9eeb9da1b66f8d5df671d63c092c9919cb2c0b223e29c63257c944d,74757 3 75275 5 75794 5 76313 5 76832 5 77351 5 77870 4 78389 2
d616d323a9eeb9da1b66f8d5df671d63c092c9919cb2c0b223e29c63257c944d,544 8 1063 7 1582 7 2102 7 2621 7 3141 7 3660 8 4179 9 4699 8 5219 7 5739 6 6259 5 6779 5 7299 4 7819 3 8339 2 8858 3 9378 2 9898 2 10418 1 10937 2 11457 1 11976 2 12495 2 13014 2 13533 2 14052 2 14571 2 15089 2 15608 2 16127 2 16646 2 17165 3 17684 3 18204 2 18723 1
d616d323a9eeb9da1b66f8d5df671d63c092c9919cb2c0b223e29c63257c944d,64940 1 65459 1 65977 2 66495 3 67013 4 67531 5 68048 8 68563 12 69082 12 69602 10 70121 8 70640 7 71158 7 71677 6 72195 6 72713 6 73232 5 73750 5 74269 4 74788 3 75307 3 75825 3 76344 3 76862 4 77380 5 77899 5 78419 4 78938 4 79456 5 79975 5 80493 6 81011 7 81528 9 82048 7 82568 6 83087 7
d616d323a9eeb9da1b66f8d5df671d63c092c9919cb2c0b223e29c63257c944d,589 11 1109 9 1628 9 2148 8 2667 8 3186 8 3706 7 4225 8 4745 7 5264 7 5783 8 6303 7 6822 6 7341 6 7860 7 8378 7 8897 7 9416 7 9934 8 10453 8 10971 9 11490 9 12009 9 12528 8 13047 8 13565 8 14084 7 14602 5
d616d323a9eeb9da1b66f8d5df671d63c092c9919cb2c0b223e29c63257c944d,37991 3 38508 8 39026 9 39544 10 40063 10 40582 4 40591 1 41101 1
d616d323a9eeb9da1b66f8d5df671d63c092c9919cb2c0b223e29c63257c944d,53054 2 53572 6 54090 7 54608 8 55126 9 55643 11 56160 13 56677 15 57196 15 57716 14 58235 13 58755 12 59275 10 59795 9 60321 2
d616d323a9eeb9da1b66f8d5df671d63c092c9919cb2c0b223e29c63257c944d,27102 2 27621 4 27627 3 28140 9 28659 8 29178 8 29697 7 30217 6 30738 1
d616d323a9eeb9da1b66f8d5df671d63c092c9919cb2c0b223e29c63257c944d,672 5 1191 4 1709 5 2226 7 2739 13 3259 12 3780 10 4300 9 4821 7 5341 7 5861 6 6380 5 6900 3
d616d323a9eeb9da1b66f8d5df671d63c092c9919cb2c0b223e29c63257c944d,33360 1 33878 3 34397 4 34917 4 35436 4 35956 4 36476 4
d616d323a9eeb9da1b66f8d5df671d63c092c9919cb2c0b223e29c63257c944d,39080 1 39600 1 40119 3 40637 5 41157 5 41676 5 42197 3
d616d323a9eeb9da1b66f8d5df671d63c092c9919cb2c0b223e29c63257c944d,65573 1 66091 2 66609 3 67127 5 67645 6 68164 7 68683 8 69201 9 69720 10 70238 11 70756 12 71273 14 71791 14 72313 9
d616d323a9eeb9da1b66f8d5df671d63c092c9919cb2c0b223e29c63257c944d,45845 3 46363 5 46882 6 47402 6 47922 5 48444 3 48965 1
d616d323a9eeb9da1b66f8d5df671d63c092c9919cb2c0b223e29c63257c944d,19380 2 19899 4 20418 5 20937 4 21457 3 21978 2 22498 1 23018 1 23538 2
d616d323a9eeb9da1b66f8d5df671d63c092c9919cb2c0b223e29c63257c944d,47946 1 48464 3 48983 3 49502 4 50021 4 50540 5 51060 4 51578 5 52097 5 52616 5 53135 5 53654 2 53658 2
d616d323a9eeb9da1b66f8d5df671d63c092c9919cb2c0b223e29c63257c944d,61967 1 62486 2 63004 3 63517 3 63521 4 64036 8 64556 7 65075 7 65594 8 66113 8 66632 8 67151 8 67670 8 68189 8 68708 8 69226 9 69745 8 70264 8 70784 6
d616d323a9eeb9da1b66f8d5df671d63c092c9919cb2c0b223e29c63257c944d,7997 7 8516 9 9034 11 9553 13 10071 15 10590 16 11109 17 11628 18 12146 19 12665 20 13184 20 13703 21 14222 22 14742 22 15261 23 15780 24 16299 25 16819 25 17338 26 17858 26 18378 26 18898 26 19418 26 19938 25 20458 25 20978 24 21498 23 22018 23 22539 21 23060 20 23580 19 24101 17 24624 12 25146 9 25667 7 26187 5 26707 2
d616d323a9eeb9da1b66f8d5df671d63c092c9919cb2c0b223e29c63257c944d,43303 1 43822 2 43830 2 44341 4 44347 3 44860 8 45378 7 45897 6
d616d323a9eeb9da1b66f8d5df671d63c092c9919cb2c0b223e29c63257c944d,17905 3 18423 6 18942 6 19461 7 19980 7 20499 7 21017 8 21536 9 22054 10 22573 10 23091 11 23610 11 24129 12 24648 12 25168 11 25687 10 26206 10 26725 10 27245 9 27764 9 28283 9 28802 9 29322 8 29841 7 30360 7 30879 7 31398 6 31917 6 32436 6 32955 6 33474 6 33993 6 34512 6 35030 6 35549 6 36067 7 36585 7 37104 6 37622 7 38141 6 38660 6 39178 6 39697 5 40216 4 40734 5 41253 4 41771 4 42290 3 42809 1
d616d323a9eeb9da1b66f8d5df671d63c092c9919cb2c0b223e29c63257c944d,7019 6 7538 7 8058 8 8577 9 9097 8
d616d323a9eeb9da1b66f8d5df671d63c092c9919cb2c0b223e29c63257c944d,79680 4 80199 4 80719 3 81238 3 81757 3 82277 2 82796 1 83315 1
d616d323a9eeb9da1b66f8d5df671d63c092c9919cb2c0b223e29c63257c944d,19524 1 20041 2 20559 2 21077 2 21586 1 21595 3 22105 3 22112 4 22624 11 23143 11 23662 10 24181 10 24700 10 25219 9 25738 9 26257 8 26776 8 27295 8 27814 8 28333 9 28852 9 29371 10 29890 10 30408 11 30927 11 31445 9 31964 6 32482 5 33000 5 33518 5 34037 4 34555 5 35072 6 35590 6 36108 6 36627 4
d616d323a9eeb9da1b66f8d5df671d63c092c9919cb2c0b223e29c63257c944d,44932 7 45454 5 45975 3 46495 3 47015 3 47535 2
d616d323a9eeb9da1b66f8d5df671d63c092c9919cb2c0b223e29c63257c944d,65207 7 65726 9 66245 9 66763 11 67282 12 67800 13 68317 14 68834 15 69351 16 69868 17 70385 18 70903 18 71421 17 71939 13 72456 12 72973 12 73489 14 74008 13 74526 13 75044 13 75563 13 76081 13 76600 13 77119 12 77638 12 78157 11
d616d323a9eeb9da1b66f8d5df671d63c092c9919cb2c0b223e29c63257c944d,21106 2 21622 5 22141 6 22659 7 23178 8 23697 8 24215 9 24734 9 25253 9 25772 9 26291 9 26810 9 27328 11 27847 11 28366 11 28885 11 29404 11 29922 11 30441 11 30960 10 31479 10 31998 9 32516 9 33035 9 33553 9 34072 9 34591 8 35109 9 35628 10 36147 10 36666 10 37186 9 37705 9 38225 8 38744 8 39264 7 39783 7 40302 7 40822 5 41343 3
d616d323a9eeb9da1b66f8d5df671d63c092c9919cb2c0b223e29c63257c944d,50203 4 50720 5 51238 6 51756 7 52274 8 52792 9 53311 8 53829 9 54348 9 54866 9 55385 9 55903 9 56422 9 56941 8 57460 8 57978 8 58497 8 59015 7 59534 5 60053 4 60571 5 61090 4 61608 5 62127 4 62646 3 63165 3 63683 3 64202 3 64720 3 65238 3 65757 3 66275 3 66793 3 67312 2 67830 3 68349 2 68868 1
d616d323a9eeb9da1b66f8d5df671d63c092c9919cb2c0b223e29c63257c944d,25297 1 25816 1 25829 2 26334 3 26347 4 26853 4 26865 7 27372 6 27382 4 27891 12 28410 10 28930 7
d616d323a9eeb9da1b66f8d5df671d63c092c9919cb2c0b223e29c63257c944d,35679 3 36196 5 36714 6 37233 5 37752 5 38271 5 38790 5 39309 5 39828 4 40347 4 40866 4 41385 4 41904 4 42423 4 42942 3 43460 4 43979 4 44498 3 45018 1
d616d323a9eeb9da1b66f8d5df671d63c092c9919cb2c0b223e29c63257c944d,70979 1 71498 1 72016 2 72535 2 73054 2 73572 2 74091 2 74609 3 75127 4 75646 3 76164 4 76683 4 77202 4 77720 4 78239 4 78758 3 79277 3 79796 2 80315 2
d616d323a9eeb9da1b66f8d5df671d63c092c9919cb2c0b223e29c63257c944d,63199 1 63717 2 64235 4 64753 5 65271 6 65790 4 66308 3 66827 2 67345 2 67864 2 68383 1 68902 1 69421 1
d616d323a9eeb9da1b66f8d5df671d63c092c9919cb2c0b223e29c63257c944d,914 14 1433 13 1952 12 2472 10 2991 8
d616d323a9eeb9da1b66f8d5df671d63c092c9919cb2c0b223e29c63257c944d,8195 6 8714 6 9233 6 9752 6 10271 6 10790 6 11309 6 11827 7 12348 5 12869 2
d616d323a9eeb9da1b66f8d5df671d63c092c9919cb2c0b223e29c63257c944d,26380 1 26896 4 27414 5 27931 7 28449 8 28968 8 29487 8 30006 8 30525 8 31045 7 31565 6 32085 5 32605 5 33125 4 33644 5 34164 5 34684 6 35204 5 35723 5 36243 3 36763 2 37283 1 37803 1 38322 1
d616d323a9eeb9da1b66f8d5df671d63c092c9919cb2c0b223e29c63257c944d,63760 1 64278 2 64796 3 65313 6 65831 7 66349 9 66870 7 67392 4 67914 1
d616d323a9eeb9da1b66f8d5df671d63c092c9919cb2c0b223e29c63257c944d,31604 8 32123 12 32641 14 33159 16 33679 16 34200 15 34720 14 35239 14 35759 12 36278 11 36796 12 37315 11 37833 12 38351 12 38870 11 39389 10 39908 9 40427 7 40946 6 41464 6 41983 4 42501 4 43020 3 43538 2 44056 2 44575 1
d616d323a9eeb9da1b66f8d5df671d63c092c9919cb2c0b223e29c63257c944d,985 10 1504 9 2023 9 2542 10 3061 10 3580 10 4099 10 4617 10 5136 11 5655 11 6173 11 6692 11 7210 11 7729 10 8248 8 8768 5 9287 4 9807 2
d616d323a9eeb9da1b66f8d5df671d63c092c9919cb2c0b223e29c63257c944d,53939 5 54457 7 54975 9 55492 12 56010 14 56528 15 57045 17 57563 18 58081 6 58088 11 58600 4 58609 9 59118 4 59129 8 59637 4 59648 8 60155 4 60168 7 60674 5 60686 7 61192 6 61205 6 61711 7 61723 6 62230 9 62240 6 62749 15 63268 14 63787 13 64306 12 64825 11 65344 10 65864 9 66383 8 66902 8 67422 6 67941 6 68461 5 68980 4 69500 3 70019 3 70538 1
d616d323a9eeb9da1b66f8d5df671d63c092c9919cb2c0b223e29c63257c944d,1019 8 1538 7 2056 7 2574 7 3092 7 3611 5 4129 5 4647 4 5165 4 5683 4 6201 4 6719 5 7238 4 7757 4 8276 4 8795 4 9314 4 9832 6 10351 6 10870 7 11390 7 11910 7 12429 7 12949 7 13468 8 13988 8 14507 9 15025 12 15544 13 16062 15 16570 2 16580 16 17088 5 17097 19 17605 31 18124 32 18644 32 19165 31 19685 31 20204 14 20219 17 20724 11 20740 16 21243 10 21261 15 21762 10 21782 14 22281 9 22303 14 22800 9 22823 13 23319 9 23345 10 23838 10 23868 6 24357 10 24877 10 25396 11 25916 10 26436 10 26956 9 27476 7 27997 5 28517 3 29037 2 29557 1
d616d323a9eeb9da1b66f8d5df671d63c092c9919cb2c0b223e29c63257c944d,74199 5 74717 6 75236 6 75756 5
d616d323a9eeb9da1b66f8d5df671d63c092c9919cb2c0b223e29c63257c944d,41513 5 42029 10 42548 10 43067 10 43586 10 44106 9 44625 9 45145 8 45665 7 46185 6 46706 3
d6eb7ce7723e2f6dc13b90b41a29ded27dbd815bad633fdf582447c686018896,5202 3 5722 4 6242 6 6762 6 7282 7 7802 7 8322 7 8842 7 9362 7 9882 7 10402 6 10922 5 11442 4 11962 3 12482 2 13002 1 13522 1 14042 1 14562 1 15082 1
d6eb7ce7723e2f6dc13b90b41a29ded27dbd815bad633fdf582447c686018896,104002 1 104522 1 104541 2 105042 1 105061 3 105562 1 105580 5 106082 2 106099 7 106602 3 106618 8 107122 4 107137 10 107642 5 107655 12 108162 25 108682 25 109208 18 109730 16 110251 15 110772 14 111292 14 111812 14 112332 14 112852 14 113371 15 113890 16 114409 16 114928 3 114941 3 115442 8 115965 4 116486 2
d6eb7ce7723e2f6dc13b90b41a29ded27dbd815bad633fdf582447c686018896,124291 2 124810 4 125329 6 125847 8 126365 9 126882 11 127402 10 127925 6 128447 2
d6eb7ce7723e2f6dc13b90b41a29ded27dbd815bad633fdf582447c686018896,136250 1 136768 3 137287 3 137802 7 138322 7 138842 6 139362 5 139882 4 140402 2
d6eb7ce7723e2f6dc13b90b41a29ded27dbd815bad633fdf582447c686018896,174732 2 175251 4 175770 6 176289 6 176806 8 177322 11 177842 9 178362 6 178882 5 179402 4 179922 4
d6eb7ce7723e2f6dc13b90b41a29ded27dbd815bad633fdf582447c686018896,82177 6 82688 15 83208 15 83729 14 84249 14 84769 15 85290 14 85811 14 86331 12 86853 7
d6eb7ce7723e2f6dc13b90b41a29ded27dbd815bad633fdf582447c686018896,21332 6 21850 9 22369 10 22890 10 23412 8 23934 6 24457 1
d6eb7ce7723e2f6dc13b90b41a29ded27dbd815bad633fdf582447c686018896,53588 1 54107 5 54625 9 55144 12 55663 15 56182 15 56700 15 57214 20 57732 21 58253 19 58774 17 59296 13 59820 7
d6eb7ce7723e2f6dc13b90b41a29ded27dbd815bad633fdf582447c686018896,31221 2 31739 7 32257 10 32776 13 33295 15 33815 15 34335 15 34857 11 35379 5
d6eb7ce7723e2f6dc13b90b41a29ded27dbd815bad633fdf582447c686018896,136270 2 136787 6 137305 8 137825 8 138344 8 138864 8 139383 9 139903 9 140423 8 140942 9 141461 10 141979 11 142499 11 143019 11 143539 11 144060 9 144582 7 145103 5
d6eb7ce7723e2f6dc13b90b41a29ded27dbd815bad633fdf582447c686018896,116518 3 117038 3 117557 3 118076 4 118595 4 119114 4 119634 4 120154 4 120674 4 121193 4 121712 5 122231 6 122750 7 123269 8 123787 10 124307 9 124826 9 125347 6
d6eb7ce7723e2f6dc13b90b41a29ded27dbd815bad633fdf582447c686018896,66078 2 66595 4 67112 6 67631 6 68150 6 68669 6 69190 4 69711 1
d6eb7ce7723e2f6dc13b90b41a29ded27dbd815bad633fdf582447c686018896,159686 8 160200 14 160717 16 161236 17 161754 18 162273 1 162280 11 162804 6
d6eb7ce7723e2f6dc13b90b41a29ded27dbd815bad633fdf582447c686018896,15642 3 16161 6 16681 8 17201 10 17721 10 18241 11 18761 11 19281 11 19801 11 20321 11 20841 10 21362 8 21882 8 22402 7 22923 6 23444 5 23965 4 24486 3 25007 2 25528 1 26048 1 26568 2 27089 2 27609 3 28130 3 28650 4 29171 4 29692 2
d6eb7ce7723e2f6dc13b90b41a29ded27dbd815bad633fdf582447c686018896,80666 5 81183 9 81702 11 82221 13 82740 14 83259 15 83778 16 84297 17 84816 18 85334 19 85853 19 86364 28 86883 29 87401 31 87921 30 88441 29 88961 29 89481 20 90002 18 90522 17 91044 14 91567 11 92092 6 92615 3
d6eb7ce7723e2f6dc13b90b41a29ded27dbd815bad633fdf582447c686018896,38011 2 38530 4 39049 6 39568 9 40087 12 40606 14 41131 9 41655 5 42176 4 42698 2
d6eb7ce7723e2f6dc13b90b41a29ded27dbd815bad633fdf582447c686018896,169571 3 170090 4 170609 5 171129 6 171648 8 172168 8 172688 8 173208 8 173728 9 174250 6 174772 4
d6eb7ce7723e2f6dc13b90b41a29ded27dbd815bad633fdf582447c686018896,52579 1 53096 8 53614 12 54134 12 54653 14 55173 14 55694 13 56214 13 56734 13 57255 11 57776 10 58297 8 58818 7 59339 5 59859 5 60380 4 60900 4 61420 4 61940 4 62460 4 62980 5 63500 6 64020 7 64539 9 65059 10 65579 11 66100 11 66620 12 67141 13 67662 13 68182 15 68704 13 69227 11 69749 9 70274 3
d6eb7ce7723e2f6dc13b90b41a29ded27dbd815bad633fdf582447c686018896,149311 1 149828 4 150346 6 150863 10 151381 13 151899 15 152418 16 152937 17 153457 17 153978 16 154498 16 155019 14 155540 13 156064 9 156585 8 157106 7 157627 6 158148 5 158668 5 159188 6 159708 6 160228 7 160253 4 160748 7 160771 8 161268 8 161289 11 161787 10 161808 11 162307 11 162326 11 162828 27
d6eb7ce7723e2f6dc13b90b41a29ded27dbd815bad633fdf582447c686018896,115526 2 116044 3 116561 6 117079 8 117597 10 118115 12 118633 14 119152 15 119670 18 120189 10 120204 5 120708 9 120725 14 121227 8 121246 14 121747 6 121767 13 122266 5 122287 12 122786 4 122808 10 123307 1 123329 8 123850 4
d6eb7ce7723e2f6dc13b90b41a29ded27dbd815bad633fdf582447c686018896,95229 2 95747 6 96268 7 96789 7 97310 6 97833 3
d6eb7ce7723e2f6dc13b90b41a29ded27dbd815bad633fdf582447c686018896,28682 2 29199 8 29718 10 30237 12 30757 12 31276 14 31796 15 32316 16 32837 16 33357 16 33878 14 34398 13 34919 11 35440 9 35960 8 36480 7 37001 3
d6eb7ce7723e2f6dc13b90b41a29ded27dbd815bad633fdf582447c686018896,48459 4 48977 10 49495 13 50014 14 50532 16 51052 15 51571 16 52091 16 52611 14 53131 12 53651 11 54172 9 54692 8 55212 8 55732 7 56253 6 56773 6 57294 4 57814 4 58335 2
d6eb7ce7723e2f6dc13b90b41a29ded27dbd815bad633fdf582447c686018896,10505 3 11024 6 11543 8 12062 11 12581 12 13100 14 13618 16 14136 18 14656 18 15175 18 15694 19 16214 19 16734 19 17254 18 17775 16 18295 16 18816 14 19337 12 19857 11 20378 9 20899 7 21421 3
d6eb7ce7723e2f6dc13b90b41a29ded27dbd815bad633fdf582447c686018896,141539 4 142057 8 142577 10 143097 10 143617 10 144137 11 144657 11 145177 11 145698 10 146218 9 146738 9 147259 8 147780 6 148301 4
d6eb7ce7723e2f6dc13b90b41a29ded27dbd815bad633fdf582447c686018896,29752 11 30266 17 30783 20 31303 20 31822 11 32341 11 32860 11 33380 10 33901 8 34424 4
d6eb7ce7723e2f6dc13b90b41a29ded27dbd815bad633fdf582447c686018896,106191 3 106710 4 107229 5 107749 5 108269 5 108789 5 109309 5 109829 5 110349 5 110869 5 111389 6 111910 5 112431 4 112951 5 113472 5 113996 2
d6eb7ce7723e2f6dc13b90b41a29ded27dbd815bad633fdf582447c686018896,130120 8 130638 10 131157 10 131676 11 132196 11 132716 10 133236 9 133756 9 134276 9 134797 7 135318 5
d6eb7ce7723e2f6dc13b90b41a29ded27dbd815bad633fdf582447c686018896,158219 2 158736 8 159254 14 159772 15 160291 16 160811 16 161330 17 161849 18 162367 20 162885 22 163402 25 163919 28 164438 30 164957 10 164976 13 165479 6 165497 13 166000 2 166019 13 166540 14 167062 16 167583 18 168105 21 168626 22 169147 23 169670 22 170192 22 170716 18 171238 16 171760 11
d6eb7ce7723e2f6dc13b90b41a29ded27dbd815bad633fdf582447c686018896,647 18 1167 17 1686 17 2205 17 2724 17 3243 18 3762 19 4281 20 4801 20 5320 21 5840 20 6360 20 6881 18 7402 17 7924 13 8446 10 8968 6
d6eb7ce7723e2f6dc13b90b41a29ded27dbd815bad633fdf582447c686018896,53689 2 54207 5 54727 6 55247 8 55767 9 56287 10 56808 9 57329 8 57849 8 58369 8 58890 7 59411 6 59931 6 60451 6 60972 5 61492 5 62013 4
d6eb7ce7723e2f6dc13b90b41a29ded27dbd815bad633fdf582447c686018896,141576 4 142093 8 142611 11 143131 12 143652 12 144174 11 144695 10 145216 9 145737 8 146258 6 146779 5 147299 5 147820 3 148341 2
d6eb7ce7723e2f6dc13b90b41a29ded27dbd815bad633fdf582447c686018896,17823 6 18340 11 18859 13 19378 15 19897 16 20417 17 20937 17 21457 17 21978 16 22499 13 23020 11
d6eb7ce7723e2f6dc13b90b41a29ded27dbd815bad633fdf582447c686018896,69301 8 69820 12 70340 13 70860 13 71380 13 71901 12 72421 11 72943 9 73466 5 73989 1
d6eb7ce7723e2f6dc13b90b41a29ded27dbd815bad633fdf582447c686018896,122348 4 122866 8 123384 11 123902 13 124420 14 124939 14 125459 13 125982 9 126506 4
d6eb7ce7723e2f6dc13b90b41a29ded27dbd815bad633fdf582447c686018896,102598 3 103115 9 103635 10 104155 10 104675 11 105195 11 105715 11 106235 2 106754 2 107273 2 107792 2 108310 4 108827 7 109345 9 109864 10 110383 11 110903 11 111423 11 111943 10 112466 6 112988 3
d6eb7ce7723e2f6dc13b90b41a29ded27dbd815bad633fdf582447c686018896,25148 1 25666 3 26184 5 26704 5 27224 5 27744 5 28264 4 28785 3 29305 3 29825 3 30345 2 30865 2 31385 1 31904 2 32424 1 32943 1 33462 2 33980 3 34499 3 35018 3 35536 4 36055 5 36574 6 37093 7 37612 8 38131 9 38651 9 39170 10 39689 11 40208 13 40727 14 41240 21 41759 22 42278 23 42798 22 43318 12 43838 9 44358 8 44878 7 45398 7 45918 7 46438 7 46957 8 47477 8 47996 9 48515 10 49034 12 49553 13 50073 14 50592 16 51112 17 51633 16 52153 17 52673 17 53193 17 53713 18 54234 17 54755 17 55275 17 55796 16 56317 15 56838 14 57359 13 57880 11 58401 10 58922 8 59444 4
d6eb7ce7723e2f6dc13b90b41a29ded27dbd815bad633fdf582447c686018896,155121 4 155639 6 156158 6 156677 7 157196 7 157715 6
d6eb7ce7723e2f6dc13b90b41a29ded27dbd815bad633fdf582447c686018896,86484 2 87002 6 87521 8 88040 8 88560 6 89079 5 89600 1
d6eb7ce7723e2f6dc13b90b41a29ded27dbd815bad633fdf582447c686018896,123934 3 124452 6 124971 8 125490 10 126011 9 126531 10 127051 10 127572 8 128093 5
d6eb7ce7723e2f6dc13b90b41a29ded27dbd815bad633fdf582447c686018896,136416 4 136934 11 137453 15 137973 17 138494 16 139014 16 139534 16 140055 15 140575 15 141095 15 141615 15 142135 15 142655 15 143175 15 143695 7 143707 3 144214 7 144228 2 144734 6 144749 2 145253 7 145269 3 145772 8 145789 6 146292 8 146309 10 146812 8 146829 22 147331 10 147348 24 147851 11 147867 26 148370 43 148890 43 149411 41 149932 40 150453 39 150974 37 151495 35 152015 34 152535 32 153055 12 153078 8 153575 10 153601 3 154095 9 154616 7 155137 5 155659 2
d6eb7ce7723e2f6dc13b90b41a29ded27dbd815bad633fdf582447c686018896,9022 1 9540 4 10057 8 10575 11 11094 12 11613 13 12132 15 12652 15 13172 15 13691 15 14211 15 14732 14 15252 14 15772 13 16293 12 16813 12 17334 10 17854 8 18376 3
d6eb7ce7723e2f6dc13b90b41a29ded27dbd815bad633fdf582447c686018896,84427 2 84944 6 85462 9 85981 11 86499 13 87019 14 87541 13 88063 11 88584 9 89105 7 89627 5
d6eb7ce7723e2f6dc13b90b41a29ded27dbd815bad633fdf582447c686018896,107833 1 108353 3 108873 3 109392 4 109912 4 110432 5 110952 4 111471 5 111990 6 112509 6 113028 6 113539 13 114060 5
d6eb7ce7723e2f6dc13b90b41a29ded27dbd815bad633fdf582447c686018896,172826 3 173343 7 173862 9 174382 10 174902 10 175422 10 175943 9 176463 8 176983 7 177503 7 178023 7 178543 6 179063 6 179584 4 180104 4
d6eb7ce7723e2f6dc13b90b41a29ded27dbd815bad633fdf582447c686018896,76633 9 77152 10 77670 12 78189 11 78707 11 79225 9 79746 5 80267 2
d6eb7ce7723e2f6dc13b90b41a29ded27dbd815bad633fdf582447c686018896,14244 2 14763 3 15282 3 15802 2 16321 3 16841 3 17360 3 17880 2 18399 3 18918 4 19437 4 19956 5 20475 5 20995 5 21514 4 22034 3 22553 2
d6eb7ce7723e2f6dc13b90b41a29ded27dbd815bad633fdf582447c686018896,34529 5 35047 6 35566 6 36085 7 36605 6 37126 5 37650 1
d6eb7ce7723e2f6dc13b90b41a29ded27dbd815bad633fdf582447c686018896,39732 1 40252 2 40772 4 41292 5 41812 5 42332 5 42852 4 43371 5 43890 5 44410 4 44930 2
d6eb7ce7723e2f6dc13b90b41a29ded27dbd815bad633fdf582447c686018896,80832 3 81349 7 81867 10 82386 11 82905 12 83424 13 83944 13 84463 14 84982 15 85500 16 86019 16 86529 24 87051 20 87572 17 88094 13 88615 11 89136 9 89657 7 90178 6 90698 6 91218 5 91738 5 92258 4 92778 4 93297 5 93816 5 94336 5 94855 4 95374 4 95894 1
d6eb7ce7723e2f6dc13b90b41a29ded27dbd815bad633fdf582447c686018896,129690 5 130210 7 130731 8 131251 10 131771 11 132292 10 132812 10 133332 10 133852 10 134372 10 134892 9 135412 9 135932 9 136452 9 136972 8 137491 9 138010 10 138531 8 139054 3
d6eb7ce7723e2f6dc13b90b41a29ded27dbd815bad633fdf582447c686018896,174417 1 174936 2 175456 3 175975 4 176495 4 177016 4 177536 4 178056 4 178577 3 179098 2 179619 1 180139 1
d6eb7ce7723e2f6dc13b90b41a29ded27dbd815bad633fdf582447c686018896,14264 2 14783 4 15302 5 15821 6 16340 8 16860 8 17379 10 17899 10 18418 9 18938 6
d6eb7ce7723e2f6dc13b90b41a29ded27dbd815bad633fdf582447c686018896,64706 3 65223 7 65742 8 66261 9 66781 10 67300 11 67820 11 68340 10 68860 7 69379 5 69899 3 70418 3 70938 2 71458 2 71978 1
d6eb7ce7723e2f6dc13b90b41a29ded27dbd815bad633fdf582447c686018896,100076 1 100594 3 101114 4 101633 6 102152 7 102671 9 103189 12 103708 13 104226 15 104745 16 105265 16 105785 16 106315 7 106836 7 107357 8 107877 9 108397 8 108917 7 109437 6 109957 5 110477 4 110997 3
d6eb7ce7723e2f6dc13b90b41a29ded27dbd815bad633fdf582447c686018896,47029 11 47548 16 48068 18 48588 19 49108 20 49631 18 50154 15 50679 10 51204 4
d6eb7ce7723e2f6dc13b90b41a29ded27dbd815bad633fdf582447c686018896,126588 2 127108 4 127628 6 128148 9 128668 9 129191 6
d6eb7ce7723e2f6dc13b90b41a29ded27dbd815bad633fdf582447c686018896,57953 1 58470 7 58990 7 59510 7 60031 6 60551 5
d6eb7ce7723e2f6dc13b90b41a29ded27dbd815bad633fdf582447c686018896,164059 1 164556 3 164577 4 165076 4 165097 4 165596 5 165616 5 166116 5 166135 7 166636 6 166655 7 167156 7 167174 9 167676 8 167693 10 168197 9 168211 12 168717 27 169237 28 169758 27 170279 11 170300 5 170800 9 170823 2 171322 6 171844 3 172365 2 172886 1
d6eb7ce7723e2f6dc13b90b41a29ded27dbd815bad633fdf582447c686018896,765 9 1285 8 1805 8 2324 8 2843 8 3362 9 3880 11 4399 12 4918 13 5437 14 5958 13 6478 13 6999 12 7519 5 8039 4 8559 3 9079 2 9599 2 10119 2 10639 2 11158 3 11677 4
d6eb7ce7723e2f6dc13b90b41a29ded27dbd815bad633fdf582447c686018896,36644 5 37162 12 37683 10 38204 8 38725 5
d6eb7ce7723e2f6dc13b90b41a29ded27dbd815bad633fdf582447c686018896,145327 2 145845 4 146364 6 146883 7 147403 7 147923 7 148443 8 148963 8 149483 9 150003 10 150523 11 151044 11 151565 10 152087 6
d6eb7ce7723e2f6dc13b90b41a29ded27dbd815bad633fdf582447c686018896,174447 1 174967 2 175487 3 176007 8 176526 10 177045 11 177565 12 178085 12 178604 12 179124 12 179645 10 180165 10
d6eb7ce7723e2f6dc13b90b41a29ded27dbd815bad633fdf582447c686018896,62657 3 63175 8 63693 11 64212 13 64732 13 65251 15 65771 11 66291 8 66811 6 67331 5 67851 4 68371 4 68893 1
d6eb7ce7723e2f6dc13b90b41a29ded27dbd815bad633fdf582447c686018896,116222 3 116740 7 117259 9 117777 12 118296 13 118815 14 119334 16 119853 17 120372 19 120893 18 121416 15 121944 7 122467 4 122988 3 123509 2 124029 2 124549 3 125069 3 125589 4 126109 5 126629 6 127149 6 127669 6 128188 7 128707 8 129227 8 129746 9 130265 9 130785 9 131305 9 131824 10 132345 9 132866 8 133387 7 133908 6 134429 5 134949 4 135469 4 135989 4 136509 4 137029 4 137549 4 138069 4 138590 3 139111 2
d6eb7ce7723e2f6dc13b90b41a29ded27dbd815bad633fdf582447c686018896,26265 2 26784 5 27303 6 27822 8 28342 7 28863 6 29383 6 29903 6 30423 6 30943 6 31463 6 31983 6 32502 7 33021 8 33541 8 34061 8 34581 8 35100 10 35619 11 36138 11 36662 7 37184 4
d6eb7ce7723e2f6dc13b90b41a29ded27dbd815bad633fdf582447c686018896,75661 4 76179 7 76699 8 77218 9 77739 8 78259 7 78779 6 79301 2
d6eb7ce7723e2f6dc13b90b41a29ded27dbd815bad633fdf582447c686018896,45508 4 46027 7 46545 10 47065 10 47584 11 48104 11 48625 10 49146 9 49667 7 50189 3
d6eb7ce7723e2f6dc13b90b41a29ded27dbd815bad633fdf582447c686018896,98038 5 98555 10 99073 13 99592 15 100111 17 100631 28 101151 29 101672 28 102192 29 102712 29 103232 30 103752 30 104272 29 104792 29 105312 28 105832 28 106351 29 106871 28 107390 29 107909 4 107919 19 108428 3 108440 18 108946 4 108962 15 109465 4 109483 12 109985 2 110004 10 110526 5
d6eb7ce7723e2f6dc13b90b41a29ded27dbd815bad633fdf582447c686018896,148475 2 148993 7 149513 8 150033 9 150552 11 150573 1 151072 23 151592 23 152112 23 152632 22 153152 21 153671 7 153687 4 154191 6 154710 6 155231 5 155754 1
d6eb7ce7723e2f6dc13b90b41a29ded27dbd815bad633fdf582447c686018896,22132 4 22649 9 23168 10 23687 11 24207 11 24726 12 25245 12 25765 10 26285 8 26806 6 27329 1
d6eb7ce7723e2f6dc13b90b41a29ded27dbd815bad633fdf582447c686018896,811 10 844 8 1331 10 1364 8 1850 12 1884 9 2369 13 2403 11 2889 13 2923 12 3409 13 3442 15 3929 14 3962 17 4449 14 4481 4 4970 14 5000 3 5491 13 5518 4 6022 3 6036 5 6543 3 6555 5 7064 16 7585 14 8106 12 8626 11 9146 10 9666 10 10187 9 10708 8 11233 3
d6eb7ce7723e2f6dc13b90b41a29ded27dbd815bad633fdf582447c686018896,33071 1 33581 10 34094 16 34615 15 35137 12 35659 9 36180 8 36701 6 37221 5 37742 4 38263 3 38783 3 39304 2 39824 1
d6eb7ce7723e2f6dc13b90b41a29ded27dbd815bad633fdf582447c686018896,63742 9 64259 13 64777 16 65296 17 65816 18 66336 18 66856 3 66869 6 67375 1 67395 1
d6eb7ce7723e2f6dc13b90b41a29ded27dbd815bad633fdf582447c686018896,87149 1 87667 2 88185 3 88703 3 89222 3 89741 3 90259 3 90778 2 91296 2
d6eb7ce7723e2f6dc13b90b41a29ded27dbd815bad633fdf582447c686018896,162544 3 163063 8 163582 11 164102 11 164623 10 165144 9 165665 8 166186 7 166706 7 167226 7
d6eb7ce7723e2f6dc13b90b41a29ded27dbd815bad633fdf582447c686018896,143843 1 144362 3 144881 4 145400 6 145919 7 146438 8 146956 11 147475 12 147995 5 148514 4 149034 2 149553 1
d6eb7ce7723e2f6dc13b90b41a29ded27dbd815bad633fdf582447c686018896,13318 1 13838 2 14358 5 14878 7 15397 9 15917 9 16436 10 16956 10 17475 11 17999 7 18522 5 19043 5 19564 4 20085 4 20605 5 21125 7 21645 7 22165 4
d6eb7ce7723e2f6dc13b90b41a29ded27dbd815bad633fdf582447c686018896,42439 6 42957 10 43477 11 43997 12 44518 11 45038 11 45560 8 46082 6 46603 3 47124 1
d6eb7ce7723e2f6dc13b90b41a29ded27dbd815bad633fdf582447c686018896,91335 2 91853 4 92371 6 92889 8 93408 9 93927 10 94446 10 94965 11 95484 12 96004 12 96523 13 97042 14 97562 14 98082 12 98602 10 99121 8 99641 6 100162 3
d6eb7ce7723e2f6dc13b90b41a29ded27dbd815bad633fdf582447c686018896,50764 1 51284 2 51301 3 51804 3 51819 5 52324 20 52843 21 53363 21 53883 21 54414 11 54935 11 55456 11 55976 12 56496 12 57017 12 57537 13 58057 14 58578 13 59098 13 59619 12 60140 10 60660 9 61181 7 61703 4
d6eb7ce7723e2f6dc13b90b41a29ded27dbd815bad633fdf582447c686018896,119932 4 120449 7 120968 7 121487 7 122006 6
d6eb7ce7723e2f6dc13b90b41a29ded27dbd815bad633fdf582447c686018896,168286 10 168806 10 169326 10 169845 10 170365 9 170885 6
d6eb7ce7723e2f6dc13b90b41a29ded27dbd815bad633fdf582447c686018896,133471 1 133988 7 134507 8 135026 10 135546 10 136066 11 136586 10 137105 6 137624 5 138143 5 138662 5 139180 7 139699 8 140218 9 140738 9 141258 9 141779 8 142299 8 142820 8 143340 8 143861 7 144383 6 144904 6 145427 1
d6eb7ce7723e2f6dc13b90b41a29ded27dbd815bad633fdf582447c686018896,85103 2 85620 11 86139 16 86660 18 87180 19 87701 19 88221 19 88746 14 89268 12 89790 9 90313 6 90836 2
d6eb7ce7723e2f6dc13b90b41a29ded27dbd815bad633fdf582447c686018896,866 7 1386 7 1905 8 2424 9 2943 10 3462 10 3984 8 4506 6 5027 5 5548 4 6069 3 6589 3 7110 2 7630 2
d6eb7ce7723e2f6dc13b90b41a29ded27dbd815bad633fdf582447c686018896,35710 9 36228 12 36746 14 37265 15 37785 14 38304 14 38824 12 39344 11 39864 10 40384 9 40905 7 41426 4 41948 1
d6eb7ce7723e2f6dc13b90b41a29ded27dbd815bad633fdf582447c686018896,177144 12 177664 11 178184 10 178707 2
d6eb7ce7723e2f6dc13b90b41a29ded27dbd815bad633fdf582447c686018896,16988 2 17508 5 18028 10 18547 12 19068 11 19588 10 20109 8 20630 6 21151 3
d6eb7ce7723e2f6dc13b90b41a29ded27dbd815bad633fdf582447c686018896,161556 2 162073 7 162593 8 163112 9 163632 10 164152 10 164671 11 165191 9 165713 6
d6eb7ce7723e2f6dc13b90b41a29ded27dbd815bad633fdf582447c686018896,77318 3 77836 7 78356 9 78877 10 79398 9 79919 8 80441 7 80963 6 81484 6 81501 3 82006 5 82019 4 82527 16 83048 15 83568 15 84089 14 84610 13 85131 13 85653 11 86174 11 86696 9 87217 8 87738 8 88259 7 88779 6 89299 6 89819 6 90340 5 90860 5 91380 5 91900 5 92420 5 92940 5 93460 5 93980 5 94500 6 95020 6 95539 7 96059 6 96578 7 97098 7 97617 8 98120 2 98136 8 98638 26 99158 25 99679 23 100200 21 100723 16
d6eb7ce7723e2f6dc13b90b41a29ded27dbd815bad633fdf582447c686018896,122562 3 123081 4 123601 4 124121 4 124641 5 125162 5 125682 5 126203 4 126723 4 127243 5 127764 4 128285 3
d6eb7ce7723e2f6dc13b90b41a29ded27dbd815bad633fdf582447c686018896,886 8 1406 8 1926 8 2446 8 2966 8 3486 7 4006 7 4527 6 5047 6 5568 5 6089 4 6611 1
d6eb7ce7723e2f6dc13b90b41a29ded27dbd815bad633fdf582447c686018896,57572 1 58091 2 58610 3 59129 5 59647 8 60166 9 60687 9 61207 10 61727 12 62247 13 62767 14 63287 14 63807 14 64327 14 64847 13 65366 13 65885 14 66405 14 66926 11 67450 5
d6eb7ce7723e2f6dc13b90b41a29ded27dbd815bad633fdf582447c686018896,144412 2 144930 5 145449 6 145967 7 146487 7 147007 6 147527 6 148047 5 148569 2
d6eb7ce7723e2f6dc13b90b41a29ded27dbd815bad633fdf582447c686018896,50820 2 51339 4 51856 7 52374 8 52893 8 53413 6 53934 3 54454 1
d6eb7ce7723e2f6dc13b90b41a29ded27dbd815bad633fdf582447c686018896,24818 1 25337 4 25857 5 26376 7 26895 8 27415 9 27936 9 28457 8 28978 7 29499 6 30021 4 30542 4 31064 2 31585 1
d6eb7ce7723e2f6dc13b90b41a29ded27dbd815bad633fdf582447c686018896,127266 2 127785 4 128305 4 128824 6 129343 8 129862 8 130381 9 130899 10 131418 11 131936 12 132456 11 132976 11 133496 10 134016 9 134536 9 135057 7 135577 6 136098 4 136618 3 137138 2
d6eb7ce7723e2f6dc13b90b41a29ded27dbd815bad633fdf582447c686018896,43023 1 43541 4 44060 5 44579 5 45099 5 45618 5 46140 2
d6eb7ce7723e2f6dc13b90b41a29ded27dbd815bad633fdf582447c686018896,161060 2 161579 5 162099 6 162618 7 163137 8 163657 8 164177 7 164698 6 165219 4 165739 2
d6eb7ce7723e2f6dc13b90b41a29ded27dbd815bad633fdf582447c686018896,918 3 939 10 1438 3 1459 9 1958 4 1979 9 2477 6 2498 9 2997 7 3017 10 3517 8 3534 12 4037 29 4557 29 5077 28 5597 28 6116 29 6636 28 7155 29 7675 29 8195 27 8715 26 9235 25 9755 24 10275 11 10294 3 10794 11 11314 10 11833 10 12353 10 12873 10 13392 10 13911 10 14430 11 14949 11 15469 10 15988 10 16507 10 17027 10 17548 9 18068 9 18589 8 19109 8 19631 6 20152 5 20673 4 21195 3 21716 3 22238 1 22759 1 23280 1 23801 1
d6eb7ce7723e2f6dc13b90b41a29ded27dbd815bad633fdf582447c686018896,137158 1 137677 2 138197 2 138717 2 139236 3 139755 4 140275 4 140795 4 141315 5 141834 6 142354 6 142874 6 143394 7 143915 6 144435 6 144955 6 145475 6 145995 6 146515 6 147035 5 147555 5 148075 4 148595 3 149114 3 149633 3 150152 2 150671 2
d6eb7ce7723e2f6dc13b90b41a29ded27dbd815bad633fdf582447c686018896,69561 1 70080 4 70599 6 71117 8 71637 8 72157 8 72677 8 73197 8 73719 6 74242 3 74764 1
d6eb7ce7723e2f6dc13b90b41a29ded27dbd815bad633fdf582447c686018896,116896 8 117404 4 117413 10 117923 19 118441 5 118452 9 118960 5 118973 7 119479 5 119494 6 119999 4 120015 5 120519 3 120535 5 121038 4 121055 4 121558 3 121575 4 122096 3 122617 1
d6eb7ce7723e2f6dc13b90b41a29ded27dbd815bad633fdf582447c686018896,99205 2 99723 5 100241 7 100759 9 101279 8 101799 8 102319 7 102840 5 103360 4 103881 2
d6eb7ce7723e2f6dc13b90b41a29ded27dbd815bad633fdf582447c686018896,78927 1 79447 2 79967 3 80487 4 81007 4 81526 5 82046 6 82565 7 83085 7 83605 8 84125 8 84645 8 85165 8 85685 8 86205 9 86724 10 87245 9 87766 8 88287 6 88809 4
d6eb7ce7723e2f6dc13b90b41a29ded27dbd815bad633fdf582447c686018896,137701 2 138220 4 138739 5 139259 5 139779 5 140299 6 140819 6 141339 6 141859 6 142381 3 142902 2
d6eb7ce7723e2f6dc13b90b41a29ded27dbd815bad633fdf582447c686018896,161623 2 162141 5 162661 14 163180 17 163700 17 164220 17 164743 14 165264 13 165785 12 166307 10 166828 8 167350 6 167873 3
d6eb7ce7723e2f6dc13b90b41a29ded27dbd815bad633fdf582447c686018896,147588 6 148108 8 148628 10 149147 16 149667 15 150187 14 150707 12 151227 11 151754 1
d6eb7ce7723e2f6dc13b90b41a29ded27dbd815bad633fdf582447c686018896,106519 7 107038 8 107557 9 108076 10 108595 11 109114 12 109633 13 110152 14 110672 14 111192 1 111203 3
d6eb7ce7723e2f6dc13b90b41a29ded27dbd815bad633fdf582447c686018896,124725 1 125244 2 125764 3 126284 4 126803 5 127323 6 127842 7 128362 6 128881 7 129400 8 129919 8 130438 9 130958 8 131477 9 131997 8 132517 6 133037 4
d6eb7ce7723e2f6dc13b90b41a29ded27dbd815bad633fdf582447c686018896,171532 2 172049 4 172567 5 173085 7 173604 7 174122 9 174641 9 175160 10 175680 10 176199 10 176720 8 177240 8 177761 6 178281 5 178803 2
d6eb7ce7723e2f6dc13b90b41a29ded27dbd815bad633fdf582447c686018896,157495 1 158012 4 158529 7 159047 9 159566 10 160086 10 160605 11 161125 11 161647 8 162170 5 162693 1
d6eb7ce7723e2f6dc13b90b41a29ded27dbd815bad633fdf582447c686018896,6176 7 6695 8 7214 9 7734 9 8254 9 8774 8 9294 8 9814 8 10334 8 10854 7 11374 6 11894 6 12413 6 12933 6 13453 6 13972 7 14492 6 15012 6 15532 6 16052 6 16572 6 17093 4 17614 2
d6eb7ce7723e2f6dc13b90b41a29ded27dbd815bad633fdf582447c686018896,25418 3 25937 5 26456 6 26977 5 27498 4 28020 2
d6eb7ce7723e2f6dc13b90b41a29ded27dbd815bad633fdf582447c686018896,99264 2 99782 4 100300 6 100819 7 101338 8 101858 8 102378 8 102897 9 103418 8 103946 1
d6eb7ce7723e2f6dc13b90b41a29ded27dbd815bad633fdf582447c686018896,148663 5 149182 8 149700 11 150220 12 150739 13 151260 11 151780 11 152300 11 152820 10 153340 10
d6eb7ce7723e2f6dc13b90b41a29ded27dbd815bad633fdf582447c686018896,113843 1 114344 6 114362 2 114864 21 115384 22 115904 22 116430 13 116954 7 117476 3
d6eb7ce7723e2f6dc13b90b41a29ded27dbd815bad633fdf582447c686018896,8303 2 8821 3 9340 4 9859 4 10377 6 10895 8 11412 11 11930 13 12450 13 12969 14 13488 15 14007 16 14526 17 15045 18 15564 20 16081 24 16597 29 17116 32 17637 32 18157 32 18678 32 19199 32 19720 31 20242 29 20763 29 21284 29 21805 28 22326 28 22847 28 23368 27 23889 27 24409 27 24930 9 24948 7 25451 4 25470 5 25991 4 26512 3 27033 2
d6eb7ce7723e2f6dc13b90b41a29ded27dbd815bad633fdf582447c686018896,103964 1 104480 5 104998 7 105516 9 106037 8 106558 7 107079 6 107600 5 108121 4 108642 3 109163 1 109683 1
d6eb7ce7723e2f6dc13b90b41a29ded27dbd815bad633fdf582447c686018896,158047 2 158566 3 159086 3 159605 4 160125 4 160645 4 161165 4 161685 4 162204 5 162724 5 163243 6 163762 8 164282 8 164801 9 165321 9 165840 10 166360 10 166880 10 167400 10 167920 10 168440 10 168960 10 169480 10 170001 9 170522 7 171043 6 171565 2
d6eb7ce7723e2f6dc13b90b41a29ded27dbd815bad633fdf582447c686018896,1007 4 1527 3 2046 3 2565 4 3084 4 3603 4 4123 4 4642 4 5162 4 5683 2
d6eb7ce7723e2f6dc13b90b41a29ded27dbd815bad633fdf582447c686018896,123756 4 124273 7 124791 9 125300 20 125818 22 126337 20 126857 11 127376 11 127896 10 128416 9 128936 8 129456 7 129976 6 130495 6 131014 6 131533 7 132051 9 132567 13 133086 14 133605 15 134124 17 134644 18 135163 27 135684 25 136205 6 136218 9 136726 4 136740 5 137247 2 137262 1
d6eb7ce7723e2f6dc13b90b41a29ded27dbd815bad633fdf582447c686018896,86828 5 87341 9 87857 10 88375 10 88893 10 89411 10 89930 10 90449 10 90969 10 91488 11 92009 10 92529 10 93050 9 93570 9 94090 10 94610 11 95130 12 95650 12 96170 13 96690 11
d6eb7ce7723e2f6dc13b90b41a29ded27dbd815bad633fdf582447c686018896,155997 3 156515 5 157034 6 157553 7 158072 8 158591 9 159111 9 159631 9 160150 10 160670 10 161190 10 161712 5
d6eb7ce7723e2f6dc13b90b41a29ded27dbd815bad633fdf582447c686018896,101918 2 102437 3 102957 3 103476 4 103997 3 104517 3 105037 3 105558 2 106078 2 106599 1 107119 1
d8d4bf68a76e4e4c5f21de7ac613451f7115a04db686151e78b8ec0b6a22022b,32527 1 32782 3 33037 4 33292 5 33547 6 33804 4 34062 2
d8d4bf68a76e4e4c5f21de7ac613451f7115a04db686151e78b8ec0b6a22022b,35344 4 35599 6 35854 8 36109 9 36365 9 36621 8 36877 8 37134 6 37391 4
d8d4bf68a76e4e4c5f21de7ac613451f7115a04db686151e78b8ec0b6a22022b,1090 3 1345 4 1600 6 1857 5 2113 5 2370 4 2627 1
d8d4bf68a76e4e4c5f21de7ac613451f7115a04db686151e78b8ec0b6a22022b,15428 3 15683 5 15938 7 16194 7 16450 6 16707 5 16965 1
d8d4bf68a76e4e4c5f21de7ac613451f7115a04db686151e78b8ec0b6a22022b,3910 2 4164 6 4419 8 4675 8 4931 8 5187 8 5443 7 5700 5
da6c593410340b19bb212b9f6d274f95b08c0fc8f2570cd66bc5ed42c560acab,46089 2 46600 5 47111 6 47622 7 48132 8 48642 10 49156 8 49670 6 50183 5 50696 4 51208 4 51721 3 52234 2
da6c593410340b19bb212b9f6d274f95b08c0fc8f2570cd66bc5ed42c560acab,80388 3 80898 7 81410 8 81922 9 82434 9 82946 10 83458 10 83970 11 84482 11 84994 12 85506 13 86018 14 86530 15 87042 17 87554 17 88066 16 88578 15 89090 14 89602 11 90116 5 90630 1
da6c593410340b19bb212b9f6d274f95b08c0fc8f2570cd66bc5ed42c560acab,300565 3 301075 7 301576 19 302086 23 302594 28 303106 29 303618 28 304130 26 304642 25 305154 24 305669 20 306183 17 306700 9 307215 4
da6c593410340b19bb212b9f6d274f95b08c0fc8f2570cd66bc5ed42c560acab,245809 6 245824 2 246319 20 246832 21 247346 20 247860 18 248375 13 248890 8
da6c593410340b19bb212b9f6d274f95b08c0fc8f2570cd66bc5ed42c560acab,44097 1 44607 3 45118 4 45628 6 46139 7 46649 10 47160 11 47673 10 48186 9 48699 9 49212 8 49724 8 50237 6 50749 4 51262 2 51774 1
da6c593410340b19bb212b9f6d274f95b08c0fc8f2570cd66bc5ed42c560acab,324174 2 324685 3 325196 4 325707 5 326219 5 326730 5 327242 5 327754 5 328266 4 328777 5 329289 5 329800 6 330312 5 330824 5 331335 5 331847 5 332358 6 332870 5 333381 6 333893 6 334404 6 334916 6 335428 6 335940 6 336451 6 336963 6 337475 6 337986 6 338498 6 339010 6 339521 6 340033 6 340544 6 341056 6 341567 7 342078 7 342590 6 343103 4 343615 3 344127 2
da6c593410340b19bb212b9f6d274f95b08c0fc8f2570cd66bc5ed42c560acab,21585 7 22097 7 22610 6 23122 6 23634 7 24147 6 24659 7 25172 7 25685 8 26198 13 26711 11 27223 11 27736 10 28248 9 28761 8 29273 8 29786 7 30298 7 30810 7 31323 6 31835 6 32347 6 32859 7 33371 7 33884 6 34397 5 34910 4 35423 3 35935 3 36448 2 36960 2 37473 1 37985 2 38497 2 39009 3 39521 3 40032 5 40544 6 41056 6 41568 6 42079 7 42591 8 43102 8 43614 8 44125 8 44637 8 45150 7 45663 6 46175 6 46688 5 47201 5 47713 5 48226 5 48739 4 49252 4
da6c593410340b19bb212b9f6d274f95b08c0fc8f2570cd66bc5ed42c560acab,208531 3 209033 16 209544 19 210055 27 210566 27 211077 27 211587 28 212098 29 212609 29 213120 30 213630 30 214140 22 214650 22 215161 22 215672 22 216184 21 216696 20 217208 19 217722 16 218236 14 218749 12 219262 10 219774 9 220287 7 220799 7 221312 5 221824 5 222336 5 222848 5 223360 5 223871 7 224383 7 224894 8 225405 7 225916 6 226427 5 226938 4 227448 4
da6c593410340b19bb212b9f6d274f95b08c0fc8f2570cd66bc5ed42c560acab,279765 3 280276 7 280787 15 281298 20 281809 22 282319 25 282830 26 283340 28 283850 30 284361 31 284871 33 285383 32 285894 32 286405 32 286916 31 287426 32 287937 32 288447 33 288957 34 289466 35 289976 35 290488 33 290999 32 291510 32 292021 31 292517 2 292532 31 293028 5 293042 32 293539 46 294050 45 294561 45 295072 44 295583 44 296094 43 296605 43 297117 42 297628 42 298140 41 298652 39 299164 37 299675 36 300187 34 300699 31 301210 28 301722 26 302234 23 302746 18 303257 17 303769 16 304280 16 304791 16 305303 15 305814 16 306325 16 306836 17 307347 17 307859 17 308370 18 308881 18 309393 18 309904 19 310416 18 310927 19 311438 20 311949 20 312460 21 312971 21 313482 22 313993 23 314505 22 315016 23 315528 22 316040 22 316554 19 317067 18 317580 16 318094 13 318607 10 319120 5 319633 2
da6c593410340b19bb212b9f6d274f95b08c0fc8f2570cd66bc5ed42c560acab,264844 4 265354 8 265372 1 265866 10 265882 3 266379 17 266892 14 267405 11 267918 7
da6c593410340b19bb212b9f6d274f95b08c0fc8f2570cd66bc5ed42c560acab,19612 3 20126 6 20640 6 21154 6 21668 5 22185 2
da6c593410340b19bb212b9f6d274f95b08c0fc8f2570cd66bc5ed42c560acab,183970 12 184481 15 184994 15 185506 17 186018 18 186530 20 187042 21 187554 17 188066 15 188578 13 189090 12 189602 11 190113 12 190625 11 191138 10 191652 8 192166 6 192680 4
da6c593410340b19bb212b9f6d274f95b08c0fc8f2570cd66bc5ed42c560acab,252626 2 253127 15 253634 22 254142 27 254652 28 255165 25 255678 22 256190 20 256703 17 257216 15 257730 11 258244 7
da6c593410340b19bb212b9f6d274f95b08c0fc8f2570cd66bc5ed42c560acab,238860 20 239364 29 239876 25 240388 23 240900 21 241412 20 241924 18 242436 16 242948 13 243460 11
da6c593410340b19bb212b9f6d274f95b08c0fc8f2570cd66bc5ed42c560acab,269604 3 270115 7 270626 13 271137 15 271648 16 272159 16 272670 17 273181 18 273693 18 274204 19 274715 20 275226 21 275738 22 276249 23 276762 22 277274 22 277786 23 278298 23 278810 22 279323 19 279835 9 280348 5 280861 1
da6c593410340b19bb212b9f6d274f95b08c0fc8f2570cd66bc5ed42c560acab,261988 1 262500 4 263011 7 263523 8 264007 3 264034 10 264517 5 264546 11 265027 8 265058 11 265539 8 265569 13 266050 10 266081 13 266561 12 266592 14 267072 14 267103 16 267590 9 267614 17 268104 8 268125 19 268617 9 268635 21 269130 38 269643 38 270156 37 270670 35 271184 34 271697 17 271719 11 272210 13 272234 8 272723 10 272753 1 273236 7 273749 4
da6c593410340b19bb212b9f6d274f95b08c0fc8f2570cd66bc5ed42c560acab,145235 1 145745 7 146256 10 146767 14 147277 18 147788 31 148299 33 148811 33 149323 31 149835 29 150347 28 150859 27 151371 23 151883 21 152395 19 152907 18 153419 17 153931 16 154443 16 154955 15 155467 14 155979 14 156491 13 157004 12 157516 12 158028 12 158541 10 159053 10 159566 9 160079 8 160592 7 161105 6 161619 4 162133 2
da6c593410340b19bb212b9f6d274f95b08c0fc8f2570cd66bc5ed42c560acab,852 39 1364 39 1876 40 2387 41 2899 42 3410 44 3921 46 4431 50 4943 53 5456 54 5968 56 6481 56 6993 57 7506 1 7517 47 8031 46 8545 44 9059 37 9573 32 10086 29 10599 27 11113 24 11628 13
da6c593410340b19bb212b9f6d274f95b08c0fc8f2570cd66bc5ed42c560acab,258471 1 258981 4 259492 7 260003 9 260514 12 261025 15 261536 18 262047 21 262534 4 262558 25 263045 8 263069 28 263556 12 263579 32 264068 15 264089 35 264581 57 265093 58 265606 59 266119 59 266631 60 267144 60 267657 61 268169 62 268682 62 269195 63 269707 64 270220 64 270732 64 271245 63 271757 24 271788 32 272270 21 272302 30 272783 19 272816 29 273295 17 273329 28 273808 15 273843 27 274320 13 274356 26 274833 10 274869 26 275346 8 275381 27 275861 3 275894 26 276407 26 276919 27 277432 26 277945 25 278458 25 278971 24 279483 24 279996 23 280509 22 281022 22 281535 21 282047 21 282560 21 283074 19 283590 16 284105 13 284619 12 285132 11 285645 11 286158 10 286671 10 287184 9 287696 10 288209 9 288721 9 289234 8 289747 7 290259 6 290772 5 291285 3 291797 3 292310 2
da6c593410340b19bb212b9f6d274f95b08c0fc8f2570cd66bc5ed42c560acab,140189 3 140697 7 141209 8 141721 8 142234 7 142747 6 143260 5 143775 2
da6c593410340b19bb212b9f6d274f95b08c0fc8f2570cd66bc5ed42c560acab,216514 12 217026 13 217538 13 218051 13 218564 13 219077 13 219590 13 220106 4
da6c593410340b19bb212b9f6d274f95b08c0fc8f2570cd66bc5ed42c560acab,185804 1 186314 3 186824 5 187333 8 187847 6 187871 1 188360 6 188382 3 188874 4 188894 4 189388 3 189405 6 189901 3 189916 8 190414 3 190427 10 190927 4 190937 14 191440 24 191953 24 192465 23 192978 21 193491 18 194003 17 194516 15 195028 15 195541 13 196053 12 196565 12 197078 10 197590 10 198102 9 198614 7 199126 6 199640 3
da6c593410340b19bb212b9f6d274f95b08c0fc8f2570cd66bc5ed42c560acab,171472 4 171984 7 172495 20 173007 22 173518 25 174030 27 174542 29 175054 30 175566 31 176078 32 176590 31 177102 29 177614 28 178126 26 178638 25 179151 22 179663 21 180175 20 180688 18 181200 17 181712 16 182224 2 182234 5 182748 3 183261 1
da6c593410340b19bb212b9f6d274f95b08c0fc8f2570cd66bc5ed42c560acab,206331 1 206843 5 207356 4 207868 4 208381 3 208894 2 209407 1 209919 1
dab46d798d29aff2e99c23f47ed3064f5cafb1644629b015c95a2dd2ee593bb4,60717 5 60973 6 61228 7 61484 8 61739 8 61995 8 62251 7 62508 5 62766 1
dab46d798d29aff2e99c23f47ed3064f5cafb1644629b015c95a2dd2ee593bb4,37434 3 37688 8 37943 11 38197 14 38452 15 38708 15 38964 15 39220 14 39477 11 39734 9 39991 6
dab46d798d29aff2e99c23f47ed3064f5cafb1644629b015c95a2dd2ee593bb4,61795 4 62050 7 62305 8 62560 9 62815 10 63070 10 63326 10 63582 10 63838 9 64095 8 64352 5 64610 1
dab46d798d29aff2e99c23f47ed3064f5cafb1644629b015c95a2dd2ee593bb4,21391 1 21646 4 21902 6 22158 6 22414 7 22671 7 22928 6 23186 5 23443 4
dab46d798d29aff2e99c23f47ed3064f5cafb1644629b015c95a2dd2ee593bb4,18077 4 18331 8 18586 11 18841 13 19098 13 19354 14 19611 13 19868 12 20125 12 20382 10 20639 9 20897 6
dab46d798d29aff2e99c23f47ed3064f5cafb1644629b015c95a2dd2ee593bb4,15816 4 16071 8 16326 11 16583 12 16840 11 17097 11 17355 9 17613 7
dab46d798d29aff2e99c23f47ed3064f5cafb1644629b015c95a2dd2ee593bb4,4583 5 4838 8 5094 10 5352 8 5610 7 5868 5
dab46d798d29aff2e99c23f47ed3064f5cafb1644629b015c95a2dd2ee593bb4,26610 1 26864 5 27119 7 27375 8 27632 8 27889 7 28146 6 28404 2
dab46d798d29aff2e99c23f47ed3064f5cafb1644629b015c95a2dd2ee593bb4,52470 5 52725 8 52981 9 53236 12 53493 11 53749 11 54006 10 54262 10 54519 9 54777 7 55034 6 55293 3
df40099c6306ca1f47fcc8a62e2fa39486d4e223177afdc51b2ad189691802d8,37442 1 37702 2 37962 2 38222 3 38482 3 38742 4 39002 4 39262 5 39522 5 39782 5 40042 6 40304 4 40564 4 40825 3 41086 3 41347 2 41608 1
df40099c6306ca1f47fcc8a62e2fa39486d4e223177afdc51b2ad189691802d8,59549 2 59807 4 60065 6 60325 6 60585 6 60844 6 61104 6 61362 8 61622 7 61882 6 62144 3 62404 1
df40099c6306ca1f47fcc8a62e2fa39486d4e223177afdc51b2ad189691802d8,276 16 536 16 794 18 1054 17 1314 16 1575 14 1836 11
df40099c6306ca1f47fcc8a62e2fa39486d4e223177afdc51b2ad189691802d8,30698 2 30957 7 31217 7 31476 7 31736 6 31995 7 32255 6 32516 4 32776 4 33037 2
df40099c6306ca1f47fcc8a62e2fa39486d4e223177afdc51b2ad189691802d8,48384 2 48643 4 48902 5 49161 6 49421 6 49681 7 49941 7 50200 8 50460 8 50720 8 50980 7 51240 7 51501 6 51761 5 52021 5 52282 3 52544 1
df40099c6306ca1f47fcc8a62e2fa39486d4e223177afdc51b2ad189691802d8,75161 7 75420 12 75679 15 75939 15 76199 15 76460 13 76723 8
df40099c6306ca1f47fcc8a62e2fa39486d4e223177afdc51b2ad189691802d8,10429 4 10686 6 10945 6 11205 4 11464 3
df40099c6306ca1f47fcc8a62e2fa39486d4e223177afdc51b2ad189691802d8,37989 7 38246 12 38504 14 38764 14 39023 15 39283 15 39543 14 39803 14 40063 13 40323 11 40583 10 40843 8 41104 4
df40099c6306ca1f47fcc8a62e2fa39486d4e223177afdc51b2ad189691802d8,53327 1 53331 6 53587 11 53847 12 54106 13 54366 13 54627 11 54887 9
df40099c6306ca1f47fcc8a62e2fa39486d4e223177afdc51b2ad189691802d8,87385 6 87647 5 87908 5 88169 4 88429 4 88690 3 88950 2 89211 1
df40099c6306ca1f47fcc8a62e2fa39486d4e223177afdc51b2ad189691802d8,59321 1 59580 2 59839 3 60098 5 60357 6 60616 7 60875 6 61134 3
df40099c6306ca1f47fcc8a62e2fa39486d4e223177afdc51b2ad189691802d8,28902 3 29161 5 29420 6 29680 6 29940 7 30200 7 30459 8 30719 8 30979 9 31239 9 31499 10 31760 9 32020 9 32280 8 32541 7 32802 5 33062 4
df40099c6306ca1f47fcc8a62e2fa39486d4e223177afdc51b2ad189691802d8,79084 15 79343 17 79603 18 79863 18 80124 17 80385 16 80647 14 80909 12 81171 8
df40099c6306ca1f47fcc8a62e2fa39486d4e223177afdc51b2ad189691802d8,65056 4 65314 6 65573 7 65831 8 66089 8 66347 9 66607 4
df40099c6306ca1f47fcc8a62e2fa39486d4e223177afdc51b2ad189691802d8,38538 1 38795 3 39054 4 39316 2 39576 3 39837 2 40096 4 40356 3 40614 5 40876 1
df40099c6306ca1f47fcc8a62e2fa39486d4e223177afdc51b2ad189691802d8,25015 4 25275 5 25535 7 25795 8 26055 9 26316 9 26576 11 26836 12 27097 11 27358 10 27618 10 27879 9 28140 8 28401 6
df40099c6306ca1f47fcc8a62e2fa39486d4e223177afdc51b2ad189691802d8,52838 4 53098 5 53358 4 53618 3 53877 4 54137 3 54396 3 54655 4
df40099c6306ca1f47fcc8a62e2fa39486d4e223177afdc51b2ad189691802d8,37768 2 38027 4 38286 5 38546 5 38806 4 39068 2
df40099c6306ca1f47fcc8a62e2fa39486d4e223177afdc51b2ad189691802d8,68450 2 68711 4 68971 4 69231 5 69491 5 69751 3
df40099c6306ca1f47fcc8a62e2fa39486d4e223177afdc51b2ad189691802d8,84313 5 84573 7 84833 9 85094 9 85354 10 85615 9 85875 9 86136 8 86397 7 86658 6 86920 4
df40099c6306ca1f47fcc8a62e2fa39486d4e223177afdc51b2ad189691802d8,25040 2 25299 4 25559 4 25819 4 26079 5 26339 5
df40099c6306ca1f47fcc8a62e2fa39486d4e223177afdc51b2ad189691802d8,86428 4 86686 6 86945 7 87204 8 87463 8 87722 9 87981 8 88241 5
df40099c6306ca1f47fcc8a62e2fa39486d4e223177afdc51b2ad189691802d8,69525 7 69785 8 70045 9 70305 9
df40099c6306ca1f47fcc8a62e2fa39486d4e223177afdc51b2ad189691802d8,77853 3 78112 6 78371 8 78630 10 78890 10 79150 11 79410 2 79416 5 79678 3 79939 2 80200 1
df40099c6306ca1f47fcc8a62e2fa39486d4e223177afdc51b2ad189691802d8,6873 1 7134 2 7394 5 7656 4 7916 4 8177 4 8437 4 8697 4 8957 3
df40099c6306ca1f47fcc8a62e2fa39486d4e223177afdc51b2ad189691802d8,41981 5 42239 7 42498 8 42757 9 43017 9 43277 9 43536 9 43797 8 44057 8 44317 7 44578 5 44838 5 45097 5 45357 4 45616 5 45876 4
df40099c6306ca1f47fcc8a62e2fa39486d4e223177afdc51b2ad189691802d8,19100 3 19361 3 19621 4 19882 4 20142 5 20402 6 20662 6 20921 7 21181 7 21444 1
df40099c6306ca1f47fcc8a62e2fa39486d4e223177afdc51b2ad189691802d8,83060 1 83320 2 83580 3 83840 4 84100 5 84361 5 84621 4
df40099c6306ca1f47fcc8a62e2fa39486d4e223177afdc51b2ad189691802d8,55508 3 55767 4 56025 6 56284 7 56543 8 56802 8 57061 8 57321 8 57581 7 57841 6 58101 5 58361 2
df40099c6306ca1f47fcc8a62e2fa39486d4e223177afdc51b2ad189691802d8,60969 7 61228 9 61489 6 61751 1
df40099c6306ca1f47fcc8a62e2fa39486d4e223177afdc51b2ad189691802d8,13137 6 13394 12 13653 13 13913 13 14173 13 14433 13 14693 12 14954 11 15215 9 15475 8 15736 6
df40099c6306ca1f47fcc8a62e2fa39486d4e223177afdc51b2ad189691802d8,72423 1 72682 1 72941 2 73194 2 73199 4 73455 8 73715 8 73975 8 74235 8 74496 6 74756 6 75018 4 75281 1
df40099c6306ca1f47fcc8a62e2fa39486d4e223177afdc51b2ad189691802d8,47456 3 47716 6 47976 8 48236 9 48497 9 48757 9 49018 8 49278 8 49539 6 49800 2
df40099c6306ca1f47fcc8a62e2fa39486d4e223177afdc51b2ad189691802d8,63848 6 64107 9 64366 11 64627 10 64889 8 65150 6 65410 5 65671 3 65930 3 66190 2
df40099c6306ca1f47fcc8a62e2fa39486d4e223177afdc51b2ad189691802d8,80487 4 80747 4 81007 4 81267 4 81527 4 81787 4 82048 2
df40099c6306ca1f47fcc8a62e2fa39486d4e223177afdc51b2ad189691802d8,30846 2 31103 8 31360 14 31619 16 31879 16 32140 12 32401 9 32663 6
df40099c6306ca1f47fcc8a62e2fa39486d4e223177afdc51b2ad189691802d8,34501 4 34762 3 35022 3 35282 3 35542 3 35804 2 36064 2 36325 2 36585 3 36844 5 37104 5 37362 7 37620 8 37868 5 37878 10 38128 19 38388 16 38647 14 38908 10 39169 3
df40099c6306ca1f47fcc8a62e2fa39486d4e223177afdc51b2ad189691802d8,54774 3 55030 7 55288 9 55549 4
df40099c6306ca1f47fcc8a62e2fa39486d4e223177afdc51b2ad189691802d8,64658 4 64916 7 65174 9 65432 11 65691 12 65949 14 66209 14 66468 14 66728 13 66989 10
df40099c6306ca1f47fcc8a62e2fa39486d4e223177afdc51b2ad189691802d8,76096 6 76356 6 76615 7 76874 7 77133 7 77392 7 77651 6 77910 6 78169 6 78428 5 78688 4
df40099c6306ca1f47fcc8a62e2fa39486d4e223177afdc51b2ad189691802d8,9805 1 10064 2 10324 2 10583 3 10842 4 11102 3 11361 4 11620 4 11879 5 12138 5 12398 4
df40099c6306ca1f47fcc8a62e2fa39486d4e223177afdc51b2ad189691802d8,25923 2 26181 4 26440 5 26699 6 26958 4 27217 2
df40099c6306ca1f47fcc8a62e2fa39486d4e223177afdc51b2ad189691802d8,21767 5 22022 12 22284 10 22544 10 22805 9 23065 9 23327 6
df40099c6306ca1f47fcc8a62e2fa39486d4e223177afdc51b2ad189691802d8,4098 1 4356 3 4610 7 4870 5 5130 5
df40099c6306ca1f47fcc8a62e2fa39486d4e223177afdc51b2ad189691802d8,70136 4 70395 6 70654 7 70914 7 71173 8 71433 6 71440 1 71692 5 71952 3 72212 1 72472 1
df40099c6306ca1f47fcc8a62e2fa39486d4e223177afdc51b2ad189691802d8,61569 1 61828 2 62086 4 62339 10 62597 10 62856 8 63115 7 63375 5
df40099c6306ca1f47fcc8a62e2fa39486d4e223177afdc51b2ad189691802d8,30894 3 31151 6 31407 10 31664 13 31921 15 32178 17 32437 16 32697 13 32958 6
df40099c6306ca1f47fcc8a62e2fa39486d4e223177afdc51b2ad189691802d8,52473 4 52731 6 52989 8 53250 8 53511 7 53772 5 54032 5 54293 4 54553 4 54813 4 55073 3 55332 4
df40099c6306ca1f47fcc8a62e2fa39486d4e223177afdc51b2ad189691802d8,38702 1 38961 4 39221 4 39480 5 39740 5 39999 6 40259 6 40517 7 40775 7 41033 8 41294 3
df40099c6306ca1f47fcc8a62e2fa39486d4e223177afdc51b2ad189691802d8,57167 3 57425 5 57684 6 57942 8 58200 9 58459 9 58719 8 58978 8 59238 6 59498 5 59758 3
df40099c6306ca1f47fcc8a62e2fa39486d4e223177afdc51b2ad189691802d8,46254 4 46513 7 46773 8 47032 9 47292 9 47552 9 47812 9 48072 10 48332 10 48592 10 48853 9 49113 9 49373 8 49634 6 49895 5 50156 3
df40099c6306ca1f47fcc8a62e2fa39486d4e223177afdc51b2ad189691802d8,38459 4 38719 4 38979 5 39240 4 39500 4 39760 4 40020 4 40280 2
df40099c6306ca1f47fcc8a62e2fa39486d4e223177afdc51b2ad189691802d8,52511 2 52768 6 53027 7 53285 9 53543 9 53801 6
df40099c6306ca1f47fcc8a62e2fa39486d4e223177afdc51b2ad189691802d8,32233 2 32490 5 32745 9 33003 7
df40099c6306ca1f47fcc8a62e2fa39486d4e223177afdc51b2ad189691802d8,69412 4 69670 7 69928 9 70186 11 70446 11 70706 11 70966 11 71227 8
df40099c6306ca1f47fcc8a62e2fa39486d4e223177afdc51b2ad189691802d8,20274 3 20533 3 20792 4 21052 4 21313 4 21574 3 21837 1
e17b7aedd251a016c01ef9158e6e4aa940d9f1b35942d86028dc1222192a9258,32547 3 32801 10 33056 13 33311 15 33566 16 33821 16 34077 15 34332 15 34588 14 34846 11 35103 8 35361 3
e17b7aedd251a016c01ef9158e6e4aa940d9f1b35942d86028dc1222192a9258,45878 1 46131 6 46385 9 46639 12 46894 13 47149 15 47405 15 47661 14 47917 14 48173 13 48429 13 48686 11 48943 8 49201 3
e17b7aedd251a016c01ef9158e6e4aa940d9f1b35942d86028dc1222192a9258,22594 6 22848 10 23102 13 23358 14 23613 15 23870 14 24126 14 24383 12 24641 9 24900 2
e17b7aedd251a016c01ef9158e6e4aa940d9f1b35942d86028dc1222192a9258,7268 3 7522 7 7776 11 8032 12 8288 13 8544 14 8800 15 9056 15 9313 14 9570 13 9827 11 10085 7 10344 2
e17b7aedd251a016c01ef9158e6e4aa940d9f1b35942d86028dc1222192a9258,38026 3 38281 7 38535 10 38790 11 39046 10 39301 10 39558 8 39814 7 40072 2
e17b7aedd251a016c01ef9158e6e4aa940d9f1b35942d86028dc1222192a9258,6856 5 7110 7 7364 10 7619 11 7875 11 8131 11 8387 11 8643 10 8899 9 9156 6 9413 3
eea70a7948d25a9a791dbcb39228af4ea4049fe5ebdee9c04884be8cca3da835,12459 6 12977 12 13496 15 14015 17 14534 18 15053 20 15572 21 16091 22 16610 23 17129 24 17648 24 18169 23 18690 22 19210 21 19730 20 20251 18 20772 16 21293 14 21814 11 22334 10 22854 9 23373 9 23893 8 24412 8 24931 9 25450 9 25969 10 26488 12 27006 15 27526 16 28045 18 28564 19 29083 21 29603 21 30123 21 30642 23 31162 23 31682 23 32202 23 32723 21 33243 21 33764 19 34285 17 34807 14 35328 11 35852 4
eea70a7948d25a9a791dbcb39228af4ea4049fe5ebdee9c04884be8cca3da835,64365 10 64881 17 65396 25 65915 25 66434 25 66953 25 67472 25 67991 25 68510 25 69029 25 69548 24 70067 24 70586 23 71105 22 71624 21 72143 20 72662 19 73181 17 73700 15 74219 12 74738 7
eea70a7948d25a9a791dbcb39228af4ea4049fe5ebdee9c04884be8cca3da835,47761 9 48276 17 48794 20 49312 22 49830 25 50349 25 50868 25 51387 24 51907 23 52426 22 52946 19 53466 16 53986 12 54507 5
eea70a7948d25a9a791dbcb39228af4ea4049fe5ebdee9c04884be8cca3da835,49376 2 49891 7 50408 9 50925 11 51442 13 51959 15 52477 15 52994 17 53512 17 54030 17 54548 17 55067 16 55585 16 56102 17 56619 17 57135 18 57651 19 58168 19 58686 19 59204 20 59722 20 60239 22 60757 22 61276 22 61796 20 62323 11
eea70a7948d25a9a791dbcb39228af4ea4049fe5ebdee9c04884be8cca3da835,114218 5 114735 9 115253 11 115771 13 116290 13 116809 14 117329 14 117848 14 118367 15 118887 14 119406 15 119926 14 120446 13 120965 13 121485 12 122005 12 122525 11 123046 8 123570 1
eea70a7948d25a9a791dbcb39228af4ea4049fe5ebdee9c04884be8cca3da835,571 17 1089 18 1608 18 2126 19 2645 19 3164 19 3683 20 4202 20 4722 20 5241 22 5761 23 6281 28 6801 28 7331 17 7852 15 8373 14 8892 14 9412 13 9931 13 10451 13 10970 12 11489 12 12009 11 12528 11 13047 11 13567 9 14086 9 14606 7 15127 4
eea70a7948d25a9a791dbcb39228af4ea4049fe5ebdee9c04884be8cca3da835,83634 8 84150 13 84667 16 85184 18 85701 20 86218 21 86735 23 87253 23 87770 24 88288 25 88806 24 89324 24 89843 21 90362 14 90882 6
eea70a7948d25a9a791dbcb39228af4ea4049fe5ebdee9c04884be8cca3da835,82132 2 82648 7 83165 11 83683 12 84201 14 84719 15 85238 15 85757 15 86275 15 86794 14 87313 12 87832 10 88350 10 88869 10 89388 9 89908 7 90427 7 90946 6 91465 6 91984 6 92503 6 93022 6 93541 6 94060 6 94579 6 95078 2 95097 8 95594 8 95616 8 96112 11 96134 10 96630 13 96653 11 97149 14 97171 12 97667 17 97688 15 98186 37 98704 20 98727 16 99223 17 99248 15 99741 16 99768 14 100260 15 100288 14 100778 14 100808 13 101297 12 101328 12 101817 9 101848 10 102368 9 102889 5
eea70a7948d25a9a791dbcb39228af4ea4049fe5ebdee9c04884be8cca3da835,116873 6 117391 8 117909 10 118427 12 118946 12 119464 14 119983 14 120502 14 121021 15 121540 15 122059 15 122578 15 123097 15 123616 15 124135 15 124655 13 125174 13 125693 13 126213 11 126733 9 127253 7 127773 5 128293 4
eea70a7948d25a9a791dbcb39228af4ea4049fe5ebdee9c04884be8cca3da835,52536 4 53054 7 53572 9 54091 10 54610 11 55129 11 55648 12 56167 12 56686 13 57205 13 57724 13 58244 13 58763 13 59282 13 59802 12 60321 12 60840 12 61360 11 61879 11 62399 10 62918 10 63438 8 63958 7 64478 5 64998 3
eea70a7948d25a9a791dbcb39228af4ea4049fe5ebdee9c04884be8cca3da835,128326 7 128844 9 129362 11 129881 12 130399 13
eea70a7948d25a9a791dbcb39228af4ea4049fe5ebdee9c04884be8cca3da835,11036 2 11553 7 12071 10 12590 11 13109 12 13628 13 14147 14 14667 14 15186 15 15706 14 16226 14 16746 13 17265 14 17785 13 18305 13 18824 13 19344 12 19866 9 20387 6 20908 3
eea70a7948d25a9a791dbcb39228af4ea4049fe5ebdee9c04884be8cca3da835,23490 2 24009 2 24528 2 25047 2 25565 3 26084 4 26603 4 27122 5 27641 5 28160 5 28679 4 29197 5 29717 3 30237 2
eea70a7948d25a9a791dbcb39228af4ea4049fe5ebdee9c04884be8cca3da835,114855 7 115372 11 115889 15 116407 17 116925 19 117444 20 117962 21 118481 22 119000 22 119519 23 120039 22 120558 22 121078 21 121598 19 122117 18 122638 15 123159 11 123681 5
eea70a7948d25a9a791dbcb39228af4ea4049fe5ebdee9c04884be8cca3da835,57761 4 58280 5 58338 3 58799 6 58856 6 59317 8 59375 7 59837 8 59893 10 60356 9 60412 11 60875 9 60931 13 61394 10 61450 14 61913 11 61968 16 62433 10 62487 17 62952 12 63005 19 63472 13 63491 1 63524 20 63991 23 64041 23 64511 22 64558 25 65031 22 65070 33 65550 23 65585 38 66070 22 66103 39 66590 22 66620 40 67110 23 67137 38 67629 48 68149 45 68668 22 68694 18 69188 19 69215 15 69708 17 69734 15 70229 15 70254 13 70750 12 70773 13 71271 9 71293 12 71791 7 71812 12 72311 4 72331 11 72851 10 73370 10 73890 9 74410 8 74930 7 75450 5 75970 3
eea70a7948d25a9a791dbcb39228af4ea4049fe5ebdee9c04884be8cca3da835,696 12 1214 13 1733 13 2251 14 2768 16 3287 16 3805 17 4324 17 4843 17 5361 18 5880 18 6399 18 6918 17 7437 17 7955 18 8474 17 8994 16 9513 15 10032 14 10552 12 11072 10 11592 7
eea70a7948d25a9a791dbcb39228af4ea4049fe5ebdee9c04884be8cca3da835,25616 5 26135 7 26654 8 27173 9 27692 10 28212 10 28731 11 29250 11 29770 11 30289 12 30808 12 31327 13 31847 12 32366 13 32885 13 33405 13 33925 12 34444 12 34964 11 35483 11 36003 10 36523 9 37043 8 37563 6 38083 5
eea70a7948d25a9a791dbcb39228af4ea4049fe5ebdee9c04884be8cca3da835,100888 10 101405 15 101923 17 102441 19 102960 19 103479 20 103998 21 104517 21 105037 21 105557 20 106077 19 106597 17 107117 16 107638 14 108160 10 108683 3
eea70a7948d25a9a791dbcb39228af4ea4049fe5ebdee9c04884be8cca3da835,85862 3 86379 6 86897 7 87416 8 87934 9 88453 9 88971 10 89490 10 90009 10 90528 10 91047 10 91566 10 92085 9 92604 9 93123 8 93642 7 94162 5 94682 2
eea70a7948d25a9a791dbcb39228af4ea4049fe5ebdee9c04884be8cca3da835,55783 6 56301 9 56819 12 57338 13 57856 15 58375 16 58894 16 59413 16 59932 16 60451 17 60970 17 61489 17 62008 17 62528 16 63047 15 63566 15 64085 15 64605 13 65124 12 65644 11 66164 8 66685 5
eea70a7948d25a9a791dbcb39228af4ea4049fe5ebdee9c04884be8cca3da835,98364 4 98882 6 99401 7 99920 8 100439 9 100958 10 101477 10 101996 11 102515 12 103035 11 103554 12 104073 12 104592 12 105112 11 105631 11 106151 10 106671 9 107191 7 107713 3
eea70a7948d25a9a791dbcb39228af4ea4049fe5ebdee9c04884be8cca3da835,17932 4 18449 7 18966 10 19484 11 20002 11 20519 13 21037 14 21555 14 22074 13 22592 13 23110 14 23628 14 24147 13 24666 13 25185 12 25704 12 26223 11 26742 10 27262 8 27783 2
eea70a7948d25a9a791dbcb39228af4ea4049fe5ebdee9c04884be8cca3da835,59981 7 60498 10 61015 13 61533 15 62051 16 62570 16 63088 17 63607 18 64126 18 64645 18 65164 18 65683 18 66202 18 66721 18 67240 18 67759 17 68278 17 68797 17 69316 16 69835 16 70354 16 70873 15 71392 14 71910 14 72429 13 72947 13 73465 12 73983 12 74501 12 75019 12 75538 12 76057 11 76575 12 77094 12 77613 12 78132 12 78652 12 79171 12 79690 12 80209 13 80729 12 81248 12 81768 12 82288 11 82807 11 83327 10 83847 9 84368 7 84890 1
eea70a7948d25a9a791dbcb39228af4ea4049fe5ebdee9c04884be8cca3da835,23161 2 23677 6 24194 7 24712 8 25230 9 25749 8 26267 9 26785 9 27304 9 27822 9 28341 9 28859 9 29378 8 29896 9 30414 9 30931 10 31447 12 31963 13 32481 13 33000 11 33518 11 34037 11 34556 10 35074 11 35593 11 36112 10 36631 10 37150 10 37669 10 38188 10 38707 10 39226 10 39745 9 40264 9 40783 8 41303 7 41822 6 42342 3
eea70a7948d25a9a791dbcb39228af4ea4049fe5ebdee9c04884be8cca3da835,115530 2 116048 5 116566 7 117084 9 117603 9 118121 11 118640 11 119158 13 119677 13 120195 14 120714 14 121232 15 121751 15 122270 15 122789 15 123309 14 123828 14 124348 14 124867 14 125386 14 125906 12 126425 12 126944 12 127464 11 127983 10 128502 10 129021 10 129540 10 130059 10 130579 8
eea70a7948d25a9a791dbcb39228af4ea4049fe5ebdee9c04884be8cca3da835,67798 2 68314 4 68831 6 69349 7 69867 8 70386 8 70904 9 71423 8 71941 9 72460 9 72979 9 73498 8 74017 8 74535 9 75054 9 75573 9 76092 9 76611 9 77130 9 77649 10 78169 9 78688 10 79207 11 79727 11 80246 12 80766 11 81285 12 81804 12 82323 12 82842 12 83361 12 83880 13 84399 13 84918 13 85437 14 85956 14 86475 13 86994 12 87514 11 88033 9 88553 7 89073 3
eea70a7948d25a9a791dbcb39228af4ea4049fe5ebdee9c04884be8cca3da835,54313 2 54831 4 55349 6 55868 6 56386 8 56905 8 57424 8 57943 9 58462 9 58981 9 59500 10 60019 10 60538 10 61057 10 61576 10 62094 11 62613 11 63132 11 63652 10 64171 10 64690 10 65209 10 65727 10 66253 2
eea70a7948d25a9a791dbcb39228af4ea4049fe5ebdee9c04884be8cca3da835,75606 5 76125 6 76643 8 77162 9 77680 10 78199 11 78718 11 79237 11 79756 11 80275 11 80795 10 81314 10 81833 10 82352 10 82871 10 83390 10 83909 10 84428 10 84948 8 85467 8 85987 6 86507 5 87028 1
eea70a7948d25a9a791dbcb39228af4ea4049fe5ebdee9c04884be8cca3da835,108311 4 108828 10 109346 12 109865 13 110384 14 110904 14 111423 15 111942 15 112462 15 112982 14 113502 14 114022 13 114542 12 115062 11 115583 8 116105 5
eea70a7948d25a9a791dbcb39228af4ea4049fe5ebdee9c04884be8cca3da835,74089 5 74607 7 75124 10 75642 11 76160 12 76679 12 77198 12 77717 12 78236 12 78754 13 79274 12 79793 12 80312 12 80831 12 81350 12 81870 11 82389 10 82909 8 83429 7 83950 4
eea70a7948d25a9a791dbcb39228af4ea4049fe5ebdee9c04884be8cca3da835,128079 1 128593 9 129109 13 129626 15 130144 16 130661 18
eea70a7948d25a9a791dbcb39228af4ea4049fe5ebdee9c04884be8cca3da835,7668 2 8186 4 8704 6 9222 7 9740 9 10259 9 10778 9 11297 9 11816 9 12334 10 12853 9 13372 8 13892 4
eea70a7948d25a9a791dbcb39228af4ea4049fe5ebdee9c04884be8cca3da835,57492 3 58008 10 58526 15 59044 18 59563 19 60083 18 60602 18 61121 18 61641 17 62161 15 62682 11 63205 3
eea70a7948d25a9a791dbcb39228af4ea4049fe5ebdee9c04884be8cca3da835,84495 5 85012 9 85529 12 86047 14 86564 16 87082 18 87600 19 88118 20 88636 20 89154 21 89673 20 90191 20 90710 18 91229 17 91747 16 92267 13 92786 11 93305 9 93825 6
eea70a7948d25a9a791dbcb39228af4ea4049fe5ebdee9c04884be8cca3da835,37285 1 37803 2 38321 4 38840 4 39359 4 39877 5 40397 3 40916 2
eea70a7948d25a9a791dbcb39228af4ea4049fe5ebdee9c04884be8cca3da835,117771 7 118285 14 118801 16 119318 18 119835 19 120353 18 120873 15 121394 9
eea70a7948d25a9a791dbcb39228af4ea4049fe5ebdee9c04884be8cca3da835,64830 5 65348 7 65866 9 66385 9 66903 11 67422 11 67941 12 68460 12 68979 13 69498 13 70017 13 70536 13 71055 13 71574 13 72093 13 72612 14 73131 13 73650 13 74169 13 74689 11 75208 10 75727 9 76247 7 76767 4
eea70a7948d25a9a791dbcb39228af4ea4049fe5ebdee9c04884be8cca3da835,104293 2 104810 7 105328 9 105847 11 106366 11 106885 12 107404 13 107923 13 108442 14 108961 15 109480 15 110000 15 110519 15 111039 15 111558 15 112077 16 112596 16 113116 15 113635 16 114154 16 114673 17 115192 18 115715 15 116237 14 116758 13 117278 14 117798 15 118318 14 118837 14 119357 13 119876 13 120396 12 120915 12 121435 11 121955 10 122474 10 122994 9 123514 8 124033 8 124553 7 125073 6 125593 5 126113 4 126632 4 127152 3 127672 2 128191 2 128711 1 129230 1
eea70a7948d25a9a791dbcb39228af4ea4049fe5ebdee9c04884be8cca3da835,16076 1 16594 3 17113 4 17631 6 18150 7 18669 7 19187 9 19706 8 20225 8 20744 7 21264 5 21783 4
eea70a7948d25a9a791dbcb39228af4ea4049fe5ebdee9c04884be8cca3da835,85115 1 85633 2 86152 2 86669 4 87188 4 87706 5 88224 6 88742 7 89260 8 89778 9 90297 9 90816 9 91335 9 91854 9 92374 8 92893 8 93412 8 93932 7 94453 5 94973 4
f0d0ab13ff53adc3c4d57e95a5f83d80b06f2cbc0bf002b52cf7b496612e0ce4,320869 3 321388 5 321906 9 322425 11 322944 13 323464 15 323983 17 324502 19 325022 20 325542 20 326061 22 326581 22 327100 23 327620 23 328140 24 328660 24 329180 24 329700 24 330220 24 330740 24 331260 24 331780 23 332300 23 332821 22 333341 22 333861 22 334381 22 334902 21 335422 21 335942 21 336463 19 336983 19 337503 19 338024 18 338544 18 339064 18 339585 17 340105 17 340625 16 341146 15 341666 15 342186 15 342707 14 343227 13 343748 12 344268 12 344789 10 345310 9 345831 7
f0d0ab13ff53adc3c4d57e95a5f83d80b06f2cbc0bf002b52cf7b496612e0ce4,63513 1 64031 4 64551 4 65070 6 65590 7 66110 8 66631 8 67151 9 67671 10 68192 10 68712 12 69233 24 69753 25 70273 26 70794 27 71314 28 71835 28 72355 29 72876 29 73396 29 73917 29 74437 30 74958 29 75479 29 75999 29 76520 29 77041 29 77562 28 78082 28 78603 28 79124 27 79644 28 80165 27 80686 26 81207 25 81728 24 82249 23 82770 21 83291 19 83813 17 84334 15 84857 10 85382 1
f0d0ab13ff53adc3c4d57e95a5f83d80b06f2cbc0bf002b52cf7b496612e0ce4,250760 5 251274 14 251791 18 252310 20 252827 23 253345 25 253864 26 254381 29 254899 31 255416 33 255934 34 256453 35 256971 37 257490 37 258009 37 258527 38 259046 38 259565 38 260084 38 260603 37 261123 36 261642 35 262162 33 262681 33 263201 29 263721 27 264241 25 264763 18 265284 15 265806 8
f0d0ab13ff53adc3c4d57e95a5f83d80b06f2cbc0bf002b52cf7b496612e0ce4,245122 1 245642 1 246162 1 246682 1 247201 2 247720 3 248239 4 248758 4 249277 5 249796 5 250315 5 250834 5 251352 7 251871 7 252390 7 252907 10 253425 12 253945 12 254466 10 254987 8 255508 7 256029 5 256550 2
f0d0ab13ff53adc3c4d57e95a5f83d80b06f2cbc0bf002b52cf7b496612e0ce4,222793 1 223313 1 223832 2 224352 2 224871 3 225390 3 225910 3 226429 4 226948 4 227467 5 227985 7 228505 6 229024 7 229543 8 230062 8 230581 9 231100 9 231619 10 232138 10 232658 10 233177 10 233697 9 234217 9 234737 8 235257 7 235776 7 236295 5
f0d0ab13ff53adc3c4d57e95a5f83d80b06f2cbc0bf002b52cf7b496612e0ce4,202526 2 203045 5 203564 6 204083 8 204602 9 205121 11 205640 12 206159 13 206678 13 207198 13 207718 13 208238 12 208758 12 209278 12 209798 12 210319 10 210839 10 211359 9 211880 8 212400 7 212920 7 213440 6 213960 5 214480 5 215000 4 215520 3 216040 2
f0d0ab13ff53adc3c4d57e95a5f83d80b06f2cbc0bf002b52cf7b496612e0ce4,277956 1 278461 4 278475 1 278980 16 279500 16 280019 17 280538 18 281058 18 281578 18 282099 17 282620 16 283142 14 283664 12 284186 1
f0d0ab13ff53adc3c4d57e95a5f83d80b06f2cbc0bf002b52cf7b496612e0ce4,301344 1 301863 2 302382 3 302902 4 302931 1 303422 4 303451 1 303941 5 303971 1 304461 5 304490 2 304981 6 305010 2 305501 6 305530 2 306021 7 306049 3 306541 8 306568 3 307061 9 307087 4 307582 9 307606 4 308102 11 308125 5 308622 13 308644 5 309142 27 309662 26 310182 25 310702 24 311222 23 311743 21 312263 20 312784 18 313304 17 313824 16 314345 14 314865 13 315386 11 315907 9 316428 7 316950 3
f0d0ab13ff53adc3c4d57e95a5f83d80b06f2cbc0bf002b52cf7b496612e0ce4,818 16 1338 15 1858 15 2378 14 2897 14 3416 15 3935 15 4453 16 4971 17 5487 20 6005 22 6524 22 7042 24 7561 24 8080 25 8600 24 9119 24 9638 25 10158 24 10677 24 11197 23 11716 24 12236 23 12755 23 13275 22 13794 22 14314 21 14834 19 15354 18 15874 17 16394 15 16914 14 17435 11 17955 10 18476 6
f0d0ab13ff53adc3c4d57e95a5f83d80b06f2cbc0bf002b52cf7b496612e0ce4,265492 3 266009 7 266528 8 267048 8 267567 10 268086 11 268606 11 269125 12 269644 12 270164 12 270683 12 271203 11 271722 10 272242 7 272761 5 273281 2 273800 2 274320 1
f0d0ab13ff53adc3c4d57e95a5f83d80b06f2cbc0bf002b52cf7b496612e0ce4,225477 1 225995 5 226513 7 227033 8 227552 9 228071 10 228590 11 229110 12 229629 13 230148 14 230667 15 231187 15 231706 17 232225 18 232745 17 233265 17 233784 18 234304 18 234824 18 235343 18 235863 18 236383 18 236903 18 237424 17 237946 15 238467 14 238988 13 239509 12 240030 11 240551 10 241072 9 241593 8 242113 8 242633 7 243153 7 243674 6 244194 6 244714 6 245234 5 245754 5 246274 5 246794 5 247314 5 247834 4 248354 3 248873 4 249393 4 249913 3 250433 2 250953 2 251472 3 251992 2 252512 2 253031 2 253551 1
f0d0ab13ff53adc3c4d57e95a5f83d80b06f2cbc0bf002b52cf7b496612e0ce4,295736 12 296255 15 296774 19 297294 22 297814 23 298334 24 298855 24 299375 25 299896 26 300416 27 300937 27 300974 6 301457 46 301978 46 302498 47 303019 47 303539 48 304061 46 304583 45 305104 45 305627 43 306150 40 306672 38 307194 35 307716 32 308237 29 308759 26 309280 24 309802 21 310325 18 310846 16 311369 13 311894 7 312416 5
f0d0ab13ff53adc3c4d57e95a5f83d80b06f2cbc0bf002b52cf7b496612e0ce4,159536 6 160048 18 160566 22 161085 24 161604 26 162123 27 162643 28 163162 29 163682 29 164203 28 164723 29 165244 28 165764 28 166285 28 166806 27 167326 27 167847 26 168367 26 168888 24 169408 24 169929 22 170449 22 170970 20 171491 16 172012 11 172534 8
f0d0ab13ff53adc3c4d57e95a5f83d80b06f2cbc0bf002b52cf7b496612e0ce4,171537 4 172057 6 172577 9 173097 10 173617 11 174137 12 174656 13 175176 13 175695 15 176215 15 176734 16 177254 16 177773 17 178293 17 178813 16 179333 16 179853 15 180373 11 180895 8
f0d0ab13ff53adc3c4d57e95a5f83d80b06f2cbc0bf002b52cf7b496612e0ce4,322344 8 322862 12 323381 14 323900 15 324419 17 324939 17 325460 17 325980 17 326500 18 327021 18 327541 18 328061 19 328581 19 329102 17 329623 15 330144 12 330665 10 331187 6
f0d0ab13ff53adc3c4d57e95a5f83d80b06f2cbc0bf002b52cf7b496612e0ce4,24948 1 25464 8 25981 11 26500 12 27019 12 27538 12 28057 13 28577 12 29096 13 29616 13 30135 14 30655 14 31176 13 31696 13 32217 12 32737 12 33258 12 33779 11 34300 11 34820 12 35341 11 35863 10 36384 10 36907 6
f0d0ab13ff53adc3c4d57e95a5f83d80b06f2cbc0bf002b52cf7b496612e0ce4,108158 2 108677 3 109194 6 109713 7 110231 9 110750 10 111269 11 111789 11 112308 12 112828 12 113347 13 113867 13 114387 13 114906 14 115426 14 115947 13 116467 13 116987 13 117508 12 118028 12 118548 12 119069 11 119589 11 120110 10 120631 9 121152 8 121673 7 122196 4 122718 2
f5effed21f671bbf4551ecebb7fe95f3be1cf09c16a60afe64d2f0b95be9d1eb,210434 3 210946 4 211458 4 211970 5 212482 5 212994 6 213506 6 214018 7 214530 8 215042 10 215554 12 216066 13 216578 14 217090 16 217602 18 218114 20 218626 23 219138 24 219650 25 220162 27 220674 27 221186 28 221698 29 222210 30 222722 31 223236 30 223750 29 224263 29 224777 28 225291 27 225808 23 226324 19 226839 17 227353 16 227866 17 228379 18 228892 19 229404 19 229917 20 230429 22 230941 29 231453 30 231965 31 232477 32 232989 33 233501 34 234013 31 234524 30 235038 27 235556 20 236071 15 236590 1
f5effed21f671bbf4551ecebb7fe95f3be1cf09c16a60afe64d2f0b95be9d1eb,258055 1 258565 9 259074 15 259586 19 260098 21 260610 23 261122 24 261634 26 262146 29 262658 31 263170 33 263682 34 264194 35 264706 36 265220 35 265734 34 266248 33 266765 29 267280 27 267796 24 268310 23 268824 22 269337 21 269851 20 270364 20 270882 15 271397 11 271913 6
f5effed21f671bbf4551ecebb7fe95f3be1cf09c16a60afe64d2f0b95be9d1eb,199207 1 199718 3 200228 7 200740 9 201254 8 201768 8 202282 8 202795 8 203309 7 203822 7 204335 7 204849 5 205366 1
f5effed21f671bbf4551ecebb7fe95f3be1cf09c16a60afe64d2f0b95be9d1eb,213052 3 213565 3 214079 3 214593 2 215105 3 215618 3 216131 3 216643 4 217156 5 217668 6 218180 5 218692 4 219204 1
f5effed21f671bbf4551ecebb7fe95f3be1cf09c16a60afe64d2f0b95be9d1eb,260158 5 260670 8 261182 10 261695 11 262207 13 262720 14 263234 14 263747 16 264261 16 264775 16 265288 18 265802 17 266316 17 266830 17 267344 17 267857 20 268371 23 268885 24 269399 25 269913 25 270427 26 270942 25 271456 25 271974 22 272497 12 273012 9
f5effed21f671bbf4551ecebb7fe95f3be1cf09c16a60afe64d2f0b95be9d1eb,139901 7 140410 9 140920 10 141430 12 141940 13 142451 13 142962 13 143472 14 143983 14 144493 16 145003 17 145513 18 146024 19 146537 17 147052 13 147571 6 148085 3 148598 2 149111 1 149623 1
f5effed21f671bbf4551ecebb7fe95f3be1cf09c16a60afe64d2f0b95be9d1eb,152199 2 152709 2 153211 1 153218 3 153723 9 154236 5 154749 2
f5effed21f671bbf4551ecebb7fe95f3be1cf09c16a60afe64d2f0b95be9d1eb,167586 1 168096 2 168605 4 169116 4 169626 5 170135 7 170645 8 171155 9 171664 5
f5effed21f671bbf4551ecebb7fe95f3be1cf09c16a60afe64d2f0b95be9d1eb,207550 4 208059 8 208569 10 209079 13 209589 15 210099 18 210609 20 211120 22 211631 24 212142 26 212652 30 213163 32 213674 34 214186 35 214698 37 215210 38 215722 40 216234 41 216746 42 217258 44 217770 45 218282 45 218794 44 219306 44 219818 43 220330 42 220842 37 221353 32 221865 28 222377 24 222890 21 223404 18 223917 10 224430 7 224942 6 225455 5 225967 4 226479 4 226991 4 227503 4 228015 4 228526 5 229038 5 229549 7 230047 1 230061 7 230557 5 230571 10 231066 29 231102 2 231572 44 232085 43 232597 43 233110 43 233622 43 234134 43 234647 43 235159 43 235672 43 236186 43 236699 4 236710 33 237212 1 237227 30 237747 6
f5effed21f671bbf4551ecebb7fe95f3be1cf09c16a60afe64d2f0b95be9d1eb,255166 5 255670 13 256184 12 256698 10 257213 8 257728 5 258242 4 258757 3 259271 7 259785 2
fac507fa4d1649e8b24c195d990f1fc3ca3633d917839e1751a9d412a14ab5e3,50690 1 50946 1 51202 2 51458 3 51714 3 51970 4 52226 4 52482 4 52738 4 52994 4 53250 4 53506 5 53762 5 54018 5 54274 6 54530 6 54786 6 55043 5 55302 1
fac507fa4d1649e8b24c195d990f1fc3ca3633d917839e1751a9d412a14ab5e3,24072 6 24326 9 24580 11 24835 11 25092 10 25349 8 25606 5 25863 3 26119 1
fac507fa4d1649e8b24c195d990f1fc3ca3633d917839e1751a9d412a14ab5e3,32549 3 32805 5 33061 5 33317 5 33573 5 33829 5
fac507fa4d1649e8b24c195d990f1fc3ca3633d917839e1751a9d412a14ab5e3,47401 3 47656 6 47912 7 48168 7 48424 8 48680 8 48937 7 49194 4
fac507fa4d1649e8b24c195d990f1fc3ca3633d917839e1751a9d412a14ab5e3,17200 1 17450 7 17706 7 17962 6 18218 6 18474 6 18731 4 18988 3
fac507fa4d1649e8b24c195d990f1fc3ca3633d917839e1751a9d412a14ab5e3,39497 2 39751 6 40006 14 40263 16 40520 15 40778 13 41036 10 41295 6 41554 1
fac507fa4d1649e8b24c195d990f1fc3ca3633d917839e1751a9d412a14ab5e3,59465 3 59720 5 59976 6 60232 6 60488 6 60743 7 60999 6 61255 5 61512 2
fac507fa4d1649e8b24c195d990f1fc3ca3633d917839e1751a9d412a14ab5e3,56929 3 57183 6 57438 8 57694 8 57950 7 58206 6 58464 2
fac507fa4d1649e8b24c195d990f1fc3ca3633d917839e1751a9d412a14ab5e3,43627 4 43882 6 44138 6 44395 6 44651 6 44908 6 45165 5 45421 4 45678 3
fac507fa4d1649e8b24c195d990f1fc3ca3633d917839e1751a9d412a14ab5e3,47999 1 48251 5 48509 4 48766 4 49022 4 49278 4 49533 5 49790 4 50047 3 50304 2 50560 3 50816 2
fac507fa4d1649e8b24c195d990f1fc3ca3633d917839e1751a9d412a14ab5e3,62595 4 62851 5 63107 6 63363 6 63619 6 63875 6 64131 5 64388 3
fac507fa4d1649e8b24c195d990f1fc3ca3633d917839e1751a9d412a14ab5e3,16877 2 17133 2 17389 2 17644 3 17899 4 18155 4 18411 4 18668 4
fac507fa4d1649e8b24c195d990f1fc3ca3633d917839e1751a9d412a14ab5e3,63484 4 63739 5 63994 6 64250 6 64506 6 64762 6 65018 6 65274 6
fe9adb627a6f45747c5a8223b671774791ededf9364f6544be487c540107fa4f,5638 7 5894 12 6151 10 6409 5
fe9adb627a6f45747c5a8223b671774791ededf9364f6544be487c540107fa4f,32013 1 32268 4 32524 4 32781 4 33038 4 33295 3 33551 3 33807 5 34063 7 34319 8 34581 3
fe9adb627a6f45747c5a8223b671774791ededf9364f6544be487c540107fa4f,17172 3 17427 5 17682 6 17937 7 18192 8 18447 8 18704 6 18961 4 19218 2
fe9adb627a6f45747c5a8223b671774791ededf9364f6544be487c540107fa4f,49169 4 49424 6 49680 7 49935 9 50192 8 50448 7 50704 7 50961 5 51218 4 51475 2
fe9adb627a6f45747c5a8223b671774791ededf9364f6544be487c540107fa4f,285 8 541 8 796 9 1050 11 1306 11 1561 12 1818 10 2074 10 2331 9
fe9adb627a6f45747c5a8223b671774791ededf9364f6544be487c540107fa4f,35362 1 35616 6 35872 6 36128 5 36385 3
fe9adb627a6f45747c5a8223b671774791ededf9364f6544be487c540107fa4f,18472 4 18727 6 18982 8 19237 9 19493 9 19748 10 20004 9 20261 8 20518 6 20775 3
fe9adb627a6f45747c5a8223b671774791ededf9364f6544be487c540107fa4f,43557 4 43812 6 44067 8 44323 8 44580 7 44837 5 45095 2
fe9adb627a6f45747c5a8223b671774791ededf9364f6544be487c540107fa4f,57893 3 58148 5 58404 6 58660 6 58916 4 59172 3 59428 2
fe9adb627a6f45747c5a8223b671774791ededf9364f6544be487c540107fa4f,37935 3 38190 6 38446 7 38701 9 38957 10 39213 10 39470 9 39727 8 39984 6 40242 2
fe9adb627a6f45747c5a8223b671774791ededf9364f6544be487c540107fa4f,22323 3 22578 5 22833 6 23089 6 23344 6 23600 5 23858 1
fe9adb627a6f45747c5a8223b671774791ededf9364f6544be487c540107fa4f,7733 3 7988 5 8243 7 8499 8 8755 9 9012 8 9268 9 9525 8 9782 6 10039 4 10297 1
fe9adb627a6f45747c5a8223b671774791ededf9364f6544be487c540107fa4f,28984 2 29239 5 29494 8 29750 9 30006 10 30262 10 30517 11 30774 11 31030 11 31287 10 31544 8 31802 5
fe9adb627a6f45747c5a8223b671774791ededf9364f6544be487c540107fa4f,51264 3 51519 5 51775 6 52030 8 52286 8 52543 7 52800 5
fe9adb627a6f45747c5a8223b671774791ededf9364f6544be487c540107fa4f,17216 2 17471 4 17727 5 17983 6 18239 6 18496 6 18752 6 19009 5 19266 4 19523 2
fe9adb627a6f45747c5a8223b671774791ededf9364f6544be487c540107fa4f,3400 2 3655 4 3910 6 4167 5 4423 4 4681 1
fe9adb627a6f45747c5a8223b671774791ededf9364f6544be487c540107fa4f,9038 1 9292 4 9548 5 9803 6 10058 7 10314 7 10569 8 10825 7 11081 6 11337 6 11594 4 11851 1
fe9adb627a6f45747c5a8223b671774791ededf9364f6544be487c540107fa4f,24913 4 25168 5 25424 6 25680 6 25937 5 26194 4 26451 2
fe9adb627a6f45747c5a8223b671774791ededf9364f6544be487c540107fa4f,9058 3 9312 6 9566 8 9821 10 10076 11 10332 10 10587 11 10843 10 11099 9 11356 6 11613 2
fe9adb627a6f45747c5a8223b671774791ededf9364f6544be487c540107fa4f,14694 6 14948 8 15203 10 15458 11 15714 11 15969 11 16225 10 16482 8 16739 6 16996 3
fe9adb627a6f45747c5a8223b671774791ededf9364f6544be487c540107fa4f,33124 3 33378 6 33634 6 33889 7 34145 8 34402 6 34658 6 34915 5 35172 3
fe9adb627a6f45747c5a8223b671774791ededf9364f6544be487c540107fa4f,23150 2 23403 7 23658 9 23913 10 24169 10 24426 9 24683 7 24940 4
fe9adb627a6f45747c5a8223b671774791ededf9364f6544be487c540107fa4f,46191 5 46446 6 46703 6 46961 4 47219 2 47475 2 47731 2
fe9adb627a6f45747c5a8223b671774791ededf9364f6544be487c540107fa4f,56945 1 57201 4 57456 5 57711 6 57967 5
fe9adb627a6f45747c5a8223b671774791ededf9364f6544be487c540107fa4f,30845 3 31100 5 31356 6 31612 7 31869 6 32125 6 32382 4 32639 2
fe9adb627a6f45747c5a8223b671774791ededf9364f6544be487c540107fa4f,5253 1 5508 3 5764 4 6019 5 6274 6 6527 9 6783 9 7044 4
fe9adb627a6f45747c5a8223b671774791ededf9364f6544be487c540107fa4f,57752 7 58007 9 58262 11 58517 13 58772 15 59028 15 59284 15 59540 15 59797 14 60053 13 60310 12 60568 9 60826 6 61084 4 61341 2
fe9adb627a6f45747c5a8223b671774791ededf9364f6544be487c540107fa4f,21912 2 22167 4 22422 7 22678 7 22934 8 23191 8 23447 8 23704 7 23960 7 24217 5 24475 2
fe9adb627a6f45747c5a8223b671774791ededf9364f6544be487c540107fa4f,39328 4 39582 7 39836 10 40091 12 40346 14 40602 14 40857 16 41112 17 41368 17 41624 17 41880 16 42137 15 42393 14 42650 12 42908 8 43167 3
fe9adb627a6f45747c5a8223b671774791ededf9364f6544be487c540107fa4f,31398 4 31651 8 31906 9 32162 8 32419 5
fe9adb627a6f45747c5a8223b671774791ededf9364f6544be487c540107fa4f,10930 1 11184 5 11441 5 11698 5 11955 4 12213 1
fe9adb627a6f45747c5a8223b671774791ededf9364f6544be487c540107fa4f,31188 2 31442 5 31697 7 31952 8 32208 8 32464 8 32721 6 32979 2
fe9adb627a6f45747c5a8223b671774791ededf9364f6544be487c540107fa4f,16090 3 16345 4 16600 6 16856 7 17112 6 17369 4
fe9adb627a6f45747c5a8223b671774791ededf9364f6544be487c540107fa4f,27611 3 27866 5 28122 5 28377 6 28633 5 28890 3
fe9adb627a6f45747c5a8223b671774791ededf9364f6544be487c540107fa4f,42206 2 42460 5 42716 6 42971 8 43228 7 43484 8 43741 8 43997 8 44254 7 44511 6 44768 4
fe9adb627a6f45747c5a8223b671774791ededf9364f6544be487c540107fa4f,21735 3 21991 5 22247 6 22504 5 22761 5 23017 4 23274 3 23532 1
fe9adb627a6f45747c5a8223b671774791ededf9364f6544be487c540107fa4f,8442 6 8695 7 8948 8 9203 6 9458 3 9713 1
